datetime,close,high,low,open
2026-05-28 00:00:00,1.163061261,1.163196445,1.162925959,1.162925959
2026-05-28 00:15:00,1.162520409,1.163331747,1.162520409,1.163061261
2026-05-28 00:30:00,1.162520409,1.162655592,1.162385225,1.162520409
2026-05-28 00:45:00,1.162115097,1.162520409,1.161980033,1.162520409
2026-05-28 01:00:00,1.162385225,1.162385225,1.161980033,1.161980033
2026-05-28 01:15:00,1.162655592,1.162655592,1.162385225,1.162385225
2026-05-28 01:30:00,1.162385225,1.162520409,1.162385225,1.162520409
2026-05-28 01:45:00,1.162520409,1.162520409,1.162115097,1.162250042
2026-05-28 02:00:00,1.162385225,1.162385225,1.162115097,1.162385225
2026-05-28 02:15:00,1.162250042,1.162385225,1.162250042,1.162385225
2026-05-28 02:30:00,1.161980033,1.162250042,1.161980033,1.162250042
2026-05-28 02:45:00,1.161305308,1.161710024,1.161305308,1.161575079
2026-05-28 03:00:00,1.161575079,1.161575079,1.161305308,1.161440134
2026-05-28 03:15:00,1.161710024,1.161844969,1.161575079,1.161575079
2026-05-28 03:30:00,1.161575079,1.161844969,1.161575079,1.161844969
2026-05-28 03:45:00,1.161575079,1.161575079,1.161440134,1.161440134
2026-05-28 04:00:00,1.160900831,1.161710024,1.160900831,1.161575079
2026-05-28 04:15:00,1.160496712,1.160900831,1.160496712,1.160900831
2026-05-28 04:30:00,1.15955472,1.160362005,1.15955472,1.160362005
2026-05-28 04:45:00,1.159151554,1.159823656,1.159151554,1.159689188
2026-05-28 05:00:00,1.159420252,1.159420252,1.159017205,1.159151554
2026-05-28 05:15:00,1.159151554,1.15955472,1.159151554,1.159420252
2026-05-28 05:30:00,1.159420252,1.15955472,1.159151554,1.159151554
2026-05-28 05:45:00,1.15955472,1.15955472,1.159420252,1.15955472
2026-05-28 06:00:00,1.159420252,1.15955472,1.159285784,1.15955472
2026-05-28 06:15:00,1.159823656,1.159823656,1.159420252,1.159420252
2026-05-28 06:30:00,1.160227418,1.160362005,1.159958243,1.159958243
2026-05-28 06:45:00,1.160227418,1.160496712,1.160227418,1.160362005
2026-05-28 07:00:00,1.160766125,1.160766125,1.160227418,1.160227418
2026-05-28 07:15:00,1.161035657,1.161305308,1.160631418,1.160766125
2026-05-28 07:30:00,1.160900831,1.161305308,1.160900831,1.160900831
2026-05-28 07:45:00,1.161440134,1.161575079,1.160900831,1.161035657
2026-05-28 08:00:00,1.162115097,1.162115097,1.161575079,1.161575079
2026-05-28 08:15:00,1.161575079,1.161844969,1.161575079,1.161844969
2026-05-28 08:30:00,1.161575079,1.161710024,1.161440134,1.161710024
2026-05-28 08:45:00,1.161440134,1.161710024,1.161440134,1.161575079
2026-05-28 09:00:00,1.161305308,1.161844969,1.161305308,1.161575079
2026-05-28 09:15:00,1.161305308,1.161440134,1.161035657,1.161305308
2026-05-28 09:30:00,1.161440134,1.161440134,1.161305308,1.161305308
2026-05-28 09:45:00,1.161980033,1.161980033,1.161440134,1.161440134
2026-05-28 10:00:00,1.162115097,1.162115097,1.161844969,1.161980033
2026-05-28 10:15:00,1.162115097,1.162250042,1.161980033,1.162115097
2026-05-28 10:30:00,1.161980033,1.162115097,1.161844969,1.162115097
2026-05-28 10:45:00,1.161575079,1.162115097,1.161575079,1.161844969
2026-05-28 11:00:00,1.161575079,1.161710024,1.161305308,1.161710024
2026-05-28 11:15:00,1.161710024,1.161844969,1.161305308,1.161710024
2026-05-28 11:30:00,1.160900831,1.161844969,1.160900831,1.161710024
2026-05-28 11:45:00,1.160766125,1.161305308,1.160766125,1.161170483
2026-05-28 12:00:00,1.161035657,1.161170483,1.160766125,1.160766125
2026-05-28 12:15:00,1.161440134,1.161440134,1.161170483,1.161170483
2026-05-28 12:30:00,1.161575079,1.161575079,1.161170483,1.161305308
2026-05-28 12:45:00,1.162115097,1.162520409,1.161440134,1.161440134
2026-05-28 13:00:00,1.162250042,1.162250042,1.161980033,1.162115097
2026-05-28 13:15:00,1.162790656,1.162790656,1.162250042,1.162250042
2026-05-28 13:30:00,1.163602591,1.163737893,1.163061261,1.163061261
2026-05-28 13:45:00,1.164008856,1.164008856,1.163602591,1.163737893
2026-05-28 14:00:00,1.163602591,1.164551139,1.163602591,1.164144278
2026-05-28 14:15:00,1.163737893,1.163873315,1.163602591,1.163602591
2026-05-28 14:30:00,1.164144278,1.164144278,1.163602591,1.163602591
2026-05-28 14:45:00,1.163331747,1.164144278,1.163331747,1.164144278
2026-05-28 15:00:00,1.16509378,1.16509378,1.163061261,1.163196445
2026-05-28 15:15:00,1.165637016,1.166044831,1.164958119,1.164958119
2026-05-28 15:30:00,1.165365338,1.166044831,1.16509378,1.166044831
2026-05-28 15:45:00,1.164958119,1.165908813,1.16468668,1.165772915
2026-05-28 16:00:00,1.165637016,1.165772915,1.165365338,1.165365338
2026-05-28 16:15:00,1.165637016,1.165772915,1.165501237,1.165637016
2026-05-28 16:30:00,1.165501237,1.165908813,1.165365338,1.165637016
2026-05-28 16:45:00,1.165229559,1.165637016,1.165229559,1.165365338
2026-05-28 17:00:00,1.165365338,1.165501237,1.164958119,1.165229559
2026-05-28 17:15:00,1.166044831,1.166316748,1.165501237,1.165501237
2026-05-28 17:30:00,1.166044831,1.166316748,1.165772915,1.166044831
2026-05-28 17:45:00,1.166044831,1.16618073,1.165772915,1.166044831
2026-05-28 18:00:00,1.165908813,1.166044831,1.165637016,1.166044831
2026-05-28 18:15:00,1.165501237,1.165772915,1.165501237,1.165772915
2026-05-28 18:30:00,1.165501237,1.165772915,1.165501237,1.165501237
2026-05-28 18:45:00,1.165772915,1.165772915,1.165501237,1.165501237
2026-05-28 19:00:00,1.165501237,1.165772915,1.165365338,1.165637016
2026-05-28 19:15:00,1.165229559,1.165637016,1.165229559,1.165637016
2026-05-28 19:30:00,1.16509378,1.165229559,1.164958119,1.165229559
2026-05-28 19:45:00,1.16509378,1.165365338,1.16509378,1.16509378
2026-05-28 20:00:00,1.16509378,1.165229559,1.16509378,1.16509378
2026-05-28 20:15:00,1.165229559,1.165229559,1.16509378,1.16509378
2026-05-28 20:30:00,1.165365338,1.165501237,1.165365338,1.165365338
2026-05-28 20:45:00,1.16509378,1.165501237,1.16509378,1.165365338
2026-05-28 21:00:00,1.16509378,1.16509378,1.16482234,1.164958119
2026-05-28 21:15:00,1.164958119,1.16509378,1.164958119,1.16509378
2026-05-28 21:30:00,1.16509378,1.16509378,1.164958119,1.164958119
2026-05-28 21:45:00,1.165365338,1.165365338,1.16509378,1.16509378
2026-05-28 22:00:00,1.165365338,1.165637016,1.165229559,1.165365338
2026-05-28 22:15:00,1.165365338,1.165501237,1.16509378,1.165365338
2026-05-28 22:30:00,1.165637016,1.165637016,1.165229559,1.165229559
2026-05-28 22:45:00,1.165365338,1.165637016,1.16509378,1.165501237
2026-05-28 23:00:00,1.165501237,1.165637016,1.165365338,1.165501237
2026-05-28 23:15:00,1.165501237,1.165501237,1.165501237,1.165501237
2026-05-28 23:30:00,1.165365338,1.165501237,1.165365338,1.165365338
2026-05-28 23:45:00,1.165365338,1.165501237,1.165365338,1.165365338
2026-05-29 00:00:00,1.165501237,1.165637016,1.165365338,1.165365338
2026-05-29 00:15:00,1.165501237,1.165501237,1.165501237,1.165501237
2026-05-29 00:30:00,1.165501237,1.165501237,1.165365338,1.165501237
2026-05-29 00:45:00,1.165637016,1.165637016,1.165501237,1.165501237
2026-05-29 01:00:00,1.165637016,1.165772915,1.165637016,1.165637016
2026-05-29 01:15:00,1.165772915,1.165908813,1.165637016,1.165637016
2026-05-29 01:30:00,1.165501237,1.165637016,1.165365338,1.165637016
2026-05-29 01:45:00,1.165229559,1.165501237,1.16509378,1.165501237
2026-05-29 02:00:00,1.165908813,1.165908813,1.16509378,1.165229559
2026-05-29 02:15:00,1.165772915,1.166044831,1.165772915,1.165908813
2026-05-29 02:30:00,1.165365338,1.165772915,1.165365338,1.165772915
2026-05-29 02:45:00,1.16482234,1.165229559,1.16468668,1.165229559
2026-05-29 03:00:00,1.16509378,1.16509378,1.16482234,1.164958119
2026-05-29 03:15:00,1.164958119,1.16509378,1.164958119,1.16509378
2026-05-29 03:30:00,1.165229559,1.165229559,1.164958119,1.164958119
2026-05-29 03:45:00,1.16482234,1.165365338,1.16482234,1.165365338
2026-05-29 04:00:00,1.164415479,1.16482234,1.164415479,1.16482234
2026-05-29 04:15:00,1.164415479,1.164415479,1.164415479,1.164415479
2026-05-29 04:30:00,1.164144278,1.164551139,1.164008856,1.164551139
2026-05-29 04:45:00,1.164008856,1.164144278,1.164008856,1.164144278
2026-05-29 05:00:00,1.164144278,1.164279938,1.164144278,1.164144278
2026-05-29 05:15:00,1.163873315,1.164144278,1.163873315,1.164144278
2026-05-29 05:30:00,1.164279938,1.164279938,1.163873315,1.163873315
2026-05-29 05:45:00,1.164279938,1.164279938,1.164008856,1.164279938
2026-05-29 06:00:00,1.164551139,1.164551139,1.164144278,1.164279938
2026-05-29 06:15:00,1.164415479,1.16468668,1.164415479,1.164551139
2026-05-29 06:30:00,1.164415479,1.164551139,1.164279938,1.164551139
2026-05-29 06:45:00,1.164551139,1.164551139,1.164279938,1.164415479
2026-05-29 07:00:00,1.16509378,1.16509378,1.164551139,1.164551139
2026-05-29 07:15:00,1.16482234,1.16509378,1.16482234,1.164958119
2026-05-29 07:30:00,1.165229559,1.165365338,1.164958119,1.164958119
2026-05-29 07:45:00,1.165772915,1.165772915,1.165229559,1.165229559
2026-05-29 08:00:00,1.165229559,1.165637016,1.165229559,1.165501237
2026-05-29 08:15:00,1.16468668,1.165365338,1.164551139,1.165229559
2026-05-29 08:30:00,1.164551139,1.16468668,1.164144278,1.164415479
2026-05-29 08:45:00,1.164551139,1.16468668,1.164279938,1.16468668
2026-05-29 09:00:00,1.163873315,1.164144278,1.163737893,1.164008856
2026-05-29 09:15:00,1.164144278,1.164144278,1.163873315,1.163873315
2026-05-29 09:30:00,1.164008856,1.164279938,1.164008856,1.164144278
2026-05-29 09:45:00,1.163196445,1.164008856,1.162925959,1.164008856
2026-05-29 10:00:00,1.164008856,1.164008856,1.163061261,1.163061261
2026-05-29 10:15:00,1.164008856,1.164144278,1.163737893,1.163873315
2026-05-29 10:30:00,1.164008856,1.164008856,1.163737893,1.164008856
2026-05-29 10:45:00,1.164551139,1.164551139,1.164008856,1.164008856
2026-05-29 11:00:00,1.16482234,1.16482234,1.164144278,1.164415479
2026-05-29 11:15:00,1.164551139,1.16482234,1.164415479,1.16482234
2026-05-29 11:30:00,1.164551139,1.16482234,1.164551139,1.16468668
2026-05-29 11:45:00,1.16468668,1.16468668,1.164551139,1.16468668
2026-05-29 12:00:00,1.164551139,1.16482234,1.164415479,1.164551139
2026-05-29 12:15:00,1.16468668,1.16468668,1.164415479,1.164551139
2026-05-29 12:30:00,1.164958119,1.164958119,1.164415479,1.164415479
2026-05-29 12:45:00,1.165229559,1.165229559,1.16468668,1.164958119
2026-05-29 13:00:00,1.164958119,1.165229559,1.16468668,1.165229559
2026-05-29 13:15:00,1.164958119,1.16509378,1.16482234,1.16509378
2026-05-29 13:30:00,1.16482234,1.164958119,1.164551139,1.164958119
2026-05-29 13:45:00,1.165229559,1.165229559,1.16482234,1.16482234
2026-05-29 14:00:00,1.16509378,1.165229559,1.164958119,1.16509378
2026-05-29 14:15:00,1.165229559,1.165501237,1.165229559,1.165229559
2026-05-29 14:30:00,1.165365338,1.165637016,1.16509378,1.165365338
2026-05-29 14:45:00,1.16509378,1.165365338,1.16482234,1.165365338
2026-05-29 15:00:00,1.16482234,1.165365338,1.16482234,1.16509378
2026-05-29 15:15:00,1.164958119,1.164958119,1.164551139,1.164551139
2026-05-29 15:30:00,1.164958119,1.16509378,1.164415479,1.164958119
2026-05-29 15:45:00,1.167542338,1.167678595,1.165229559,1.165229559
2026-05-29 16:00:00,1.167951465,1.167951465,1.167133451,1.167133451
2026-05-29 16:15:00,1.167951465,1.168360829,1.16781497,1.16781497
2026-05-29 16:30:00,1.167951465,1.168770432,1.167951465,1.167951465
2026-05-29 16:45:00,1.16808784,1.168360829,1.16808784,1.168224335
2026-05-29 17:00:00,1.167406082,1.16808784,1.167269707,1.16808784
2026-05-29 17:15:00,1.167406082,1.167406082,1.167133451,1.167269707
2026-05-29 17:30:00,1.167406082,1.167678595,1.167133451,1.167269707
2026-05-29 17:45:00,1.167542338,1.167542338,1.167269707,1.167406082
2026-05-29 18:00:00,1.167269707,1.167678595,1.167269707,1.167542338
2026-05-29 18:15:00,1.167133451,1.167406082,1.166997313,1.167269707
2026-05-29 18:30:00,1.166725039,1.167133451,1.166725039,1.167133451
2026-05-29 18:45:00,1.166588902,1.166861176,1.166588902,1.166725039
2026-05-29 19:00:00,1.166725039,1.166725039,1.166588902,1.166588902
2026-05-29 19:15:00,1.166725039,1.166861176,1.166588902,1.166861176
2026-05-29 19:30:00,1.166861176,1.167133451,1.166861176,1.166861176
2026-05-29 19:45:00,1.166861176,1.167133451,1.166588902,1.166725039
2026-05-29 20:00:00,1.167133451,1.167269707,1.166861176,1.166861176
2026-05-29 20:15:00,1.166997313,1.167269707,1.166997313,1.167133451
2026-05-29 20:30:00,1.167133451,1.167269707,1.166997313,1.167269707
2026-05-29 20:45:00,1.166725039,1.167133451,1.166725039,1.166997313
2026-05-29 21:00:00,1.166588902,1.166725039,1.166588902,1.166725039
2026-05-29 21:15:00,1.166452885,1.166588902,1.166452885,1.166588902
2026-05-29 21:30:00,1.166588902,1.166588902,1.166316748,1.166452885
2026-05-29 21:45:00,1.16618073,1.166452885,1.16618073,1.166452885
2026-05-29 22:00:00,1.165908813,1.165908813,1.165908813,1.165908813
2026-05-29 22:15:00,1.165908813,1.165908813,1.165908813,1.165908813
2026-06-01 00:00:00,1.165772915,1.165908813,1.165772915,1.165772915
2026-06-01 00:15:00,1.165908813,1.165908813,1.165637016,1.165772915
2026-06-01 00:30:00,1.165637016,1.165908813,1.165637016,1.165908813
2026-06-01 00:45:00,1.165229559,1.165501237,1.165229559,1.165501237
2026-06-01 01:00:00,1.165501237,1.165637016,1.165229559,1.165229559
2026-06-01 01:15:00,1.16509378,1.165501237,1.164958119,1.165501237
2026-06-01 01:30:00,1.16509378,1.16509378,1.164958119,1.16509378
2026-06-01 01:45:00,1.16509378,1.16509378,1.16482234,1.16509378
2026-06-01 02:00:00,1.164958119,1.164958119,1.164958119,1.164958119
2026-06-01 02:15:00,1.16468668,1.164958119,1.16468668,1.16482234
2026-06-01 02:30:00,1.16468668,1.16482234,1.16468668,1.16468668
2026-06-01 02:45:00,1.16482234,1.16482234,1.164551139,1.16468668
2026-06-01 03:00:00,1.16482234,1.16482234,1.16468668,1.16482234
2026-06-01 03:15:00,1.16482234,1.16482234,1.16482234,1.16482234
2026-06-01 03:30:00,1.16482234,1.164958119,1.16468668,1.16468668
2026-06-01 03:45:00,1.164958119,1.164958119,1.16482234,1.16482234
2026-06-01 04:00:00,1.164958119,1.165229559,1.164958119,1.164958119
2026-06-01 04:15:00,1.16509378,1.16509378,1.16468668,1.164958119
2026-06-01 04:30:00,1.164551139,1.16509378,1.164551139,1.16509378
2026-06-01 04:45:00,1.16468668,1.16468668,1.16468668,1.16468668
2026-06-01 05:00:00,1.16482234,1.164958119,1.16468668,1.16468668
2026-06-01 05:15:00,1.16509378,1.16509378,1.164958119,1.164958119
2026-06-01 05:30:00,1.16509378,1.165229559,1.16509378,1.16509378
2026-06-01 05:45:00,1.16509378,1.16509378,1.164958119,1.16509378
2026-06-01 06:00:00,1.165501237,1.165637016,1.165229559,1.165229559
2026-06-01 06:15:00,1.165501237,1.165637016,1.165501237,1.165501237
2026-06-01 06:30:00,1.165637016,1.165637016,1.165365338,1.165501237
2026-06-01 06:45:00,1.165365338,1.165637016,1.165365338,1.165501237
2026-06-01 07:00:00,1.165772915,1.165908813,1.165637016,1.165637016
2026-06-01 07:15:00,1.165365338,1.165908813,1.165365338,1.165772915
2026-06-01 07:30:00,1.165772915,1.165772915,1.165501237,1.165501237
2026-06-01 07:45:00,1.166861176,1.166861176,1.165637016,1.165772915
2026-06-01 08:00:00,1.166316748,1.166588902,1.166044831,1.166588902
2026-06-01 08:15:00,1.16618073,1.166452885,1.166044831,1.166316748
2026-06-01 08:30:00,1.165772915,1.16618073,1.165637016,1.16618073
2026-06-01 08:45:00,1.166044831,1.16618073,1.165501237,1.165637016
2026-06-01 09:00:00,1.16618073,1.16618073,1.165908813,1.165908813
2026-06-01 09:15:00,1.166316748,1.166316748,1.165908813,1.16618073
2026-06-01 09:30:00,1.16618073,1.166316748,1.166044831,1.16618073
2026-06-01 09:45:00,1.16618073,1.166316748,1.165637016,1.166316748
2026-06-01 10:00:00,1.165637016,1.166316748,1.165501237,1.166316748
2026-06-01 10:15:00,1.165229559,1.165772915,1.165229559,1.165637016
2026-06-01 10:30:00,1.165229559,1.165365338,1.165229559,1.165229559
2026-06-01 10:45:00,1.165365338,1.165365338,1.165229559,1.165229559
2026-06-01 11:00:00,1.165229559,1.165365338,1.165229559,1.165365338
2026-06-01 11:15:00,1.165229559,1.165229559,1.16509378,1.165229559
2026-06-01 11:30:00,1.165229559,1.165365338,1.16509378,1.165365338
2026-06-01 11:45:00,1.16509378,1.165229559,1.164958119,1.165229559
2026-06-01 12:00:00,1.16482234,1.16509378,1.164551139,1.16509378
2026-06-01 12:15:00,1.164958119,1.164958119,1.16482234,1.164958119
2026-06-01 12:30:00,1.164958119,1.164958119,1.16468668,1.164958119
2026-06-01 12:45:00,1.164958119,1.16509378,1.16482234,1.164958119
2026-06-01 13:00:00,1.164958119,1.165229559,1.164958119,1.16509378
2026-06-01 13:15:00,1.165365338,1.165365338,1.164958119,1.164958119
2026-06-01 13:30:00,1.165229559,1.165365338,1.164958119,1.165229559
2026-06-01 13:45:00,1.16509378,1.16509378,1.164958119,1.16509378
2026-06-01 14:00:00,1.163602591,1.16509378,1.163196445,1.16509378
2026-06-01 14:15:00,1.163061261,1.164008856,1.162925959,1.163737893
2026-06-01 14:30:00,1.162385225,1.163196445,1.162385225,1.162790656
2026-06-01 14:45:00,1.161440134,1.162520409,1.161440134,1.162520409
2026-06-01 15:00:00,1.161710024,1.161844969,1.161035657,1.161170483
2026-06-01 15:15:00,1.161575079,1.162115097,1.161575079,1.161710024
2026-06-01 15:30:00,1.162115097,1.162115097,1.161575079,1.161844969
2026-06-01 15:45:00,1.161980033,1.162115097,1.161440134,1.161980033
2026-06-01 16:00:00,1.162115097,1.162250042,1.161844969,1.162115097
2026-06-01 16:15:00,1.162520409,1.162520409,1.161980033,1.162115097
2026-06-01 16:30:00,1.162790656,1.163061261,1.162655592,1.163061261
2026-06-01 16:45:00,1.162655592,1.162790656,1.162655592,1.162790656
2026-06-01 17:00:00,1.162250042,1.162790656,1.162115097,1.162790656
2026-06-01 17:15:00,1.162520409,1.162520409,1.161980033,1.162115097
2026-06-01 17:30:00,1.162520409,1.162790656,1.162520409,1.162520409
2026-06-01 17:45:00,1.163331747,1.163331747,1.162520409,1.162520409
2026-06-01 18:00:00,1.162925959,1.163331747,1.162925959,1.163331747
2026-06-01 18:15:00,1.163061261,1.163061261,1.162925959,1.162925959
2026-06-01 18:30:00,1.163873315,1.164008856,1.163331747,1.163331747
2026-06-01 18:45:00,1.163873315,1.164008856,1.163737893,1.164008856
2026-06-01 19:00:00,1.163737893,1.163873315,1.163737893,1.163873315
2026-06-01 19:15:00,1.163737893,1.163873315,1.163737893,1.163737893
2026-06-01 19:30:00,1.163873315,1.163873315,1.163602591,1.163602591
2026-06-01 19:45:00,1.163467169,1.163873315,1.163467169,1.163873315
2026-06-01 20:00:00,1.163467169,1.163737893,1.163467169,1.163467169
2026-06-01 20:15:00,1.163602591,1.163737893,1.163467169,1.163467169
2026-06-01 20:30:00,1.163467169,1.163602591,1.163467169,1.163602591
2026-06-01 20:45:00,1.163467169,1.163602591,1.163061261,1.163467169
2026-06-01 21:00:00,1.163467169,1.163737893,1.163467169,1.163602591
2026-06-01 21:15:00,1.163467169,1.163602591,1.163331747,1.163602591
2026-06-01 21:30:00,1.163737893,1.163737893,1.163467169,1.163467169
2026-06-01 21:45:00,1.163602591,1.163602591,1.163467169,1.163602591
2026-06-01 22:00:00,1.163467169,1.164415479,1.163331747,1.163737893
2026-06-01 22:15:00,1.163873315,1.163873315,1.163467169,1.163467169
2026-06-01 22:30:00,1.163737893,1.164008856,1.163467169,1.163602591
2026-06-01 22:45:00,1.163873315,1.163873315,1.163602591,1.163737893
2026-06-01 23:00:00,1.163737893,1.163873315,1.163602591,1.163737893
2026-06-01 23:15:00,1.163602591,1.163737893,1.163602591,1.163737893
2026-06-01 23:30:00,1.163737893,1.163737893,1.163602591,1.163737893
2026-06-01 23:45:00,1.163737893,1.163873315,1.163737893,1.163737893
2026-06-02 00:00:00,1.163873315,1.164008856,1.163873315,1.163873315
2026-06-02 00:15:00,1.163873315,1.163873315,1.163873315,1.163873315
2026-06-02 00:30:00,1.163873315,1.164008856,1.163602591,1.163873315
2026-06-02 00:45:00,1.163873315,1.164008856,1.163737893,1.164008856
2026-06-02 01:00:00,1.163737893,1.163873315,1.163331747,1.163873315
2026-06-02 01:15:00,1.163602591,1.163737893,1.163467169,1.163737893
2026-06-02 01:30:00,1.163602591,1.163737893,1.163467169,1.163602591
2026-06-02 01:45:00,1.163467169,1.163602591,1.163331747,1.163602591
2026-06-02 02:00:00,1.163873315,1.164144278,1.163602591,1.163602591
2026-06-02 02:15:00,1.163737893,1.164008856,1.163737893,1.163873315
2026-06-02 02:30:00,1.163602591,1.163873315,1.163602591,1.163737893
2026-06-02 02:45:00,1.163467169,1.163467169,1.163196445,1.163467169
2026-06-02 03:00:00,1.163467169,1.163467169,1.163467169,1.163467169
2026-06-02 03:15:00,1.163737893,1.163737893,1.163467169,1.163467169
2026-06-02 03:30:00,1.163467169,1.163737893,1.163467169,1.163737893
2026-06-02 03:45:00,1.163467169,1.163467169,1.163467169,1.163467169
2026-06-02 04:00:00,1.163602591,1.163602591,1.163467169,1.163467169
2026-06-02 04:15:00,1.163602591,1.163602591,1.163467169,1.163602591
2026-06-02 04:30:00,1.163737893,1.163737893,1.163602591,1.163602591
2026-06-02 04:45:00,1.163737893,1.163873315,1.163737893,1.163737893
2026-06-02 05:00:00,1.163737893,1.163873315,1.163737893,1.163737893
2026-06-02 05:15:00,1.164008856,1.164008856,1.163873315,1.164008856
2026-06-02 05:30:00,1.164008856,1.164008856,1.164008856,1.164008856
2026-06-02 05:45:00,1.164144278,1.164279938,1.164008856,1.164008856
2026-06-02 06:00:00,1.164279938,1.164279938,1.164144278,1.164144278
2026-06-02 06:15:00,1.164144278,1.164279938,1.164144278,1.164279938
2026-06-02 06:30:00,1.164144278,1.164279938,1.164144278,1.164279938
2026-06-02 06:45:00,1.164008856,1.164279938,1.164008856,1.164144278
2026-06-02 07:00:00,1.16482234,1.164958119,1.164144278,1.164144278
2026-06-02 07:15:00,1.165229559,1.165365338,1.16482234,1.16482234
2026-06-02 07:30:00,1.165229559,1.165501237,1.165229559,1.165365338
2026-06-02 07:45:00,1.165365338,1.165365338,1.165229559,1.165229559
2026-06-02 08:00:00,1.164958119,1.165365338,1.164958119,1.165229559
2026-06-02 08:15:00,1.16509378,1.16509378,1.16482234,1.164958119
2026-06-02 08:30:00,1.16509378,1.165229559,1.164958119,1.164958119
2026-06-02 08:45:00,1.165229559,1.165229559,1.16509378,1.16509378
2026-06-02 09:00:00,1.164958119,1.165501237,1.164958119,1.165229559
2026-06-02 09:15:00,1.164958119,1.16509378,1.164958119,1.164958119
2026-06-02 09:30:00,1.16482234,1.16509378,1.16482234,1.164958119
2026-06-02 09:45:00,1.16468668,1.16482234,1.164551139,1.16482234
2026-06-02 10:00:00,1.164415479,1.164551139,1.164415479,1.164551139
2026-06-02 10:15:00,1.16468668,1.16468668,1.164415479,1.164415479
2026-06-02 10:30:00,1.16468668,1.16482234,1.16468668,1.16468668
2026-06-02 10:45:00,1.16468668,1.16482234,1.164415479,1.16468668
2026-06-02 11:00:00,1.16468668,1.16482234,1.164551139,1.164551139
2026-06-02 11:15:00,1.164551139,1.16468668,1.164279938,1.16468668
2026-06-02 11:30:00,1.16468668,1.16468668,1.164551139,1.16468668
2026-06-02 11:45:00,1.16468668,1.164958119,1.16468668,1.16482234
2026-06-02 12:00:00,1.16482234,1.164958119,1.16468668,1.16468668
2026-06-02 12:15:00,1.164958119,1.164958119,1.16468668,1.16468668
2026-06-02 12:30:00,1.165365338,1.165365338,1.164958119,1.16509378
2026-06-02 12:45:00,1.165365338,1.165637016,1.165365338,1.165365338
2026-06-02 13:00:00,1.165229559,1.165365338,1.165229559,1.165365338
2026-06-02 13:15:00,1.165501237,1.165637016,1.165229559,1.165229559
2026-06-02 13:30:00,1.165501237,1.165908813,1.165365338,1.165365338
2026-06-02 13:45:00,1.165365338,1.165501237,1.165365338,1.165501237
2026-06-02 14:00:00,1.165229559,1.165501237,1.16509378,1.165501237
2026-06-02 14:15:00,1.164958119,1.165365338,1.164958119,1.165229559
2026-06-02 14:30:00,1.16482234,1.16509378,1.16482234,1.16482234
2026-06-02 14:45:00,1.16468668,1.16482234,1.164279938,1.16468668
2026-06-02 15:00:00,1.164551139,1.164551139,1.164008856,1.164008856
2026-06-02 15:15:00,1.164279938,1.164551139,1.164144278,1.164551139
2026-06-02 15:30:00,1.164958119,1.165229559,1.164415479,1.164415479
2026-06-02 15:45:00,1.16468668,1.164958119,1.16468668,1.164958119
2026-06-02 16:00:00,1.164415479,1.16468668,1.164279938,1.16468668
2026-06-02 16:15:00,1.164008856,1.16482234,1.164008856,1.164551139
2026-06-02 16:30:00,1.164415479,1.164415479,1.164008856,1.164144278
2026-06-02 16:45:00,1.164415479,1.164415479,1.164279938,1.164279938
2026-06-02 17:00:00,1.164144278,1.164279938,1.164008856,1.164144278
2026-06-02 17:15:00,1.163467169,1.164144278,1.163467169,1.164144278
2026-06-02 17:30:00,1.163196445,1.163467169,1.163061261,1.163467169
2026-06-02 17:45:00,1.163196445,1.163331747,1.163061261,1.163196445
2026-06-02 18:00:00,1.162925959,1.163331747,1.162790656,1.163331747
2026-06-02 18:15:00,1.162790656,1.163061261,1.162655592,1.163061261
2026-06-02 18:30:00,1.162655592,1.162790656,1.162520409,1.162790656
2026-06-02 18:45:00,1.162520409,1.162655592,1.162385225,1.162655592
2026-06-02 19:00:00,1.162250042,1.162520409,1.162115097,1.162520409
2026-06-02 19:15:00,1.162385225,1.162385225,1.161710024,1.162115097
2026-06-02 19:30:00,1.162790656,1.162925959,1.162520409,1.162655592
2026-06-02 19:45:00,1.163196445,1.163331747,1.162925959,1.162925959
2026-06-02 20:00:00,1.163602591,1.163602591,1.163196445,1.163331747
2026-06-02 20:15:00,1.163467169,1.163602591,1.163467169,1.163602591
2026-06-02 20:30:00,1.163467169,1.163602591,1.163467169,1.163467169
2026-06-02 20:45:00,1.163602591,1.163602591,1.163467169,1.163602591
2026-06-02 21:00:00,1.163602591,1.163737893,1.163602591,1.163602591
2026-06-02 21:15:00,1.163467169,1.163737893,1.163467169,1.163602591
2026-06-02 21:30:00,1.163467169,1.163602591,1.163331747,1.163467169
2026-06-02 21:45:00,1.163467169,1.163467169,1.163467169,1.163467169
2026-06-02 22:00:00,1.163467169,1.163602591,1.163061261,1.163196445
2026-06-02 22:15:00,1.163602591,1.163602591,1.163467169,1.163602591
2026-06-02 22:30:00,1.163602591,1.163737893,1.163467169,1.163467169
2026-06-02 22:45:00,1.163331747,1.163602591,1.163331747,1.163602591
2026-06-02 23:00:00,1.163061261,1.163467169,1.163061261,1.163331747
2026-06-02 23:15:00,1.163196445,1.163196445,1.163061261,1.163061261
2026-06-02 23:30:00,1.163196445,1.163196445,1.163196445,1.163196445
2026-06-02 23:45:00,1.163061261,1.163196445,1.163061261,1.163196445
2026-06-03 00:00:00,1.162790656,1.163061261,1.162790656,1.163061261
2026-06-03 00:15:00,1.162655592,1.162925959,1.162520409,1.162925959
2026-06-03 00:30:00,1.162520409,1.162655592,1.162250042,1.162655592
2026-06-03 00:45:00,1.162520409,1.162520409,1.162250042,1.162385225
2026-06-03 01:00:00,1.162655592,1.162655592,1.162520409,1.162520409
2026-06-03 01:15:00,1.163061261,1.163061261,1.162655592,1.162655592
2026-06-03 01:30:00,1.163196445,1.163331747,1.163061261,1.163061261
2026-06-03 01:45:00,1.163196445,1.163331747,1.163061261,1.163196445
2026-06-03 02:00:00,1.163196445,1.163196445,1.162925959,1.163061261
2026-06-03 02:15:00,1.163331747,1.163331747,1.163061261,1.163196445
2026-06-03 02:30:00,1.163467169,1.163602591,1.163331747,1.163331747
2026-06-03 02:45:00,1.163331747,1.163602591,1.163196445,1.163467169
2026-06-03 03:00:00,1.163467169,1.163602591,1.163331747,1.163331747
2026-06-03 03:15:00,1.163196445,1.163467169,1.163196445,1.163467169
2026-06-03 03:30:00,1.163196445,1.163331747,1.163061261,1.163061261
2026-06-03 03:45:00,1.163196445,1.163196445,1.162925959,1.163061261
2026-06-03 04:00:00,1.163196445,1.163331747,1.163061261,1.163061261
2026-06-03 04:15:00,1.163061261,1.163196445,1.163061261,1.163196445
2026-06-03 04:30:00,1.163196445,1.163331747,1.163061261,1.163061261
2026-06-03 04:45:00,1.163061261,1.163196445,1.163061261,1.163196445
2026-06-03 05:00:00,1.162925959,1.163061261,1.162925959,1.163061261
2026-06-03 05:15:00,1.162790656,1.162925959,1.162790656,1.162925959
2026-06-03 05:30:00,1.162925959,1.162925959,1.162790656,1.162790656
2026-06-03 05:45:00,1.162925959,1.162925959,1.162790656,1.162925959
2026-06-03 06:00:00,1.163061261,1.163061261,1.162790656,1.162925959
2026-06-03 06:15:00,1.162520409,1.163061261,1.162520409,1.163061261
2026-06-03 06:30:00,1.162520409,1.162655592,1.162520409,1.162520409
2026-06-03 06:45:00,1.162250042,1.162655592,1.162250042,1.162520409
2026-06-03 07:00:00,1.161980033,1.162520409,1.161844969,1.162250042
2026-06-03 07:15:00,1.161980033,1.162115097,1.161710024,1.162115097
2026-06-03 07:30:00,1.161710024,1.162115097,1.161710024,1.161980033
2026-06-03 07:45:00,1.161980033,1.161980033,1.161710024,1.161710024
2026-06-03 08:00:00,1.162250042,1.162385225,1.161710024,1.161844969
2026-06-03 08:15:00,1.161710024,1.162250042,1.161710024,1.162250042
2026-06-03 08:30:00,1.162385225,1.162520409,1.161710024,1.161710024
2026-06-03 08:45:00,1.161980033,1.162520409,1.161980033,1.162385225
2026-06-03 09:00:00,1.161575079,1.161980033,1.161575079,1.161844969
2026-06-03 09:15:00,1.161575079,1.161575079,1.161305308,1.161305308
2026-06-03 09:30:00,1.161035657,1.161844969,1.160900831,1.161575079
2026-06-03 09:45:00,1.161170483,1.161305308,1.161035657,1.161035657
2026-06-03 10:00:00,1.161575079,1.161710024,1.161305308,1.161305308
2026-06-03 10:15:00,1.161575079,1.161980033,1.161440134,1.161440134
2026-06-03 10:30:00,1.161710024,1.161710024,1.161305308,1.161575079
2026-06-03 10:45:00,1.161710024,1.161844969,1.161440134,1.161710024
2026-06-03 11:00:00,1.161980033,1.162520409,1.161710024,1.161710024
2026-06-03 11:15:00,1.161844969,1.161980033,1.161710024,1.161844969
2026-06-03 11:30:00,1.161980033,1.162115097,1.161844969,1.161980033
2026-06-03 11:45:00,1.161980033,1.161980033,1.161844969,1.161980033
2026-06-03 12:00:00,1.162115097,1.162250042,1.161980033,1.161980033
2026-06-03 12:15:00,1.162385225,1.162385225,1.162115097,1.162250042
2026-06-03 12:30:00,1.162115097,1.162385225,1.162115097,1.162385225
2026-06-03 12:45:00,1.162115097,1.162520409,1.162115097,1.162250042
2026-06-03 13:00:00,1.161710024,1.161980033,1.161575079,1.161980033
2026-06-03 13:15:00,1.161035657,1.161710024,1.161035657,1.161575079
2026-06-03 13:30:00,1.160900831,1.160900831,1.160092831,1.160900831
2026-06-03 13:45:00,1.160362005,1.160766125,1.160092831,1.160766125
2026-06-03 14:00:00,1.160496712,1.160631418,1.160362005,1.160362005
2026-06-03 14:15:00,1.160766125,1.160766125,1.160092831,1.160496712
2026-06-03 14:30:00,1.160631418,1.160900831,1.160631418,1.160900831
2026-06-03 14:45:00,1.160631418,1.160766125,1.160362005,1.160766125
2026-06-03 15:00:00,1.161035657,1.161170483,1.160362005,1.160900831
2026-06-03 15:15:00,1.160766125,1.160900831,1.160496712,1.160900831
2026-06-03 15:30:00,1.159958243,1.160496712,1.159958243,1.160496712
2026-06-03 15:45:00,1.161575079,1.161575079,1.159823656,1.159958243
2026-06-03 16:00:00,1.161035657,1.161440134,1.160631418,1.161440134
2026-06-03 16:15:00,1.161035657,1.161305308,1.161035657,1.161170483
2026-06-03 16:30:00,1.160900831,1.161305308,1.160766125,1.161035657
2026-06-03 16:45:00,1.160766125,1.161035657,1.160766125,1.161035657
2026-06-03 17:00:00,1.160092831,1.160766125,1.160092831,1.160766125
2026-06-03 17:15:00,1.160227418,1.160362005,1.159958243,1.160092831
2026-06-03 17:30:00,1.159958243,1.160227418,1.159823656,1.160227418
2026-06-03 17:45:00,1.160362005,1.160496712,1.159958243,1.160092831
2026-06-03 18:00:00,1.160362005,1.160631418,1.160227418,1.160362005
2026-06-03 18:15:00,1.160092831,1.160362005,1.160092831,1.160362005
2026-06-03 18:30:00,1.160227418,1.160362005,1.160092831,1.160092831
2026-06-03 18:45:00,1.160227418,1.160227418,1.160092831,1.160227418
2026-06-03 19:00:00,1.159958243,1.160227418,1.159958243,1.160227418
2026-06-03 19:15:00,1.160092831,1.160092831,1.159958243,1.159958243
2026-06-03 19:30:00,1.160092831,1.160092831,1.159958243,1.160092831
2026-06-03 19:45:00,1.160227418,1.160227418,1.160092831,1.160227418
2026-06-03 20:00:00,1.160092831,1.160227418,1.160092831,1.160227418
2026-06-03 20:15:00,1.160092831,1.160362005,1.160092831,1.160092831
2026-06-03 20:30:00,1.160227418,1.160227418,1.160092831,1.160092831
2026-06-03 20:45:00,1.160092831,1.160227418,1.160092831,1.160092831
2026-06-03 21:00:00,1.160227418,1.160227418,1.160092831,1.160227418
2026-06-03 21:15:00,1.160362005,1.160362005,1.160092831,1.160227418
2026-06-03 21:30:00,1.160227418,1.160362005,1.160092831,1.160362005
2026-06-03 21:45:00,1.160227418,1.160227418,1.160092831,1.160227418
2026-06-03 22:00:00,1.160766125,1.160766125,1.160227418,1.160496712
2026-06-03 22:15:00,1.160227418,1.160496712,1.160092831,1.160362005
2026-06-03 22:30:00,1.160227418,1.160362005,1.160092831,1.160362005
2026-06-03 22:45:00,1.160227418,1.160496712,1.160092831,1.160092831
2026-06-03 23:00:00,1.159958243,1.160227418,1.159823656,1.160227418
2026-06-03 23:15:00,1.160092831,1.160092831,1.159823656,1.159958243
2026-06-03 23:30:00,1.160092831,1.160227418,1.160092831,1.160092831
2026-06-03 23:45:00,1.160766125,1.161035657,1.160092831,1.160092831
2026-06-04 00:00:00,1.160766125,1.161035657,1.160496712,1.160900831
2026-06-04 00:15:00,1.160900831,1.160900831,1.160766125,1.160766125
2026-06-04 00:30:00,1.161035657,1.161035657,1.160766125,1.160900831
2026-06-04 00:45:00,1.161305308,1.161440134,1.161170483,1.161170483
2026-06-04 01:00:00,1.161170483,1.161305308,1.160900831,1.161305308
2026-06-04 01:15:00,1.161305308,1.161575079,1.161170483,1.161170483
2026-06-04 01:30:00,1.161440134,1.161440134,1.161170483,1.161170483
2026-06-04 01:45:00,1.161035657,1.161440134,1.160900831,1.161440134
2026-06-04 02:00:00,1.161035657,1.161035657,1.160766125,1.160766125
2026-06-04 02:15:00,1.161035657,1.161170483,1.160900831,1.160900831
2026-06-04 02:30:00,1.161170483,1.161305308,1.161035657,1.161170483
2026-06-04 02:45:00,1.161305308,1.161305308,1.161035657,1.161170483
2026-06-04 03:00:00,1.161170483,1.161305308,1.161170483,1.161305308
2026-06-04 03:15:00,1.161035657,1.161170483,1.161035657,1.161035657
2026-06-04 03:30:00,1.161305308,1.161305308,1.161170483,1.161170483
2026-06-04 03:45:00,1.161305308,1.161440134,1.161305308,1.161305308
2026-06-04 04:00:00,1.160766125,1.161305308,1.160766125,1.161170483
2026-06-04 04:15:00,1.160631418,1.161035657,1.160631418,1.160766125
2026-06-04 04:30:00,1.160631418,1.160766125,1.160631418,1.160631418
2026-06-04 04:45:00,1.160900831,1.160900831,1.160631418,1.160631418
2026-06-04 05:00:00,1.160766125,1.160900831,1.160766125,1.160900831
2026-06-04 05:15:00,1.160900831,1.160900831,1.160900831,1.160900831
2026-06-04 05:30:00,1.161440134,1.161440134,1.161035657,1.161035657
2026-06-04 05:45:00,1.161305308,1.161440134,1.161170483,1.161440134
2026-06-04 06:00:00,1.161170483,1.161305308,1.161035657,1.161305308
2026-06-04 06:15:00,1.160900831,1.161305308,1.160900831,1.161170483
2026-06-04 06:30:00,1.161170483,1.161170483,1.160900831,1.160900831
2026-06-04 06:45:00,1.161305308,1.161305308,1.161170483,1.161170483
2026-06-04 07:00:00,1.161575079,1.161575079,1.161305308,1.161305308
2026-06-04 07:15:00,1.161440134,1.161575079,1.161035657,1.161575079
2026-06-04 07:30:00,1.161710024,1.161844969,1.161305308,1.161305308
2026-06-04 07:45:00,1.161440134,1.161575079,1.161170483,1.161575079
2026-06-04 08:00:00,1.161440134,1.161575079,1.161305308,1.161440134
2026-06-04 08:15:00,1.161035657,1.161440134,1.160766125,1.161440134
2026-06-04 08:30:00,1.160496712,1.161035657,1.160227418,1.161035657
2026-06-04 08:45:00,1.160766125,1.160766125,1.160362005,1.160362005
2026-06-04 09:00:00,1.160766125,1.161035657,1.160766125,1.160766125
2026-06-04 09:15:00,1.161305308,1.161575079,1.160900831,1.160900831
2026-06-04 09:30:00,1.161035657,1.161575079,1.161035657,1.161575079
2026-06-04 09:45:00,1.161710024,1.161710024,1.161170483,1.161170483
2026-06-04 10:00:00,1.162250042,1.162250042,1.161844969,1.161844969
2026-06-04 10:15:00,1.162385225,1.162520409,1.162250042,1.162250042
2026-06-04 10:30:00,1.163061261,1.163061261,1.162385225,1.162385225
2026-06-04 10:45:00,1.162925959,1.163061261,1.162790656,1.163061261
2026-06-04 11:00:00,1.163331747,1.163331747,1.162925959,1.162925959
2026-06-04 11:15:00,1.163196445,1.163331747,1.162925959,1.163331747
2026-06-04 11:30:00,1.163602591,1.163602591,1.163196445,1.163196445
2026-06-04 11:45:00,1.163467169,1.163737893,1.163196445,1.163602591
2026-06-04 12:00:00,1.163873315,1.164008856,1.163602591,1.163602591
2026-06-04 12:15:00,1.164415479,1.164551139,1.164008856,1.164008856
2026-06-04 12:30:00,1.16468668,1.16468668,1.164144278,1.164279938
2026-06-04 12:45:00,1.164551139,1.16482234,1.164551139,1.16468668
2026-06-04 13:00:00,1.164144278,1.16482234,1.163873315,1.16482234
2026-06-04 13:15:00,1.164144278,1.164279938,1.164008856,1.164144278
2026-06-04 13:30:00,1.164279938,1.164415479,1.164279938,1.164279938
2026-06-04 13:45:00,1.164144278,1.164551139,1.164144278,1.164279938
2026-06-04 14:00:00,1.163873315,1.164279938,1.163873315,1.164008856
2026-06-04 14:15:00,1.164008856,1.164144278,1.163737893,1.163873315
2026-06-04 14:30:00,1.164144278,1.164144278,1.163873315,1.164008856
2026-06-04 14:45:00,1.164008856,1.164279938,1.164008856,1.164144278
2026-06-04 15:00:00,1.163737893,1.164279938,1.163602591,1.164279938
2026-06-04 15:15:00,1.163467169,1.163873315,1.163467169,1.163737893
2026-06-04 15:30:00,1.163467169,1.163602591,1.163331747,1.163331747
2026-06-04 15:45:00,1.163467169,1.163602591,1.163331747,1.163467169
2026-06-04 16:00:00,1.162790656,1.163467169,1.162655592,1.163467169
2026-06-04 16:15:00,1.162655592,1.162925959,1.162655592,1.162790656
2026-06-04 16:30:00,1.162655592,1.162925959,1.162655592,1.162790656
2026-06-04 16:45:00,1.163196445,1.163331747,1.162655592,1.162655592
2026-06-04 17:00:00,1.163061261,1.163196445,1.163061261,1.163196445
2026-06-04 17:15:00,1.163196445,1.163331747,1.163061261,1.163196445
2026-06-04 17:30:00,1.163061261,1.163196445,1.162925959,1.163196445
2026-06-04 17:45:00,1.162655592,1.162925959,1.162655592,1.162790656
2026-06-04 18:00:00,1.162520409,1.162655592,1.162520409,1.162655592
2026-06-04 18:15:00,1.162385225,1.162520409,1.162385225,1.162520409
2026-06-04 18:30:00,1.162385225,1.162520409,1.162385225,1.162385225
2026-06-04 18:45:00,1.162385225,1.162385225,1.162385225,1.162385225
2026-06-04 19:00:00,1.162385225,1.162520409,1.162385225,1.162385225
2026-06-04 19:15:00,1.161980033,1.162385225,1.161980033,1.162385225
2026-06-04 19:30:00,1.161980033,1.162115097,1.161844969,1.161980033
2026-06-04 19:45:00,1.161844969,1.162115097,1.161710024,1.161980033
2026-06-04 20:00:00,1.161575079,1.161980033,1.161440134,1.161844969
2026-06-04 20:15:00,1.161575079,1.161710024,1.161575079,1.161575079
2026-06-04 20:30:00,1.161440134,1.161575079,1.161440134,1.161575079
2026-06-04 20:45:00,1.161575079,1.161575079,1.161440134,1.161440134
2026-06-04 21:00:00,1.161440134,1.161710024,1.161440134,1.161575079
2026-06-04 21:15:00,1.161305308,1.161440134,1.161170483,1.161440134
2026-06-04 21:30:00,1.161440134,1.161440134,1.161170483,1.161305308
2026-06-04 21:45:00,1.161440134,1.161575079,1.161305308,1.161440134
2026-06-04 22:00:00,1.161844969,1.162115097,1.161440134,1.161440134
2026-06-04 22:15:00,1.161710024,1.161844969,1.161575079,1.161575079
2026-06-04 22:30:00,1.161575079,1.161980033,1.161575079,1.161844969
2026-06-04 22:45:00,1.161575079,1.162115097,1.161575079,1.161980033
2026-06-04 23:00:00,1.161575079,1.161710024,1.161575079,1.161575079
2026-06-04 23:15:00,1.161575079,1.161710024,1.161575079,1.161575079
2026-06-04 23:30:00,1.161440134,1.161710024,1.161440134,1.161710024
2026-06-04 23:45:00,1.161575079,1.161575079,1.161440134,1.161440134
2026-06-05 00:00:00,1.161575079,1.161575079,1.161575079,1.161575079
2026-06-05 00:15:00,1.161710024,1.161710024,1.161575079,1.161710024
2026-06-05 00:30:00,1.161575079,1.161575079,1.161575079,1.161575079
2026-06-05 00:45:00,1.161575079,1.161710024,1.161575079,1.161575079
2026-06-05 01:00:00,1.161440134,1.161710024,1.161440134,1.161575079
2026-06-05 01:15:00,1.161575079,1.161710024,1.161440134,1.161575079
2026-06-05 01:30:00,1.161575079,1.161710024,1.161575079,1.161710024
2026-06-05 01:45:00,1.161710024,1.161710024,1.161440134,1.161440134
2026-06-05 02:00:00,1.161575079,1.161710024,1.161440134,1.161575079
2026-06-05 02:15:00,1.161440134,1.161710024,1.161305308,1.161575079
2026-06-05 02:30:00,1.161710024,1.161710024,1.161440134,1.161440134
2026-06-05 02:45:00,1.161710024,1.161844969,1.161710024,1.161710024
2026-06-05 03:00:00,1.161844969,1.161980033,1.161575079,1.161710024
2026-06-05 03:15:00,1.161980033,1.161980033,1.161844969,1.161980033
2026-06-05 03:30:00,1.161710024,1.161980033,1.161710024,1.161844969
2026-06-05 03:45:00,1.161844969,1.161844969,1.161710024,1.161844969
2026-06-05 04:00:00,1.161710024,1.161844969,1.161710024,1.161710024
2026-06-05 04:15:00,1.161844969,1.161844969,1.161710024,1.161844969
2026-06-05 04:30:00,1.161710024,1.161844969,1.161710024,1.161844969
2026-06-05 04:45:00,1.161844969,1.161844969,1.161710024,1.161710024
2026-06-05 05:00:00,1.161844969,1.161844969,1.161844969,1.161844969
2026-06-05 05:15:00,1.161710024,1.161980033,1.161710024,1.161844969
2026-06-05 05:30:00,1.161844969,1.161980033,1.161710024,1.161710024
2026-06-05 05:45:00,1.161980033,1.161980033,1.161844969,1.161844969
2026-06-05 06:00:00,1.161844969,1.161980033,1.161844969,1.161980033
2026-06-05 06:15:00,1.161980033,1.161980033,1.161844969,1.161980033
2026-06-05 06:30:00,1.161980033,1.162250042,1.161980033,1.161980033
2026-06-05 06:45:00,1.161980033,1.162250042,1.161980033,1.162250042
2026-06-05 07:00:00,1.161844969,1.161844969,1.161710024,1.161844969
2026-06-05 07:15:00,1.162115097,1.162115097,1.161710024,1.161710024
2026-06-05 07:30:00,1.162520409,1.162655592,1.162115097,1.162250042
2026-06-05 07:45:00,1.162520409,1.162655592,1.162250042,1.162520409
2026-06-05 08:00:00,1.162925959,1.163061261,1.162655592,1.162655592
2026-06-05 08:15:00,1.163331747,1.163331747,1.162925959,1.163196445
2026-06-05 08:30:00,1.163602591,1.164008856,1.163331747,1.163331747
2026-06-05 08:45:00,1.163602591,1.163873315,1.163602591,1.163737893
2026-06-05 09:00:00,1.164279938,1.164279938,1.163737893,1.163737893
2026-06-05 09:15:00,1.164008856,1.164279938,1.164008856,1.164279938
2026-06-05 09:30:00,1.164144278,1.164279938,1.164008856,1.164144278
2026-06-05 09:45:00,1.164008856,1.164144278,1.164008856,1.164144278
2026-06-05 10:00:00,1.164551139,1.164551139,1.163873315,1.163873315
2026-06-05 10:15:00,1.164279938,1.16468668,1.164279938,1.164551139
2026-06-05 10:30:00,1.164144278,1.164415479,1.164144278,1.164415479
2026-06-05 10:45:00,1.164279938,1.164279938,1.164144278,1.164144278
2026-06-05 11:00:00,1.164279938,1.164415479,1.164144278,1.164279938
2026-06-05 11:15:00,1.164551139,1.164551139,1.164279938,1.164279938
2026-06-05 11:30:00,1.164415479,1.16468668,1.164415479,1.16468668
2026-06-05 11:45:00,1.164415479,1.164551139,1.164279938,1.164551139
2026-06-05 12:00:00,1.163873315,1.164415479,1.163873315,1.164415479
2026-06-05 12:15:00,1.164279938,1.164279938,1.163873315,1.163873315
2026-06-05 12:30:00,1.163873315,1.164279938,1.163737893,1.164279938
2026-06-05 12:45:00,1.164415479,1.164551139,1.164008856,1.164008856
2026-06-05 13:00:00,1.164415479,1.164551139,1.164144278,1.164551139
2026-06-05 13:15:00,1.163873315,1.164279938,1.163873315,1.164279938
2026-06-05 13:30:00,1.161170483,1.162115097,1.161035657,1.162115097
2026-06-05 13:45:00,1.159017205,1.161035657,1.159017205,1.161035657
2026-06-05 14:00:00,1.159958243,1.160092831,1.159017205,1.159017205
2026-06-05 14:15:00,1.158748627,1.160092831,1.158748627,1.159689188
2026-06-05 14:30:00,1.158480048,1.158882856,1.158077598,1.158614278
2026-06-05 14:45:00,1.157541394,1.158882856,1.157541394,1.158614278
2026-06-05 15:00:00,1.156604171,1.158211708,1.156604171,1.157407403
2026-06-05 15:15:00,1.155935645,1.156336784,1.155802131,1.156336784
2026-06-05 15:30:00,1.155401587,1.156470418,1.155401587,1.156203032
2026-06-05 15:45:00,1.156203032,1.156203032,1.155668497,1.155668497
2026-06-05 16:00:00,1.155001163,1.156203032,1.155001163,1.156203032
2026-06-05 16:15:00,1.155001163,1.155268073,1.154734373,1.154867768
2026-06-05 16:30:00,1.153934956,1.155134559,1.153934956,1.155134559
2026-06-05 16:45:00,1.153535604,1.153934956,1.153535604,1.153801799
2026-06-05 17:00:00,1.153269529,1.153535604,1.153003573,1.153402567
2026-06-05 17:15:00,1.153003573,1.153269529,1.152604818,1.153003573
2026-06-05 17:30:00,1.152870655,1.153003573,1.152604818,1.153003573
2026-06-05 17:45:00,1.153535604,1.153535604,1.152870655,1.152870655
2026-06-05 18:00:00,1.153269529,1.153535604,1.153003573,1.153535604
2026-06-05 18:15:00,1.153003573,1.153269529,1.153003573,1.153269529
2026-06-05 18:30:00,1.152604818,1.153003573,1.152604818,1.153003573
2026-06-05 18:45:00,1.152737737,1.152870655,1.15233922,1.152604818
2026-06-05 19:00:00,1.152472019,1.152870655,1.15233922,1.152737737
2026-06-05 19:15:00,1.152604818,1.152870655,1.15233922,1.15233922
2026-06-05 19:30:00,1.152604818,1.153003573,1.152604818,1.152604818
2026-06-05 19:45:00,1.152604818,1.153003573,1.152472019,1.152604818
2026-06-05 20:00:00,1.15233922,1.152604818,1.152206421,1.152604818
2026-06-05 20:15:00,1.152472019,1.152472019,1.152206421,1.152206421
2026-06-05 20:30:00,1.152870655,1.152870655,1.15233922,1.152472019
2026-06-05 20:45:00,1.152870655,1.153003573,1.152737737,1.152870655
2026-06-05 21:00:00,1.152206421,1.152870655,1.152206421,1.152870655
2026-06-05 21:15:00,1.152737737,1.152737737,1.152206421,1.152206421
2026-06-05 21:30:00,1.152604818,1.152870655,1.152604818,1.152737737
2026-06-05 21:45:00,1.152737737,1.152737737,1.152206421,1.152604818
2026-06-05 22:00:00,1.152737737,1.152737737,1.152737737,1.152737737
2026-06-05 22:15:00,1.152737737,1.152737737,1.152737737,1.152737737
2026-06-08 00:00:00,1.152073741,1.152073741,1.151808381,1.151808381
2026-06-08 00:15:00,1.152206421,1.15233922,1.152206421,1.152206421
2026-06-08 00:30:00,1.15233922,1.15233922,1.152206421,1.152206421
2026-06-08 00:45:00,1.152604818,1.152604818,1.152206421,1.15233922
2026-06-08 01:00:00,1.152604818,1.152737737,1.152472019,1.152604818
2026-06-08 01:15:00,1.152604818,1.152737737,1.152472019,1.152604818
2026-06-08 01:30:00,1.153136492,1.153136492,1.152604818,1.152604818
2026-06-08 01:45:00,1.153535604,1.153535604,1.153136492,1.153136492
2026-06-08 02:00:00,1.153535604,1.153801799,1.153535604,1.153668642
2026-06-08 02:15:00,1.152206421,1.153402567,1.152206421,1.153402567
2026-06-08 02:30:00,1.152737737,1.152737737,1.15154314,1.152206421
2026-06-08 02:45:00,1.152870655,1.153003573,1.152604818,1.152737737
2026-06-08 03:00:00,1.152604818,1.153003573,1.152472019,1.153003573
2026-06-08 03:15:00,1.153136492,1.153269529,1.152737737,1.152737737
2026-06-08 03:30:00,1.153269529,1.153269529,1.152870655,1.153269529
2026-06-08 03:45:00,1.153269529,1.153402567,1.153136492,1.153136492
2026-06-08 04:00:00,1.153003573,1.153269529,1.153003573,1.153269529
2026-06-08 04:15:00,1.153003573,1.153136492,1.153003573,1.153003573
2026-06-08 04:30:00,1.153269529,1.153269529,1.153136492,1.153136492
2026-06-08 04:45:00,1.153535604,1.153535604,1.153269529,1.153402567
2026-06-08 05:00:00,1.153535604,1.153535604,1.153402567,1.153535604
2026-06-08 05:15:00,1.153668642,1.153668642,1.153402567,1.153668642
2026-06-08 05:30:00,1.153402567,1.153668642,1.153402567,1.153668642
2026-06-08 05:45:00,1.153402567,1.153535604,1.153402567,1.153402567
2026-06-08 06:00:00,1.153535604,1.153801799,1.153535604,1.153535604
2026-06-08 06:15:00,1.153801799,1.154334545,1.153668642,1.153668642
2026-06-08 06:30:00,1.153136492,1.153801799,1.152870655,1.153801799
2026-06-08 06:45:00,1.152206421,1.153269529,1.152073741,1.153136492
2026-06-08 07:00:00,1.152206421,1.152604818,1.152073741,1.152206421
2026-06-08 07:15:00,1.152737737,1.152737737,1.152206421,1.152206421
2026-06-08 07:30:00,1.15233922,1.152604818,1.151941061,1.152604818
2026-06-08 07:45:00,1.151941061,1.152472019,1.151675701,1.152206421
2026-06-08 08:00:00,1.152870655,1.152870655,1.151808381,1.151941061
2026-06-08 08:15:00,1.152870655,1.153003573,1.152472019,1.152472019
2026-06-08 08:30:00,1.152737737,1.152870655,1.15233922,1.152604818
2026-06-08 08:45:00,1.152073741,1.152870655,1.152073741,1.152870655
2026-06-08 09:00:00,1.152206421,1.152472019,1.151808381,1.151941061
2026-06-08 09:15:00,1.152073741,1.152206421,1.151808381,1.152206421
2026-06-08 09:30:00,1.151675701,1.15233922,1.15154314,1.152206421
2026-06-08 09:45:00,1.15141046,1.151941061,1.1512779,1.151941061
2026-06-08 10:00:00,1.150880456,1.15141046,1.150880456,1.151145339
2026-06-08 10:15:00,1.150615573,1.151145339,1.150615573,1.151012897
2026-06-08 10:30:00,1.150880456,1.1512779,1.150350809,1.150483251
2026-06-08 10:45:00,1.151675701,1.151675701,1.150880456,1.150880456
2026-06-08 11:00:00,1.151941061,1.152073741,1.15141046,1.15154314
2026-06-08 11:15:00,1.151941061,1.15233922,1.151808381,1.152073741
2026-06-08 11:30:00,1.152870655,1.152870655,1.151941061,1.152073741
2026-06-08 11:45:00,1.152870655,1.153136492,1.152737737,1.152870655
2026-06-08 12:00:00,1.153269529,1.153402567,1.152737737,1.152737737
2026-06-08 12:15:00,1.154201269,1.154334545,1.153535604,1.153801799
2026-06-08 12:30:00,1.153934956,1.154601097,1.153934956,1.154467821
2026-06-08 12:45:00,1.153934956,1.154201269,1.153668642,1.153934956
2026-06-08 13:00:00,1.154334545,1.154734373,1.154068112,1.154068112
2026-06-08 13:15:00,1.154334545,1.154334545,1.154068112,1.154068112
2026-06-08 13:30:00,1.154467821,1.154601097,1.154068112,1.154334545
2026-06-08 13:45:00,1.154467821,1.154467821,1.153934956,1.154467821
2026-06-08 14:00:00,1.154734373,1.154867768,1.154467821,1.154601097
2026-06-08 14:15:00,1.155268073,1.155802131,1.154601097,1.154734373
2026-06-08 14:30:00,1.154867768,1.155534983,1.154867768,1.155401587
2026-06-08 14:45:00,1.154601097,1.155134559,1.154601097,1.155001163
2026-06-08 15:00:00,1.154201269,1.154734373,1.154201269,1.154467821
2026-06-08 15:15:00,1.153934956,1.154201269,1.153668642,1.154201269
2026-06-08 15:30:00,1.153801799,1.154201269,1.153801799,1.153934956
2026-06-08 15:45:00,1.154467821,1.154467821,1.153801799,1.153934956
2026-06-08 16:00:00,1.155001163,1.155001163,1.154467821,1.154734373
2026-06-08 16:15:00,1.154334545,1.155001163,1.154334545,1.154867768
2026-06-08 16:30:00,1.154334545,1.154334545,1.154068112,1.154334545
2026-06-08 16:45:00,1.154867768,1.155001163,1.154334545,1.154334545
2026-06-08 17:00:00,1.154601097,1.154867768,1.154601097,1.154734373
2026-06-08 17:15:00,1.154601097,1.154734373,1.154467821,1.154734373
2026-06-08 17:30:00,1.154467821,1.154601097,1.154467821,1.154601097
2026-06-08 17:45:00,1.154334545,1.154601097,1.154334545,1.154601097
2026-06-08 18:00:00,1.154334545,1.154467821,1.154201269,1.154334545
2026-06-08 18:15:00,1.154334545,1.154467821,1.154201269,1.154467821
2026-06-08 18:30:00,1.154334545,1.154334545,1.153934956,1.154334545
2026-06-08 18:45:00,1.154201269,1.154334545,1.154201269,1.154334545
2026-06-08 19:00:00,1.154334545,1.154601097,1.154201269,1.154201269
2026-06-08 19:15:00,1.154334545,1.154334545,1.154201269,1.154334545
2026-06-08 19:30:00,1.154068112,1.154467821,1.154068112,1.154467821
2026-06-08 19:45:00,1.153269529,1.153934956,1.153269529,1.153934956
2026-06-08 20:00:00,1.153535604,1.153668642,1.153136492,1.153136492
2026-06-08 20:15:00,1.153535604,1.153535604,1.153402567,1.153402567
2026-06-08 20:30:00,1.153535604,1.153801799,1.153535604,1.153535604
2026-06-08 20:45:00,1.153402567,1.153535604,1.153402567,1.153535604
2026-06-08 21:00:00,1.153535604,1.153535604,1.153402567,1.153402567
2026-06-08 21:15:00,1.153535604,1.153668642,1.153402567,1.153535604
2026-06-08 21:30:00,1.153535604,1.153668642,1.153402567,1.153668642
2026-06-08 21:45:00,1.153535604,1.153535604,1.153402567,1.153535604
2026-06-08 22:00:00,1.153668642,1.154201269,1.153136492,1.153668642
2026-06-08 22:15:00,1.153801799,1.154334545,1.153535604,1.153535604
2026-06-08 22:30:00,1.154068112,1.154201269,1.153801799,1.153801799
2026-06-08 22:45:00,1.154068112,1.154201269,1.153934956,1.154068112
2026-06-08 23:00:00,1.153668642,1.153801799,1.153668642,1.153801799
2026-06-08 23:15:00,1.153668642,1.153801799,1.153668642,1.153668642
2026-06-08 23:30:00,1.153668642,1.153668642,1.153668642,1.153668642
2026-06-08 23:45:00,1.153668642,1.153668642,1.153535604,1.153668642
2026-06-09 00:00:00,1.153668642,1.153801799,1.153668642,1.153668642
2026-06-09 00:15:00,1.153402567,1.153801799,1.153402567,1.153801799
2026-06-09 00:30:00,1.153402567,1.153402567,1.153269529,1.153402567
2026-06-09 00:45:00,1.153136492,1.153402567,1.153136492,1.153402567
2026-06-09 01:00:00,1.153269529,1.153402567,1.153136492,1.153136492
2026-06-09 01:15:00,1.153269529,1.153269529,1.153136492,1.153136492
2026-06-09 01:30:00,1.153402567,1.153402567,1.153136492,1.153269529
2026-06-09 01:45:00,1.153402567,1.153402567,1.153136492,1.153402567
2026-06-09 02:00:00,1.153668642,1.153668642,1.153402567,1.153402567
2026-06-09 02:15:00,1.153934956,1.153934956,1.153668642,1.153668642
2026-06-09 02:30:00,1.153934956,1.154068112,1.153801799,1.153801799
2026-06-09 02:45:00,1.154201269,1.154201269,1.154068112,1.154068112
2026-06-09 03:00:00,1.154334545,1.154334545,1.154201269,1.154334545
2026-06-09 03:15:00,1.154201269,1.154201269,1.154068112,1.154201269
2026-06-09 03:30:00,1.154201269,1.154334545,1.154068112,1.154201269
2026-06-09 03:45:00,1.154068112,1.154201269,1.154068112,1.154201269
2026-06-09 04:00:00,1.154201269,1.154334545,1.153934956,1.154068112
2026-06-09 04:15:00,1.154068112,1.154334545,1.153801799,1.154334545
2026-06-09 04:30:00,1.154068112,1.154068112,1.153934956,1.154068112
2026-06-09 04:45:00,1.154068112,1.154068112,1.153934956,1.154068112
2026-06-09 05:00:00,1.154334545,1.154334545,1.154068112,1.154201269
2026-06-09 05:15:00,1.154467821,1.154467821,1.154201269,1.154334545
2026-06-09 05:30:00,1.154867768,1.155001163,1.154334545,1.154467821
2026-06-09 05:45:00,1.154867768,1.155134559,1.154867768,1.154867768
2026-06-09 06:00:00,1.154334545,1.154867768,1.154334545,1.154867768
2026-06-09 06:15:00,1.154601097,1.154601097,1.154334545,1.154334545
2026-06-09 06:30:00,1.154867768,1.155001163,1.154467821,1.154601097
2026-06-09 06:45:00,1.154734373,1.155134559,1.154734373,1.154867768
2026-06-09 07:00:00,1.155268073,1.155268073,1.154734373,1.154734373
2026-06-09 07:15:00,1.155268073,1.155534983,1.155268073,1.155268073
2026-06-09 07:30:00,1.154867768,1.155268073,1.154867768,1.155268073
2026-06-09 07:45:00,1.154734373,1.155001163,1.154734373,1.155001163
2026-06-09 08:00:00,1.154467821,1.154867768,1.154467821,1.154867768
2026-06-09 08:15:00,1.154467821,1.154601097,1.154068112,1.154334545
2026-06-09 08:30:00,1.154467821,1.154467821,1.154201269,1.154334545
2026-06-09 08:45:00,1.154334545,1.154601097,1.154334545,1.154467821
2026-06-09 09:00:00,1.154334545,1.154467821,1.154068112,1.154201269
2026-06-09 09:15:00,1.154867768,1.154867768,1.154334545,1.154334545
2026-06-09 09:30:00,1.155001163,1.155001163,1.154734373,1.154867768
2026-06-09 09:45:00,1.155401587,1.155534983,1.154867768,1.155001163
2026-06-09 10:00:00,1.155935645,1.155935645,1.155401587,1.155401587
2026-06-09 10:15:00,1.155935645,1.156203032,1.155935645,1.155935645
2026-06-09 10:30:00,1.156336784,1.156336784,1.155935645,1.155935645
2026-06-09 10:45:00,1.156470418,1.156604171,1.156336784,1.156336784
2026-06-09 11:00:00,1.156470418,1.156604171,1.156470418,1.156470418
2026-06-09 11:15:00,1.156871796,1.157005668,1.156604171,1.156604171
2026-06-09 11:30:00,1.15713954,1.15713954,1.156871796,1.156871796
2026-06-09 11:45:00,1.156871796,1.157273531,1.156871796,1.15713954
2026-06-09 12:00:00,1.15713954,1.157273531,1.156871796,1.156871796
2026-06-09 12:15:00,1.157541394,1.157541394,1.15713954,1.15713954
2026-06-09 12:30:00,1.15713954,1.157541394,1.15713954,1.157541394
2026-06-09 12:45:00,1.157541394,1.157675385,1.15713954,1.15713954
2026-06-09 13:00:00,1.157407403,1.157809496,1.157407403,1.157675385
2026-06-09 13:15:00,1.157407403,1.157541394,1.157273531,1.157541394
2026-06-09 13:30:00,1.157675385,1.157675385,1.157273531,1.157273531
2026-06-09 13:45:00,1.157809496,1.157809496,1.157541394,1.157675385
2026-06-09 14:00:00,1.158077598,1.158077598,1.157809496,1.157943487
2026-06-09 14:15:00,1.157541394,1.157943487,1.157541394,1.157943487
2026-06-09 14:30:00,1.156871796,1.157541394,1.156738043,1.157541394
2026-06-09 14:45:00,1.15713954,1.157809496,1.156738043,1.156738043
2026-06-09 15:00:00,1.157005668,1.157675385,1.157005668,1.15713954
2026-06-09 15:15:00,1.156738043,1.157005668,1.156336784,1.156738043
2026-06-09 15:30:00,1.156738043,1.157273531,1.156604171,1.156738043
2026-06-09 15:45:00,1.156604171,1.156871796,1.156470418,1.156604171
2026-06-09 16:00:00,1.156738043,1.157005668,1.156470418,1.156604171
2026-06-09 16:15:00,1.156069398,1.156738043,1.156069398,1.156738043
2026-06-09 16:30:00,1.155534983,1.156336784,1.155001163,1.156336784
2026-06-09 16:45:00,1.155935645,1.155935645,1.155534983,1.155668497
2026-06-09 17:00:00,1.155134559,1.156069398,1.155134559,1.155935645
2026-06-09 17:15:00,1.155001163,1.155001163,1.154601097,1.155001163
2026-06-09 17:30:00,1.153934956,1.155134559,1.153269529,1.154867768
2026-06-09 17:45:00,1.154201269,1.154201269,1.153668642,1.153934956
2026-06-09 18:00:00,1.154601097,1.154734373,1.154467821,1.154467821
2026-06-09 18:15:00,1.155401587,1.155534983,1.154601097,1.154601097
2026-06-09 18:30:00,1.155534983,1.155534983,1.155134559,1.155401587
2026-06-09 18:45:00,1.155134559,1.155401587,1.155001163,1.155401587
2026-06-09 19:00:00,1.155268073,1.155268073,1.155001163,1.155134559
2026-06-09 19:15:00,1.155534983,1.155668497,1.155134559,1.155268073
2026-06-09 19:30:00,1.155401587,1.155668497,1.155268073,1.155534983
2026-06-09 19:45:00,1.155268073,1.155401587,1.155134559,1.155268073
2026-06-09 20:00:00,1.155001163,1.155268073,1.155001163,1.155268073
2026-06-09 20:15:00,1.154601097,1.155001163,1.154601097,1.155001163
2026-06-09 20:30:00,1.154467821,1.154734373,1.154467821,1.154601097
2026-06-09 20:45:00,1.154467821,1.154601097,1.154334545,1.154467821
2026-06-09 21:00:00,1.154601097,1.154734373,1.154467821,1.154467821
2026-06-09 21:15:00,1.154734373,1.154867768,1.154601097,1.154601097
2026-06-09 21:30:00,1.154734373,1.154734373,1.154601097,1.154734373
2026-06-09 21:45:00,1.154734373,1.154734373,1.154601097,1.154734373
2026-06-09 22:00:00,1.154867768,1.155134559,1.154467821,1.154601097
2026-06-09 22:15:00,1.154334545,1.154867768,1.154334545,1.154867768
2026-06-09 22:30:00,1.154068112,1.154467821,1.153934956,1.154467821
2026-06-09 22:45:00,1.154201269,1.154334545,1.153934956,1.153934956
2026-06-09 23:00:00,1.154334545,1.154334545,1.153934956,1.154201269
2026-06-09 23:15:00,1.154334545,1.154334545,1.154201269,1.154201269
2026-06-09 23:30:00,1.154201269,1.154467821,1.154201269,1.154467821
2026-06-09 23:45:00,1.154068112,1.154068112,1.153934956,1.154068112
2026-06-10 00:00:00,1.154201269,1.154201269,1.153934956,1.153934956
2026-06-10 00:15:00,1.153934956,1.154201269,1.153801799,1.154201269
2026-06-10 00:30:00,1.154068112,1.154068112,1.153801799,1.153801799
2026-06-10 00:45:00,1.153801799,1.153934956,1.153801799,1.153934956
2026-06-10 01:00:00,1.154334545,1.154334545,1.153668642,1.153801799
2026-06-10 01:15:00,1.154467821,1.154467821,1.154201269,1.154467821
2026-06-10 01:30:00,1.153668642,1.154467821,1.153668642,1.154467821
2026-06-10 01:45:00,1.154601097,1.154601097,1.153668642,1.153801799
2026-06-10 02:00:00,1.154334545,1.154601097,1.154201269,1.154467821
2026-06-10 02:15:00,1.154334545,1.154601097,1.154201269,1.154201269
2026-06-10 02:30:00,1.154201269,1.154334545,1.154068112,1.154201269
2026-06-10 02:45:00,1.154068112,1.154334545,1.153934956,1.154201269
2026-06-10 03:00:00,1.154334545,1.154334545,1.154068112,1.154201269
2026-06-10 03:15:00,1.154601097,1.154601097,1.154334545,1.154334545
2026-06-10 03:30:00,1.154601097,1.154734373,1.154601097,1.154734373
2026-06-10 03:45:00,1.154601097,1.154734373,1.154467821,1.154734373
2026-06-10 04:00:00,1.155134559,1.155134559,1.154601097,1.154601097
2026-06-10 04:15:00,1.155001163,1.155268073,1.155001163,1.155134559
2026-06-10 04:30:00,1.154867768,1.155134559,1.154867768,1.155001163
2026-06-10 04:45:00,1.155401587,1.155401587,1.154867768,1.154867768
2026-06-10 05:00:00,1.155134559,1.155401587,1.155134559,1.155401587
2026-06-10 05:15:00,1.155268073,1.155268073,1.155001163,1.155134559
2026-06-10 05:30:00,1.155001163,1.155134559,1.154867768,1.155134559
2026-06-10 05:45:00,1.154867768,1.155001163,1.154867768,1.155001163
2026-06-10 06:00:00,1.155134559,1.155268073,1.154867768,1.155001163
2026-06-10 06:15:00,1.155268073,1.155268073,1.154867768,1.155001163
2026-06-10 06:30:00,1.155802131,1.155802131,1.155401587,1.155401587
2026-06-10 06:45:00,1.155668497,1.155802131,1.155668497,1.155802131
2026-06-10 07:00:00,1.156069398,1.156069398,1.155802131,1.155802131
2026-06-10 07:15:00,1.155802131,1.156069398,1.155668497,1.155935645
2026-06-10 07:30:00,1.155802131,1.155935645,1.155802131,1.155935645
2026-06-10 07:45:00,1.155401587,1.155935645,1.155401587,1.155802131
2026-06-10 08:00:00,1.155802131,1.155802131,1.155134559,1.155134559
2026-06-10 08:15:00,1.155668497,1.156203032,1.155668497,1.155935645
2026-06-10 08:30:00,1.155668497,1.155802131,1.155668497,1.155668497
2026-06-10 08:45:00,1.155668497,1.155802131,1.155668497,1.155802131
2026-06-10 09:00:00,1.155401587,1.155668497,1.155268073,1.155668497
2026-06-10 09:15:00,1.155534983,1.155534983,1.155268073,1.155268073
2026-06-10 09:30:00,1.155534983,1.155668497,1.155401587,1.155668497
2026-06-10 09:45:00,1.155534983,1.155534983,1.155268073,1.155401587
2026-06-10 10:00:00,1.155534983,1.155935645,1.155534983,1.155668497
2026-06-10 10:15:00,1.155534983,1.155668497,1.155401587,1.155401587
2026-06-10 10:30:00,1.155935645,1.156069398,1.155668497,1.155668497
2026-06-10 10:45:00,1.156069398,1.156203032,1.155935645,1.156069398
2026-06-10 11:00:00,1.155935645,1.156203032,1.155935645,1.156069398
2026-06-10 11:15:00,1.156069398,1.156069398,1.155802131,1.156069398
2026-06-10 11:30:00,1.155668497,1.156069398,1.155668497,1.155935645
2026-06-10 11:45:00,1.155534983,1.155668497,1.155534983,1.155668497
2026-06-10 12:00:00,1.154867768,1.155534983,1.154068112,1.155534983
2026-06-10 12:15:00,1.154601097,1.155134559,1.154467821,1.155134559
2026-06-10 12:30:00,1.154201269,1.154734373,1.153934956,1.154734373
2026-06-10 12:45:00,1.154068112,1.154334545,1.154068112,1.154068112
2026-06-10 13:00:00,1.154334545,1.154334545,1.153934956,1.154068112
2026-06-10 13:15:00,1.154867768,1.154867768,1.154334545,1.154334545
2026-06-10 13:30:00,1.155935645,1.156203032,1.154734373,1.155534983
2026-06-10 13:45:00,1.155401587,1.156604171,1.155401587,1.156336784
2026-06-10 14:00:00,1.155668497,1.155668497,1.155134559,1.155268073
2026-06-10 14:15:00,1.156069398,1.156336784,1.155668497,1.155802131
2026-06-10 14:30:00,1.157273531,1.157273531,1.156069398,1.156069398
2026-06-10 14:45:00,1.156604171,1.157541394,1.156604171,1.157407403
2026-06-10 15:00:00,1.157005668,1.157005668,1.156336784,1.156470418
2026-06-10 15:15:00,1.155935645,1.156604171,1.155935645,1.156604171
2026-06-10 15:30:00,1.156069398,1.156336784,1.155935645,1.156069398
2026-06-10 15:45:00,1.155534983,1.156069398,1.155401587,1.156069398
2026-06-10 16:00:00,1.155401587,1.155802131,1.155134559,1.155534983
2026-06-10 16:15:00,1.155802131,1.155935645,1.155134559,1.155401587
2026-06-10 16:30:00,1.155534983,1.155935645,1.155534983,1.155802131
2026-06-10 16:45:00,1.155134559,1.155668497,1.154734373,1.155668497
2026-06-10 17:00:00,1.156069398,1.156069398,1.155401587,1.155401587
2026-06-10 17:15:00,1.155935645,1.156069398,1.155802131,1.156069398
2026-06-10 17:30:00,1.155935645,1.156203032,1.155935645,1.156069398
2026-06-10 17:45:00,1.155668497,1.155935645,1.155534983,1.155935645
2026-06-10 18:00:00,1.155401587,1.155935645,1.155268073,1.155668497
2026-06-10 18:15:00,1.155401587,1.155401587,1.155268073,1.155401587
2026-06-10 18:30:00,1.154867768,1.155268073,1.154867768,1.155268073
2026-06-10 18:45:00,1.155668497,1.155668497,1.154867768,1.154867768
2026-06-10 19:00:00,1.155802131,1.156069398,1.155668497,1.155668497
2026-06-10 19:15:00,1.155534983,1.155802131,1.155401587,1.155802131
2026-06-10 19:30:00,1.155401587,1.155401587,1.155134559,1.155401587
2026-06-10 19:45:00,1.155268073,1.155534983,1.155268073,1.155268073
2026-06-10 20:00:00,1.154734373,1.155134559,1.154734373,1.155134559
2026-06-10 20:15:00,1.154734373,1.154867768,1.154601097,1.154734373
2026-06-10 20:30:00,1.155001163,1.155001163,1.154734373,1.154734373
2026-06-10 20:45:00,1.154467821,1.155001163,1.154467821,1.155001163
2026-06-10 21:00:00,1.154068112,1.154467821,1.154068112,1.154467821
2026-06-10 21:15:00,1.154334545,1.154334545,1.154068112,1.154068112
2026-06-10 21:30:00,1.154068112,1.154334545,1.154068112,1.154201269
2026-06-10 21:45:00,1.153934956,1.154068112,1.153801799,1.154068112
2026-06-10 22:00:00,1.154467821,1.154467821,1.153934956,1.153934956
2026-06-10 22:15:00,1.154068112,1.155134559,1.154068112,1.154201269
2026-06-10 22:30:00,1.154068112,1.154334545,1.153934956,1.153934956
2026-06-10 22:45:00,1.153801799,1.154467821,1.153801799,1.154201269
2026-06-10 23:00:00,1.153136492,1.153934956,1.153136492,1.153801799
2026-06-10 23:15:00,1.153402567,1.153535604,1.153269529,1.153402567
2026-06-10 23:30:00,1.153801799,1.153801799,1.153402567,1.153402567
2026-06-10 23:45:00,1.153535604,1.153801799,1.153535604,1.153801799
2026-06-11 00:00:00,1.153003573,1.153402567,1.153003573,1.153269529
2026-06-11 00:15:00,1.153934956,1.153934956,1.153003573,1.153003573
2026-06-11 00:30:00,1.153934956,1.154068112,1.153535604,1.153934956
2026-06-11 00:45:00,1.153801799,1.153934956,1.153668642,1.153934956
2026-06-11 01:00:00,1.154334545,1.154334545,1.153934956,1.153934956
2026-06-11 01:15:00,1.154467821,1.154601097,1.154201269,1.154201269
2026-06-11 01:30:00,1.154467821,1.154601097,1.154334545,1.154467821
2026-06-11 01:45:00,1.154601097,1.154601097,1.154334545,1.154467821
2026-06-11 02:00:00,1.155534983,1.155534983,1.154601097,1.154734373
2026-06-11 02:15:00,1.155802131,1.155935645,1.155268073,1.155534983
2026-06-11 02:30:00,1.155668497,1.155935645,1.155668497,1.155802131
2026-06-11 02:45:00,1.155668497,1.155935645,1.155668497,1.155802131
2026-06-11 03:00:00,1.155668497,1.155668497,1.155534983,1.155668497
2026-06-11 03:15:00,1.155134559,1.155534983,1.155134559,1.155534983
2026-06-11 03:30:00,1.155134559,1.155268073,1.155001163,1.155134559
2026-06-11 03:45:00,1.155134559,1.155134559,1.155001163,1.155134559
2026-06-11 04:00:00,1.154734373,1.155268073,1.154734373,1.155134559
2026-06-11 04:15:00,1.155001163,1.155001163,1.154867768,1.154867768
2026-06-11 04:30:00,1.155001163,1.155134559,1.155001163,1.155001163
2026-06-11 04:45:00,1.154867768,1.155001163,1.154867768,1.155001163
2026-06-11 05:00:00,1.154867768,1.154867768,1.154601097,1.154867768
2026-06-11 05:15:00,1.155001163,1.155001163,1.154867768,1.154867768
2026-06-11 05:30:00,1.155268073,1.155268073,1.155001163,1.155134559
2026-06-11 05:45:00,1.155134559,1.155401587,1.155134559,1.155134559
2026-06-11 06:00:00,1.155268073,1.155268073,1.155001163,1.155134559
2026-06-11 06:15:00,1.155268073,1.155401587,1.155268073,1.155401587
2026-06-11 06:30:00,1.155268073,1.155401587,1.155268073,1.155401587
2026-06-11 06:45:00,1.155134559,1.155268073,1.154867768,1.155268073
2026-06-11 07:00:00,1.154867768,1.155001163,1.154601097,1.155001163
2026-06-11 07:15:00,1.154734373,1.155134559,1.154734373,1.155001163
2026-06-11 07:30:00,1.154601097,1.155001163,1.154601097,1.154734373
2026-06-11 07:45:00,1.154467821,1.154867768,1.154467821,1.154867768
2026-06-11 08:00:00,1.155001163,1.155134559,1.154467821,1.154601097
2026-06-11 08:15:00,1.155534983,1.155802131,1.155001163,1.155001163
2026-06-11 08:30:00,1.155134559,1.155668497,1.155001163,1.155668497
2026-06-11 08:45:00,1.154867768,1.155001163,1.154734373,1.155001163
2026-06-11 09:00:00,1.154467821,1.154867768,1.154467821,1.154867768
2026-06-11 09:15:00,1.154201269,1.154467821,1.154201269,1.154467821
2026-06-11 09:30:00,1.154068112,1.154334545,1.154068112,1.154201269
2026-06-11 09:45:00,1.153668642,1.154201269,1.153535604,1.154201269
2026-06-11 10:00:00,1.153668642,1.153668642,1.153402567,1.153535604
2026-06-11 10:15:00,1.153668642,1.154068112,1.153535604,1.153801799
2026-06-11 10:30:00,1.153668642,1.153668642,1.153402567,1.153535604
2026-06-11 10:45:00,1.153801799,1.153934956,1.153668642,1.153801799
2026-06-11 11:00:00,1.153003573,1.153801799,1.153003573,1.153801799
2026-06-11 11:15:00,1.153003573,1.153003573,1.152737737,1.153003573
2026-06-11 11:30:00,1.153003573,1.153136492,1.152870655,1.152870655
2026-06-11 11:45:00,1.153402567,1.153535604,1.153003573,1.153136492
2026-06-11 12:00:00,1.154201269,1.154201269,1.153535604,1.153535604
2026-06-11 12:15:00,1.154068112,1.154201269,1.153934956,1.154201269
2026-06-11 12:30:00,1.154201269,1.154334545,1.154068112,1.154068112
2026-06-11 12:45:00,1.154201269,1.154201269,1.153934956,1.154068112
2026-06-11 13:00:00,1.153668642,1.154334545,1.153668642,1.154201269
2026-06-11 13:15:00,1.152870655,1.154068112,1.15233922,1.153801799
2026-06-11 13:30:00,1.153003573,1.153269529,1.15233922,1.153003573
2026-06-11 13:45:00,1.154334545,1.154467821,1.153269529,1.153269529
2026-06-11 14:00:00,1.153136492,1.154201269,1.153003573,1.154201269
2026-06-11 14:15:00,1.153402567,1.153402567,1.152206421,1.152870655
2026-06-11 14:30:00,1.153668642,1.153668642,1.153136492,1.153402567
2026-06-11 14:45:00,1.153402567,1.154068112,1.153269529,1.153402567
2026-06-11 15:00:00,1.152604818,1.153402567,1.152472019,1.153402567
2026-06-11 15:15:00,1.152604818,1.152737737,1.152472019,1.152737737
2026-06-11 15:30:00,1.152206421,1.152472019,1.151941061,1.152472019
2026-06-11 15:45:00,1.152073741,1.152206421,1.151941061,1.152206421
2026-06-11 16:00:00,1.152073741,1.152604818,1.151808381,1.15233922
2026-06-11 16:15:00,1.152737737,1.152737737,1.152073741,1.152073741
2026-06-11 16:30:00,1.152206421,1.152604818,1.152206421,1.152604818
2026-06-11 16:45:00,1.151808381,1.15233922,1.151808381,1.15233922
2026-06-11 17:00:00,1.1512779,1.151941061,1.1512779,1.151808381
2026-06-11 17:15:00,1.1512779,1.15141046,1.151145339,1.1512779
2026-06-11 17:30:00,1.1512779,1.15141046,1.151145339,1.151145339
2026-06-11 17:45:00,1.1512779,1.15141046,1.151145339,1.1512779
2026-06-11 18:00:00,1.150880456,1.1512779,1.150748014,1.1512779
2026-06-11 18:15:00,1.152206421,1.152206421,1.150615573,1.150880456
2026-06-11 18:30:00,1.156604171,1.156604171,1.152870655,1.153003573
2026-06-11 18:45:00,1.155534983,1.156470418,1.155134559,1.156470418
2026-06-11 19:00:00,1.155534983,1.155534983,1.154601097,1.155534983
2026-06-11 19:15:00,1.156069398,1.156336784,1.155534983,1.155534983
2026-06-11 19:30:00,1.155935645,1.156069398,1.155534983,1.155935645
2026-06-11 19:45:00,1.156470418,1.156871796,1.156203032,1.156203032
2026-06-11 20:00:00,1.157675385,1.157675385,1.156470418,1.156470418
2026-06-11 20:15:00,1.158480048,1.158480048,1.157675385,1.157809496
2026-06-11 20:30:00,1.158480048,1.158882856,1.158345819,1.158480048
2026-06-11 20:45:00,1.158211708,1.158345819,1.158211708,1.158211708
2026-06-11 21:00:00,1.158345819,1.158614278,1.158211708,1.158211708
2026-06-11 21:15:00,1.158345819,1.158614278,1.158345819,1.158345819
2026-06-11 21:30:00,1.158077598,1.158480048,1.158077598,1.158480048
2026-06-11 21:45:00,1.158211708,1.158345819,1.157943487,1.158077598
2026-06-11 22:00:00,1.158077598,1.158345819,1.157675385,1.158077598
2026-06-11 22:15:00,1.157943487,1.158614278,1.157943487,1.158614278
2026-06-11 22:30:00,1.158480048,1.158480048,1.157675385,1.157675385
2026-06-11 22:45:00,1.158211708,1.158345819,1.157809496,1.157809496
2026-06-11 23:00:00,1.158077598,1.158480048,1.157943487,1.158211708
2026-06-11 23:15:00,1.157809496,1.158077598,1.157675385,1.157943487
2026-06-11 23:30:00,1.158211708,1.158211708,1.157675385,1.157809496
2026-06-11 23:45:00,1.158614278,1.158748627,1.158211708,1.158211708
2026-06-12 00:00:00,1.158614278,1.158882856,1.158614278,1.158748627
2026-06-12 00:15:00,1.158077598,1.158614278,1.158077598,1.158614278
2026-06-12 00:30:00,1.158077598,1.158077598,1.157943487,1.158077598
2026-06-12 00:45:00,1.157809496,1.158077598,1.157809496,1.157943487
2026-06-12 01:00:00,1.157541394,1.157943487,1.157273531,1.157943487
2026-06-12 01:15:00,1.157541394,1.157541394,1.157273531,1.157407403
2026-06-12 01:30:00,1.157005668,1.157541394,1.157005668,1.157407403
2026-06-12 01:45:00,1.15713954,1.157407403,1.157005668,1.157005668
2026-06-12 02:00:00,1.157005668,1.157273531,1.156738043,1.157273531
2026-06-12 02:15:00,1.156470418,1.156871796,1.156470418,1.156871796
2026-06-12 02:30:00,1.156604171,1.157005668,1.156604171,1.156604171
2026-06-12 02:45:00,1.156604171,1.156871796,1.156604171,1.156604171
2026-06-12 03:00:00,1.157273531,1.157273531,1.156604171,1.156604171
2026-06-12 03:15:00,1.157005668,1.157273531,1.156871796,1.157273531
2026-06-12 03:30:00,1.156871796,1.157005668,1.156738043,1.156871796
2026-06-12 03:45:00,1.157005668,1.157005668,1.156871796,1.157005668
2026-06-12 04:00:00,1.157005668,1.15713954,1.156871796,1.157005668
2026-06-12 04:15:00,1.157273531,1.157273531,1.157005668,1.157005668
2026-06-12 04:30:00,1.157675385,1.157809496,1.157407403,1.157407403
2026-06-12 04:45:00,1.157541394,1.157675385,1.157407403,1.157675385
2026-06-12 05:00:00,1.157407403,1.157541394,1.157273531,1.157541394
2026-06-12 05:15:00,1.157541394,1.157541394,1.157407403,1.157541394
2026-06-12 05:30:00,1.157809496,1.157809496,1.157407403,1.157407403
2026-06-12 05:45:00,1.157407403,1.157809496,1.157407403,1.157809496
2026-06-12 06:00:00,1.157273531,1.157541394,1.15713954,1.157541394
2026-06-12 06:15:00,1.156871796,1.15713954,1.156871796,1.15713954
2026-06-12 06:30:00,1.156604171,1.156871796,1.156604171,1.156738043
2026-06-12 06:45:00,1.156203032,1.156738043,1.156203032,1.156738043
2026-06-12 07:00:00,1.157005668,1.15713954,1.156336784,1.156336784
2026-06-12 07:15:00,1.157005668,1.15713954,1.156871796,1.156871796
2026-06-12 07:30:00,1.15713954,1.157407403,1.156871796,1.157005668
2026-06-12 07:45:00,1.157675385,1.157675385,1.15713954,1.157273531
2026-06-12 08:00:00,1.156738043,1.157541394,1.156738043,1.157541394
2026-06-12 08:15:00,1.156604171,1.157005668,1.156604171,1.156871796
2026-06-12 08:30:00,1.156470418,1.156604171,1.156069398,1.156470418
2026-06-12 08:45:00,1.157005668,1.157005668,1.156069398,1.156336784
2026-06-12 09:00:00,1.157407403,1.157407403,1.157005668,1.157005668
2026-06-12 09:15:00,1.158077598,1.158748627,1.157273531,1.157273531
2026-06-12 09:30:00,1.158211708,1.158614278,1.157943487,1.157943487
2026-06-12 09:45:00,1.158077598,1.158480048,1.157943487,1.158480048
2026-06-12 10:00:00,1.158077598,1.158077598,1.157675385,1.158077598
2026-06-12 10:15:00,1.159151554,1.159285784,1.158077598,1.158077598
2026-06-12 10:30:00,1.159017205,1.159151554,1.158882856,1.159151554
2026-06-12 10:45:00,1.158882856,1.159017205,1.158480048,1.158882856
2026-06-12 11:00:00,1.158614278,1.158882856,1.158614278,1.158748627
2026-06-12 11:15:00,1.157675385,1.158748627,1.157541394,1.158614278
2026-06-12 11:30:00,1.157943487,1.158211708,1.157675385,1.157675385
2026-06-12 11:45:00,1.157675385,1.158077598,1.157541394,1.157943487
2026-06-12 12:00:00,1.157675385,1.157809496,1.157541394,1.157809496
2026-06-12 12:15:00,1.157943487,1.158077598,1.157809496,1.157943487
2026-06-12 12:30:00,1.158211708,1.158211708,1.157675385,1.157809496
2026-06-12 12:45:00,1.157541394,1.158345819,1.157541394,1.158345819
2026-06-12 13:00:00,1.15713954,1.157541394,1.157005668,1.157407403
2026-06-12 13:15:00,1.156470418,1.157273531,1.156470418,1.15713954
2026-06-12 13:30:00,1.156738043,1.156871796,1.156470418,1.156470418
2026-06-12 13:45:00,1.156738043,1.156738043,1.156470418,1.156470418
2026-06-12 14:00:00,1.156871796,1.15713954,1.156604171,1.156738043
2026-06-12 14:15:00,1.157943487,1.157943487,1.157005668,1.157005668
2026-06-12 14:30:00,1.157273531,1.158077598,1.156871796,1.157943487
2026-06-12 14:45:00,1.157273531,1.157541394,1.15713954,1.15713954
2026-06-12 15:00:00,1.157675385,1.158077598,1.15713954,1.15713954
2026-06-12 15:15:00,1.157407403,1.157675385,1.15713954,1.157675385
2026-06-12 15:30:00,1.157675385,1.157943487,1.157273531,1.157273531
2026-06-12 15:45:00,1.157943487,1.158077598,1.15713954,1.157541394
2026-06-12 16:00:00,1.157943487,1.157943487,1.157541394,1.157541394
2026-06-12 16:15:00,1.158614278,1.158614278,1.157943487,1.158077598
2026-06-12 16:30:00,1.158077598,1.158614278,1.157943487,1.158614278
2026-06-12 16:45:00,1.157675385,1.158211708,1.157675385,1.157943487
2026-06-12 17:00:00,1.157675385,1.157675385,1.157273531,1.157675385
2026-06-12 17:15:00,1.157541394,1.157809496,1.157407403,1.157675385
2026-06-12 17:30:00,1.157541394,1.157809496,1.157541394,1.157675385
2026-06-12 17:45:00,1.157809496,1.157809496,1.157675385,1.157675385
2026-06-12 18:00:00,1.157541394,1.158077598,1.157541394,1.157943487
2026-06-12 18:15:00,1.157943487,1.157943487,1.157675385,1.157675385
2026-06-12 18:30:00,1.157943487,1.157943487,1.157809496,1.157943487
2026-06-12 18:45:00,1.157809496,1.157943487,1.157675385,1.157943487
2026-06-12 19:00:00,1.157675385,1.157809496,1.157541394,1.157809496
2026-06-12 19:15:00,1.157809496,1.157943487,1.157675385,1.157675385
2026-06-12 19:30:00,1.158077598,1.158211708,1.157943487,1.157943487
2026-06-12 19:45:00,1.157943487,1.158211708,1.157943487,1.158077598
2026-06-12 20:00:00,1.157943487,1.158077598,1.157675385,1.157675385
2026-06-12 20:15:00,1.157809496,1.157943487,1.157675385,1.157809496
2026-06-12 20:30:00,1.157541394,1.157809496,1.157541394,1.157809496
2026-06-12 20:45:00,1.157407403,1.157541394,1.157273531,1.157407403
2026-06-12 21:00:00,1.157273531,1.157407403,1.157273531,1.157407403
2026-06-12 21:15:00,1.157273531,1.157407403,1.15713954,1.157273531
2026-06-12 21:30:00,1.157005668,1.15713954,1.157005668,1.15713954
2026-06-12 21:45:00,1.15713954,1.157273531,1.157005668,1.157005668
2026-06-12 22:00:00,1.157273531,1.157273531,1.15713954,1.15713954
2026-06-12 22:15:00,1.157273531,1.157273531,1.157273531,1.157273531
2026-06-15 00:00:00,1.160766125,1.161170483,1.160766125,1.161170483
2026-06-15 00:15:00,1.160766125,1.161035657,1.160766125,1.160900831
2026-06-15 00:30:00,1.161035657,1.161035657,1.160766125,1.160766125
2026-06-15 00:45:00,1.160631418,1.161170483,1.160631418,1.161035657
2026-06-15 01:00:00,1.161440134,1.161440134,1.160900831,1.160900831
2026-06-15 01:15:00,1.161035657,1.161440134,1.161035657,1.161305308
2026-06-15 01:30:00,1.160900831,1.161035657,1.160900831,1.161035657
2026-06-15 01:45:00,1.160227418,1.160900831,1.160227418,1.160900831
2026-06-15 02:00:00,1.160092831,1.160227418,1.159823656,1.160092831
2026-06-15 02:15:00,1.160227418,1.160227418,1.160092831,1.160092831
2026-06-15 02:30:00,1.159958243,1.160227418,1.159958243,1.160092831
2026-06-15 02:45:00,1.160092831,1.160496712,1.159958243,1.159958243
2026-06-15 03:00:00,1.159823656,1.160227418,1.159823656,1.160227418
2026-06-15 03:15:00,1.160092831,1.160227418,1.159823656,1.159823656
2026-06-15 03:30:00,1.160227418,1.160362005,1.160227418,1.160227418
2026-06-15 03:45:00,1.160227418,1.160362005,1.160092831,1.160227418
2026-06-15 04:00:00,1.160227418,1.160362005,1.160227418,1.160362005
2026-06-15 04:15:00,1.160496712,1.160496712,1.160227418,1.160227418
2026-06-15 04:30:00,1.160766125,1.160766125,1.160496712,1.160496712
2026-06-15 04:45:00,1.160766125,1.160766125,1.160766125,1.160766125
2026-06-15 05:00:00,1.160766125,1.160900831,1.160631418,1.160766125
2026-06-15 05:15:00,1.161170483,1.161170483,1.160766125,1.160766125
2026-06-15 05:30:00,1.161440134,1.161440134,1.161305308,1.161305308
2026-06-15 05:45:00,1.161575079,1.161710024,1.161440134,1.161440134
2026-06-15 06:00:00,1.162250042,1.162385225,1.161710024,1.161710024
2026-06-15 06:15:00,1.162115097,1.162385225,1.162115097,1.162250042
2026-06-15 06:30:00,1.161710024,1.162250042,1.161710024,1.162250042
2026-06-15 06:45:00,1.161980033,1.162115097,1.161844969,1.161844969
2026-06-15 07:00:00,1.161305308,1.162115097,1.161170483,1.162115097
2026-06-15 07:15:00,1.161170483,1.161440134,1.161035657,1.161305308
2026-06-15 07:30:00,1.161035657,1.161170483,1.160362005,1.160900831
2026-06-15 07:45:00,1.160900831,1.161170483,1.160900831,1.161170483
2026-06-15 08:00:00,1.161035657,1.161305308,1.160631418,1.160766125
2026-06-15 08:15:00,1.161170483,1.161440134,1.160900831,1.161035657
2026-06-15 08:30:00,1.161170483,1.161305308,1.160900831,1.161170483
2026-06-15 08:45:00,1.161035657,1.161035657,1.160766125,1.161035657
2026-06-15 09:00:00,1.160900831,1.161170483,1.160900831,1.160900831
2026-06-15 09:15:00,1.161170483,1.161305308,1.160900831,1.160900831
2026-06-15 09:30:00,1.160496712,1.161305308,1.160496712,1.161035657
2026-06-15 09:45:00,1.160496712,1.160496712,1.160092831,1.160362005
2026-06-15 10:00:00,1.161035657,1.161305308,1.160496712,1.160496712
2026-06-15 10:15:00,1.160900831,1.160900831,1.160766125,1.160766125
2026-06-15 10:30:00,1.161170483,1.161305308,1.160900831,1.160900831
2026-06-15 10:45:00,1.160900831,1.161170483,1.160900831,1.161170483
2026-06-15 11:00:00,1.161035657,1.161035657,1.160766125,1.160900831
2026-06-15 11:15:00,1.161440134,1.161440134,1.161035657,1.161035657
2026-06-15 11:30:00,1.161710024,1.161710024,1.161440134,1.161440134
2026-06-15 11:45:00,1.161305308,1.161575079,1.161305308,1.161575079
2026-06-15 12:00:00,1.161575079,1.161710024,1.161440134,1.161575079
2026-06-15 12:15:00,1.161035657,1.161440134,1.161035657,1.161440134
2026-06-15 12:30:00,1.160900831,1.161305308,1.160900831,1.161170483
2026-06-15 12:45:00,1.161305308,1.161710024,1.161170483,1.161170483
2026-06-15 13:00:00,1.161035657,1.161575079,1.161035657,1.161305308
2026-06-15 13:15:00,1.161305308,1.161305308,1.160766125,1.160900831
2026-06-15 13:30:00,1.161710024,1.161710024,1.161305308,1.161440134
2026-06-15 13:45:00,1.161844969,1.162115097,1.161710024,1.161844969
2026-06-15 14:00:00,1.161844969,1.161980033,1.161710024,1.161710024
2026-06-15 14:15:00,1.161980033,1.162115097,1.161844969,1.162115097
2026-06-15 14:30:00,1.161980033,1.162385225,1.161710024,1.161844969
2026-06-15 14:45:00,1.161980033,1.162115097,1.161710024,1.161980033
2026-06-15 15:00:00,1.161710024,1.162115097,1.161575079,1.161980033
2026-06-15 15:15:00,1.161575079,1.161844969,1.161305308,1.161844969
2026-06-15 15:30:00,1.161035657,1.161575079,1.160900831,1.161440134
2026-06-15 15:45:00,1.161305308,1.161575079,1.160900831,1.161035657
2026-06-15 16:00:00,1.160766125,1.161035657,1.160766125,1.160900831
2026-06-15 16:15:00,1.160631418,1.161035657,1.160496712,1.160900831
2026-06-15 16:30:00,1.160092831,1.160631418,1.160092831,1.160631418
2026-06-15 16:45:00,1.160227418,1.160227418,1.160092831,1.160092831
2026-06-15 17:00:00,1.160631418,1.160631418,1.160092831,1.160092831
2026-06-15 17:15:00,1.160766125,1.160766125,1.160496712,1.160631418
2026-06-15 17:30:00,1.160227418,1.160766125,1.160092831,1.160766125
2026-06-15 17:45:00,1.160766125,1.160900831,1.160362005,1.160362005
2026-06-15 18:00:00,1.160496712,1.160766125,1.160362005,1.160766125
2026-06-15 18:15:00,1.160362005,1.160631418,1.160227418,1.160631418
2026-06-15 18:30:00,1.160362005,1.160362005,1.160227418,1.160362005
2026-06-15 18:45:00,1.160227418,1.160362005,1.160227418,1.160362005
2026-06-15 19:00:00,1.160496712,1.160496712,1.160227418,1.160227418
2026-06-15 19:15:00,1.160092831,1.160496712,1.160092831,1.160496712
2026-06-15 19:30:00,1.159958243,1.160092831,1.159823656,1.159958243
2026-06-15 19:45:00,1.159823656,1.160227418,1.159823656,1.159823656
2026-06-15 20:00:00,1.15955472,1.159958243,1.159420252,1.159958243
2026-06-15 20:15:00,1.15955472,1.159689188,1.15955472,1.15955472
2026-06-15 20:30:00,1.159689188,1.159689188,1.15955472,1.159689188
2026-06-15 20:45:00,1.158882856,1.159689188,1.158882856,1.159689188
2026-06-15 21:00:00,1.159151554,1.159151554,1.158748627,1.158748627
2026-06-15 21:15:00,1.159285784,1.159285784,1.159017205,1.159285784
2026-06-15 21:30:00,1.159151554,1.159285784,1.159017205,1.159285784
2026-06-15 21:45:00,1.159151554,1.159285784,1.159017205,1.159151554
2026-06-15 22:00:00,1.159151554,1.160362005,1.159151554,1.159689188
2026-06-15 22:15:00,1.159151554,1.159420252,1.159017205,1.159017205
2026-06-15 22:30:00,1.159823656,1.160092831,1.159017205,1.159017205
2026-06-15 22:45:00,1.159420252,1.160092831,1.159285784,1.159958243
2026-06-15 23:00:00,1.159017205,1.159420252,1.159017205,1.159151554
2026-06-15 23:15:00,1.159017205,1.159017205,1.158882856,1.159017205
2026-06-15 23:30:00,1.159151554,1.159151554,1.159017205,1.159017205
2026-06-15 23:45:00,1.159151554,1.159285784,1.159017205,1.159151554
2026-06-16 00:00:00,1.159420252,1.159420252,1.159151554,1.159151554
2026-06-16 00:15:00,1.15955472,1.15955472,1.159285784,1.159285784
2026-06-16 00:30:00,1.159689188,1.159689188,1.159420252,1.15955472
2026-06-16 00:45:00,1.159420252,1.159689188,1.159420252,1.159689188
2026-06-16 01:00:00,1.159285784,1.15955472,1.159285784,1.15955472
2026-06-16 01:15:00,1.159151554,1.159420252,1.159151554,1.159285784
2026-06-16 01:30:00,1.159420252,1.15955472,1.159285784,1.159285784
2026-06-16 01:45:00,1.159689188,1.159689188,1.159285784,1.159420252
2026-06-16 02:00:00,1.15955472,1.159823656,1.159420252,1.159689188
2026-06-16 02:15:00,1.159420252,1.15955472,1.159420252,1.159420252
2026-06-16 02:30:00,1.159285784,1.15955472,1.159151554,1.15955472
2026-06-16 02:45:00,1.159151554,1.159420252,1.159017205,1.159285784
2026-06-16 03:00:00,1.158882856,1.159017205,1.158882856,1.159017205
2026-06-16 03:15:00,1.158882856,1.158882856,1.158614278,1.158882856
2026-06-16 03:30:00,1.159151554,1.159151554,1.159017205,1.159017205
2026-06-16 03:45:00,1.159151554,1.159151554,1.159017205,1.159151554
2026-06-16 04:00:00,1.159017205,1.159017205,1.158882856,1.159017205
2026-06-16 04:15:00,1.158882856,1.159017205,1.158882856,1.159017205
2026-06-16 04:30:00,1.159017205,1.159017205,1.159017205,1.159017205
2026-06-16 04:45:00,1.159017205,1.159151554,1.159017205,1.159017205
2026-06-16 05:00:00,1.158345819,1.159017205,1.158345819,1.159017205
2026-06-16 05:15:00,1.158211708,1.158480048,1.157943487,1.158345819
2026-06-16 05:30:00,1.158211708,1.158345819,1.158077598,1.158211708
2026-06-16 05:45:00,1.158211708,1.158211708,1.157943487,1.158211708
2026-06-16 06:00:00,1.158077598,1.158345819,1.158077598,1.158211708
2026-06-16 06:15:00,1.158345819,1.158345819,1.158077598,1.158211708
2026-06-16 06:30:00,1.158077598,1.158345819,1.158077598,1.158345819
2026-06-16 06:45:00,1.157943487,1.158077598,1.157943487,1.158077598
2026-06-16 07:00:00,1.158077598,1.158077598,1.157809496,1.157943487
2026-06-16 07:15:00,1.158211708,1.158211708,1.157809496,1.157943487
2026-06-16 07:30:00,1.158480048,1.158882856,1.158211708,1.158211708
2026-06-16 07:45:00,1.159017205,1.159017205,1.158480048,1.158614278
2026-06-16 08:00:00,1.159151554,1.159285784,1.158882856,1.158882856
2026-06-16 08:15:00,1.159420252,1.159420252,1.159151554,1.159151554
2026-06-16 08:30:00,1.15955472,1.159689188,1.159285784,1.159420252
2026-06-16 08:45:00,1.159823656,1.159823656,1.15955472,1.15955472
2026-06-16 09:00:00,1.160227418,1.160227418,1.159689188,1.159823656
2026-06-16 09:15:00,1.160496712,1.160496712,1.160092831,1.160092831
2026-06-16 09:30:00,1.160496712,1.160631418,1.160227418,1.160631418
2026-06-16 09:45:00,1.160900831,1.161035657,1.160362005,1.160496712
2026-06-16 10:00:00,1.161035657,1.161305308,1.160766125,1.161035657
2026-06-16 10:15:00,1.160496712,1.161035657,1.160362005,1.161035657
2026-06-16 10:30:00,1.160362005,1.160631418,1.160362005,1.160631418
2026-06-16 10:45:00,1.160496712,1.160631418,1.160362005,1.160362005
2026-06-16 11:00:00,1.161035657,1.161035657,1.160362005,1.160496712
2026-06-16 11:15:00,1.161305308,1.161575079,1.161170483,1.161170483
2026-06-16 11:30:00,1.161440134,1.161575079,1.161170483,1.161170483
2026-06-16 11:45:00,1.161575079,1.161575079,1.161305308,1.161440134
2026-06-16 12:00:00,1.161170483,1.161440134,1.161170483,1.161440134
2026-06-16 12:15:00,1.160766125,1.161170483,1.160631418,1.161170483
2026-06-16 12:30:00,1.160227418,1.160900831,1.160092831,1.160766125
2026-06-16 12:45:00,1.160227418,1.160362005,1.160092831,1.160227418
2026-06-16 13:00:00,1.159958243,1.160227418,1.159689188,1.160227418
2026-06-16 13:15:00,1.159823656,1.159958243,1.15955472,1.159958243
2026-06-16 13:30:00,1.160496712,1.160496712,1.159823656,1.159823656
2026-06-16 13:45:00,1.160362005,1.160496712,1.159958243,1.160362005
2026-06-16 14:00:00,1.160362005,1.160631418,1.160227418,1.160362005
2026-06-16 14:15:00,1.160092831,1.160362005,1.159823656,1.160227418
2026-06-16 14:30:00,1.160227418,1.160631418,1.160092831,1.160092831
2026-06-16 14:45:00,1.15955472,1.160092831,1.15955472,1.160092831
2026-06-16 15:00:00,1.159823656,1.159958243,1.159151554,1.159958243
2026-06-16 15:15:00,1.159420252,1.159958243,1.159420252,1.159689188
2026-06-16 15:30:00,1.159958243,1.159958243,1.159151554,1.159420252
2026-06-16 15:45:00,1.161035657,1.161170483,1.159958243,1.159958243
2026-06-16 16:00:00,1.160496712,1.161170483,1.160362005,1.161035657
2026-06-16 16:15:00,1.160496712,1.160900831,1.160496712,1.160496712
2026-06-16 16:30:00,1.161035657,1.161170483,1.160496712,1.160496712
2026-06-16 16:45:00,1.161710024,1.162115097,1.160766125,1.160766125
2026-06-16 17:00:00,1.161980033,1.162115097,1.161710024,1.161710024
2026-06-16 17:15:00,1.161980033,1.162250042,1.161980033,1.162115097
2026-06-16 17:30:00,1.161710024,1.162115097,1.161710024,1.161980033
2026-06-16 17:45:00,1.161710024,1.161844969,1.161575079,1.161710024
2026-06-16 18:00:00,1.161575079,1.161710024,1.161440134,1.161575079
2026-06-16 18:15:00,1.161575079,1.161575079,1.161440134,1.161575079
2026-06-16 18:30:00,1.161575079,1.161575079,1.161440134,1.161575079
2026-06-16 18:45:00,1.161440134,1.161575079,1.161440134,1.161440134
2026-06-16 19:00:00,1.161440134,1.161710024,1.161440134,1.161575079
2026-06-16 19:15:00,1.161440134,1.161440134,1.161440134,1.161440134
2026-06-16 19:30:00,1.161035657,1.161440134,1.161035657,1.161305308
2026-06-16 19:45:00,1.161440134,1.161440134,1.161035657,1.161170483
2026-06-16 20:00:00,1.161440134,1.161710024,1.161440134,1.161575079
2026-06-16 20:15:00,1.161575079,1.161575079,1.161440134,1.161440134
2026-06-16 20:30:00,1.161170483,1.161440134,1.161170483,1.161440134
2026-06-16 20:45:00,1.161170483,1.161170483,1.161035657,1.161170483
2026-06-16 21:00:00,1.161170483,1.161170483,1.161035657,1.161035657
2026-06-16 21:15:00,1.161305308,1.161305308,1.161170483,1.161170483
2026-06-16 21:30:00,1.161035657,1.161305308,1.161035657,1.161305308
2026-06-16 21:45:00,1.161305308,1.161305308,1.161035657,1.161035657
2026-06-16 22:00:00,1.161305308,1.161710024,1.161170483,1.161170483
2026-06-16 22:15:00,1.161440134,1.161844969,1.161170483,1.161844969
2026-06-16 22:30:00,1.161170483,1.161575079,1.161170483,1.161575079
2026-06-16 22:45:00,1.161170483,1.161305308,1.161035657,1.161170483
2026-06-16 23:00:00,1.161440134,1.161440134,1.161440134,1.161440134
2026-06-16 23:15:00,1.161440134,1.161575079,1.161305308,1.161440134
2026-06-16 23:30:00,1.161575079,1.161575079,1.161440134,1.161440134
2026-06-16 23:45:00,1.161575079,1.161710024,1.161575079,1.161575079
2026-06-17 00:00:00,1.161710024,1.161844969,1.161575079,1.161575079
2026-06-17 00:15:00,1.161844969,1.161844969,1.161710024,1.161710024
2026-06-17 00:30:00,1.161710024,1.161844969,1.161575079,1.161844969
2026-06-17 00:45:00,1.161305308,1.161710024,1.161305308,1.161575079
2026-06-17 01:00:00,1.161710024,1.161710024,1.161305308,1.161305308
2026-06-17 01:15:00,1.161844969,1.161980033,1.161710024,1.161710024
2026-06-17 01:30:00,1.161844969,1.161980033,1.161710024,1.161844969
2026-06-17 01:45:00,1.161844969,1.161844969,1.161575079,1.161844969
2026-06-17 02:00:00,1.161710024,1.161980033,1.161710024,1.161710024
2026-06-17 02:15:00,1.161575079,1.161710024,1.161575079,1.161710024
2026-06-17 02:30:00,1.161575079,1.161710024,1.161440134,1.161440134
2026-06-17 02:45:00,1.161575079,1.161710024,1.161440134,1.161710024
2026-06-17 03:00:00,1.161575079,1.161575079,1.161575079,1.161575079
2026-06-17 03:15:00,1.161710024,1.161844969,1.161575079,1.161575079
2026-06-17 03:30:00,1.161710024,1.161710024,1.161575079,1.161710024
2026-06-17 03:45:00,1.161305308,1.161575079,1.161305308,1.161575079
2026-06-17 04:00:00,1.161440134,1.161440134,1.161305308,1.161305308
2026-06-17 04:15:00,1.161440134,1.161440134,1.161305308,1.161440134
2026-06-17 04:30:00,1.161440134,1.161575079,1.161440134,1.161440134
2026-06-17 04:45:00,1.161440134,1.161440134,1.161440134,1.161440134
2026-06-17 05:00:00,1.161575079,1.161710024,1.161305308,1.161305308
2026-06-17 05:15:00,1.161440134,1.161710024,1.161440134,1.161710024
2026-06-17 05:30:00,1.161440134,1.161575079,1.161440134,1.161575079
2026-06-17 05:45:00,1.161575079,1.161575079,1.161440134,1.161440134
2026-06-17 06:00:00,1.161440134,1.161710024,1.161440134,1.161575079
2026-06-17 06:15:00,1.161575079,1.161710024,1.161440134,1.161575079
2026-06-17 06:30:00,1.161710024,1.161710024,1.161440134,1.161440134
2026-06-17 06:45:00,1.161575079,1.161844969,1.161440134,1.161710024
2026-06-17 07:00:00,1.161440134,1.161844969,1.161305308,1.161440134
2026-06-17 07:15:00,1.160900831,1.161440134,1.160900831,1.161440134
2026-06-17 07:30:00,1.161035657,1.161035657,1.160766125,1.160900831
2026-06-17 07:45:00,1.161170483,1.161170483,1.160900831,1.160900831
2026-06-17 08:00:00,1.161710024,1.161710024,1.161170483,1.161170483
2026-06-17 08:15:00,1.161035657,1.161844969,1.161035657,1.161710024
2026-06-17 08:30:00,1.160900831,1.161170483,1.160766125,1.161035657
2026-06-17 08:45:00,1.161170483,1.161170483,1.160900831,1.160900831
2026-06-17 09:00:00,1.160766125,1.161035657,1.160496712,1.161035657
2026-06-17 09:15:00,1.160496712,1.160766125,1.160227418,1.160766125
2026-06-17 09:30:00,1.160496712,1.160631418,1.160496712,1.160496712
2026-06-17 09:45:00,1.160496712,1.160631418,1.160362005,1.160362005
2026-06-17 10:00:00,1.160496712,1.160631418,1.160496712,1.160496712
2026-06-17 10:15:00,1.160766125,1.160900831,1.160496712,1.160496712
2026-06-17 10:30:00,1.160496712,1.160900831,1.160496712,1.160900831
2026-06-17 10:45:00,1.160766125,1.160766125,1.160496712,1.160496712
2026-06-17 11:00:00,1.160766125,1.160766125,1.160631418,1.160631418
2026-06-17 11:15:00,1.159958243,1.160631418,1.159958243,1.160631418
2026-06-17 11:30:00,1.160362005,1.160362005,1.160092831,1.160092831
2026-06-17 11:45:00,1.160092831,1.160362005,1.159958243,1.160362005
2026-06-17 12:00:00,1.159420252,1.159958243,1.159420252,1.159958243
2026-06-17 12:15:00,1.159285784,1.159823656,1.159285784,1.15955472
2026-06-17 12:30:00,1.159017205,1.159285784,1.158882856,1.159285784
2026-06-17 12:45:00,1.159420252,1.159420252,1.159017205,1.159151554
2026-06-17 13:00:00,1.15955472,1.159689188,1.159420252,1.15955472
2026-06-17 13:15:00,1.160092831,1.160092831,1.159420252,1.15955472
2026-06-17 13:30:00,1.160092831,1.160227418,1.159823656,1.159823656
2026-06-17 13:45:00,1.160631418,1.160631418,1.160092831,1.160092831
2026-06-17 14:00:00,1.160362005,1.160496712,1.160227418,1.160496712
2026-06-17 14:15:00,1.160227418,1.160631418,1.160092831,1.160362005
2026-06-17 14:30:00,1.160092831,1.160362005,1.159958243,1.160227418
2026-06-17 14:45:00,1.160092831,1.160496712,1.160092831,1.160092831
2026-06-17 15:00:00,1.15955472,1.160092831,1.15955472,1.160092831
2026-06-17 15:15:00,1.15955472,1.159689188,1.159420252,1.159689188
2026-06-17 15:30:00,1.15955472,1.159958243,1.159420252,1.159823656
2026-06-17 15:45:00,1.159285784,1.159689188,1.158748627,1.159689188
2026-06-17 16:00:00,1.159420252,1.15955472,1.159017205,1.159151554
2026-06-17 16:15:00,1.15955472,1.159689188,1.159420252,1.15955472
2026-06-17 16:30:00,1.159689188,1.159689188,1.159285784,1.15955472
2026-06-17 16:45:00,1.15955472,1.159689188,1.15955472,1.159689188
2026-06-17 17:00:00,1.159285784,1.15955472,1.159285784,1.15955472
2026-06-17 17:15:00,1.15955472,1.15955472,1.159420252,1.159420252
2026-06-17 17:30:00,1.159420252,1.159420252,1.159285784,1.159420252
2026-06-17 17:45:00,1.15955472,1.15955472,1.159285784,1.159420252
2026-06-17 18:00:00,1.159420252,1.159420252,1.159285784,1.159420252
2026-06-17 18:15:00,1.159420252,1.159420252,1.159285784,1.159420252
2026-06-17 18:30:00,1.159689188,1.159689188,1.159420252,1.159420252
2026-06-17 18:45:00,1.159958243,1.159958243,1.15955472,1.159689188
2026-06-17 19:00:00,1.154734373,1.156604171,1.154734373,1.155268073
2026-06-17 19:15:00,1.155134559,1.155935645,1.155001163,1.155001163
2026-06-17 19:30:00,1.156604171,1.156604171,1.154068112,1.155001163
2026-06-17 19:45:00,1.154201269,1.156470418,1.154201269,1.156336784
2026-06-17 20:00:00,1.151675701,1.154334545,1.151145339,1.154334545
2026-06-17 20:15:00,1.149953961,1.151675701,1.149953961,1.15141046
2026-06-17 20:30:00,1.148633122,1.149821758,1.148237467,1.149689674
2026-06-17 20:45:00,1.149689674,1.149953961,1.149029136,1.149029136
2026-06-17 21:00:00,1.149425268,1.150086284,1.149029136,1.150086284
2026-06-17 21:15:00,1.150350809,1.150350809,1.149293184,1.149293184
2026-06-17 21:30:00,1.150615573,1.150880456,1.150350809,1.150350809
2026-06-17 21:45:00,1.150483251,1.150615573,1.150350809,1.150615573
2026-06-17 22:00:00,1.150615573,1.150880456,1.150218487,1.150880456
2026-06-17 22:15:00,1.150748014,1.151012897,1.150218487,1.150483251
2026-06-17 22:30:00,1.150483251,1.150880456,1.150218487,1.150748014
2026-06-17 22:45:00,1.150615573,1.150880456,1.150483251,1.150483251
2026-06-17 23:00:00,1.150748014,1.150748014,1.150350809,1.150615573
2026-06-17 23:15:00,1.150615573,1.150748014,1.150483251,1.150615573
2026-06-17 23:30:00,1.150748014,1.150880456,1.150483251,1.150483251
2026-06-17 23:45:00,1.150880456,1.151012897,1.150748014,1.150748014
2026-06-18 00:00:00,1.151145339,1.151145339,1.150748014,1.150748014
2026-06-18 00:15:00,1.151012897,1.151145339,1.151012897,1.151145339
2026-06-18 00:30:00,1.151012897,1.151012897,1.150748014,1.150880456
2026-06-18 00:45:00,1.151012897,1.151012897,1.150880456,1.151012897
2026-06-18 01:00:00,1.15154314,1.15233922,1.1512779,1.1512779
2026-06-18 01:15:00,1.15141046,1.151675701,1.1512779,1.15154314
2026-06-18 01:30:00,1.15141046,1.15154314,1.1512779,1.15141046
2026-06-18 01:45:00,1.151941061,1.151941061,1.1512779,1.15141046
2026-06-18 02:00:00,1.15233922,1.15233922,1.151941061,1.151941061
2026-06-18 02:15:00,1.152472019,1.152472019,1.152206421,1.15233922
2026-06-18 02:30:00,1.152472019,1.152604818,1.15233922,1.152472019
2026-06-18 02:45:00,1.151941061,1.152472019,1.151941061,1.152472019
2026-06-18 03:00:00,1.151941061,1.152073741,1.151808381,1.152073741
2026-06-18 03:15:00,1.151941061,1.151941061,1.151675701,1.151675701
2026-06-18 03:30:00,1.15233922,1.15233922,1.151941061,1.151941061
2026-06-18 03:45:00,1.152206421,1.152604818,1.152206421,1.15233922
2026-06-18 04:00:00,1.152206421,1.152206421,1.152073741,1.152206421
2026-06-18 04:15:00,1.152604818,1.152604818,1.152206421,1.15233922
2026-06-18 04:30:00,1.152604818,1.152737737,1.152472019,1.152604818
2026-06-18 04:45:00,1.152737737,1.152737737,1.152472019,1.152604818
2026-06-18 05:00:00,1.152472019,1.152870655,1.152472019,1.152870655
2026-06-18 05:15:00,1.152604818,1.152604818,1.152472019,1.152604818
2026-06-18 05:30:00,1.152604818,1.152737737,1.152472019,1.152472019
2026-06-18 05:45:00,1.152604818,1.152737737,1.152604818,1.152737737
2026-06-18 06:00:00,1.152604818,1.152737737,1.152604818,1.152604818
2026-06-18 06:15:00,1.152206421,1.152472019,1.152206421,1.152472019
2026-06-18 06:30:00,1.152073741,1.152206421,1.151941061,1.152073741
2026-06-18 06:45:00,1.15141046,1.152073741,1.15141046,1.152073741
2026-06-18 07:00:00,1.152604818,1.152604818,1.151675701,1.151675701
2026-06-18 07:15:00,1.153003573,1.153003573,1.15233922,1.152604818
2026-06-18 07:30:00,1.152870655,1.153136492,1.152472019,1.152870655
2026-06-18 07:45:00,1.15233922,1.152870655,1.15233922,1.152870655
2026-06-18 08:00:00,1.15154314,1.152206421,1.15154314,1.152206421
2026-06-18 08:15:00,1.1512779,1.151808381,1.151145339,1.151675701
2026-06-18 08:30:00,1.151808381,1.151808381,1.151012897,1.1512779
2026-06-18 08:45:00,1.15154314,1.15233922,1.15154314,1.152073741
2026-06-18 09:00:00,1.150880456,1.151675701,1.150880456,1.15154314
2026-06-18 09:15:00,1.150483251,1.151012897,1.150483251,1.150880456
2026-06-18 09:30:00,1.149689674,1.150615573,1.149557471,1.150615573
2026-06-18 09:45:00,1.148633122,1.149557471,1.148633122,1.149557471
2026-06-18 10:00:00,1.147973776,1.148897052,1.14784205,1.148237467
2026-06-18 10:15:00,1.147973776,1.148501158,1.147973776,1.148501158
2026-06-18 10:30:00,1.148501158,1.148633122,1.14784205,1.147973776
2026-06-18 10:45:00,1.148105621,1.148633122,1.147973776,1.148501158
2026-06-18 11:00:00,1.147315264,1.147973776,1.146525979,1.147973776
2026-06-18 11:15:00,1.147446871,1.147710323,1.14705205,1.147315264
2026-06-18 11:30:00,1.146657467,1.147446871,1.146657467,1.147446871
2026-06-18 11:45:00,1.14639461,1.146789074,1.146263242,1.146789074
2026-06-18 12:00:00,1.14639461,1.146920443,1.146263242,1.146525979
2026-06-18 12:15:00,1.146657467,1.146789074,1.145737886,1.146263242
2026-06-18 12:30:00,1.146263242,1.146789074,1.146131754,1.146525979
2026-06-18 12:45:00,1.146131754,1.146263242,1.146000385,1.146263242
2026-06-18 13:00:00,1.147315264,1.147315264,1.145737886,1.145869136
2026-06-18 13:15:00,1.147446871,1.148369312,1.146920443,1.147315264
2026-06-18 13:30:00,1.146789074,1.147578597,1.146789074,1.147446871
2026-06-18 13:45:00,1.147315264,1.147446871,1.146920443,1.146920443
2026-06-18 14:00:00,1.147315264,1.147315264,1.146789074,1.147183657
2026-06-18 14:15:00,1.147446871,1.147446871,1.146657467,1.147315264
2026-06-18 14:30:00,1.147973776,1.148633122,1.147578597,1.147578597
2026-06-18 14:45:00,1.147446871,1.147973776,1.147446871,1.147710323
2026-06-18 15:00:00,1.147446871,1.147710323,1.14705205,1.147578597
2026-06-18 15:15:00,1.14784205,1.147973776,1.147315264,1.147315264
2026-06-18 15:30:00,1.147578597,1.14784205,1.147446871,1.147578597
2026-06-18 15:45:00,1.148897052,1.149029136,1.147710323,1.147710323
2026-06-18 16:00:00,1.148237467,1.149029136,1.148237467,1.149029136
2026-06-18 16:15:00,1.148105621,1.148369312,1.147973776,1.148369312
2026-06-18 16:30:00,1.147710323,1.148105621,1.147578597,1.148105621
2026-06-18 16:45:00,1.147315264,1.147973776,1.147315264,1.14784205
2026-06-18 17:00:00,1.14705205,1.147446871,1.146920443,1.147446871
2026-06-18 17:15:00,1.147315264,1.147446871,1.146789074,1.146920443
2026-06-18 17:30:00,1.146920443,1.147315264,1.146657467,1.147315264
2026-06-18 17:45:00,1.146920443,1.14705205,1.146525979,1.14705205
2026-06-18 18:00:00,1.147446871,1.147446871,1.146789074,1.146789074
2026-06-18 18:15:00,1.147578597,1.147710323,1.147446871,1.147446871
2026-06-18 18:30:00,1.146920443,1.147446871,1.146920443,1.147446871
2026-06-18 18:45:00,1.146525979,1.146789074,1.146525979,1.146789074
2026-06-18 19:00:00,1.146657467,1.146789074,1.14639461,1.146525979
2026-06-18 19:15:00,1.146525979,1.146920443,1.146525979,1.146657467
2026-06-18 19:30:00,1.146789074,1.146789074,1.146657467,1.146657467
2026-06-18 19:45:00,1.14639461,1.146789074,1.146263242,1.146789074
2026-06-18 20:00:00,1.145869136,1.146263242,1.145737886,1.146263242
2026-06-18 20:15:00,1.145606637,1.145869136,1.145475388,1.145869136
2026-06-18 20:30:00,1.146263242,1.146263242,1.145737886,1.145737886
2026-06-18 20:45:00,1.146131754,1.146525979,1.146131754,1.146131754
2026-06-18 21:00:00,1.146525979,1.146525979,1.146000385,1.146000385
2026-06-18 21:15:00,1.146525979,1.146657467,1.14639461,1.146525979
2026-06-18 21:30:00,1.146263242,1.146525979,1.146263242,1.146525979
2026-06-18 21:45:00,1.146000385,1.146263242,1.146000385,1.146263242
2026-06-18 22:00:00,1.146263242,1.146920443,1.145475388,1.146131754
2026-06-18 22:15:00,1.146263242,1.14639461,1.146131754,1.14639461
2026-06-18 22:30:00,1.146657467,1.146920443,1.146000385,1.14639461
2026-06-18 22:45:00,1.14639461,1.147183657,1.14639461,1.14705205
2026-06-18 23:00:00,1.146525979,1.146789074,1.146263242,1.14639461
2026-06-18 23:15:00,1.14639461,1.146525979,1.146263242,1.146525979
2026-06-18 23:30:00,1.14639461,1.146525979,1.146263242,1.14639461
2026-06-18 23:45:00,1.146657467,1.146657467,1.14639461,1.14639461
2026-06-19 00:00:00,1.146525979,1.146525979,1.14639461,1.146525979
2026-06-19 00:15:00,1.14639461,1.146525979,1.14639461,1.146525979
2026-06-19 00:30:00,1.146263242,1.146525979,1.146263242,1.14639461
2026-06-19 00:45:00,1.146131754,1.14639461,1.146131754,1.14639461
2026-06-19 01:00:00,1.146525979,1.146789074,1.146525979,1.146525979
2026-06-19 01:15:00,1.14639461,1.146657467,1.14639461,1.146657467
2026-06-19 01:30:00,1.146525979,1.146789074,1.14639461,1.146525979
2026-06-19 01:45:00,1.146657467,1.146789074,1.146525979,1.146525979
2026-06-19 02:00:00,1.14639461,1.146657467,1.14639461,1.146657467
2026-06-19 02:15:00,1.14639461,1.146525979,1.146263242,1.146525979
2026-06-19 02:30:00,1.146131754,1.14639461,1.146131754,1.14639461
2026-06-19 02:45:00,1.145606637,1.146131754,1.145606637,1.146131754
2026-06-19 03:00:00,1.145606637,1.145737886,1.145475388,1.145606637
2026-06-19 03:15:00,1.146000385,1.146000385,1.145606637,1.145606637
2026-06-19 03:30:00,1.146000385,1.146131754,1.146000385,1.146000385
2026-06-19 03:45:00,1.145737886,1.146000385,1.145737886,1.146000385
2026-06-19 04:00:00,1.145475388,1.145737886,1.145344257,1.145737886
2026-06-19 04:15:00,1.144688606,1.145213008,1.144688606,1.145213008
2026-06-19 04:30:00,1.144819736,1.144950747,1.144688606,1.144819736
2026-06-19 04:45:00,1.144557595,1.144819736,1.144557595,1.144819736
2026-06-19 05:00:00,1.144426703,1.144557595,1.144164801,1.144557595
2026-06-19 05:15:00,1.144295692,1.144426703,1.144164801,1.144295692
2026-06-19 05:30:00,1.143903017,1.144688606,1.143903017,1.144295692
2026-06-19 05:45:00,1.143249154,1.143903017,1.143118382,1.143903017
2026-06-19 06:00:00,1.142857194,1.143118382,1.142726541,1.143118382
2026-06-19 06:15:00,1.142596006,1.142857194,1.142204404,1.142726541
2026-06-19 06:30:00,1.142596006,1.142857194,1.142204404,1.142857194
2026-06-19 06:45:00,1.143379807,1.143641353,1.142726541,1.142726541
2026-06-19 07:00:00,1.143772125,1.143903017,1.14351058,1.14351058
2026-06-19 07:15:00,1.144164801,1.144164801,1.143641353,1.143641353
2026-06-19 07:30:00,1.143641353,1.14403379,1.14351058,1.14403379
2026-06-19 07:45:00,1.144557595,1.144557595,1.143772125,1.143772125
2026-06-19 08:00:00,1.144819736,1.145213008,1.144688606,1.144688606
2026-06-19 08:15:00,1.144950747,1.145081878,1.144557595,1.144819736
2026-06-19 08:30:00,1.144950747,1.145213008,1.144819736,1.144950747
2026-06-19 08:45:00,1.144950747,1.145213008,1.144819736,1.145081878
2026-06-19 09:00:00,1.145475388,1.145869136,1.145213008,1.145213008
2026-06-19 09:15:00,1.146000385,1.14639461,1.145475388,1.145475388
2026-06-19 09:30:00,1.146789074,1.146789074,1.146131754,1.146131754
2026-06-19 09:45:00,1.146789074,1.146920443,1.146525979,1.146920443
2026-06-19 10:00:00,1.146525979,1.146657467,1.146263242,1.146657467
2026-06-19 10:15:00,1.14639461,1.146657467,1.14639461,1.146525979
2026-06-19 10:30:00,1.146657467,1.146920443,1.146525979,1.146525979
2026-06-19 10:45:00,1.14639461,1.146657467,1.14639461,1.146525979
2026-06-19 11:00:00,1.146263242,1.146525979,1.146263242,1.14639461
2026-06-19 11:15:00,1.146000385,1.146263242,1.145606637,1.146263242
2026-06-19 11:30:00,1.146263242,1.146263242,1.145869136,1.145869136
2026-06-19 11:45:00,1.146789074,1.146789074,1.146131754,1.14639461
2026-06-19 12:00:00,1.146789074,1.146789074,1.146525979,1.146657467
2026-06-19 12:15:00,1.146789074,1.14705205,1.146789074,1.146789074
2026-06-19 12:30:00,1.146789074,1.146789074,1.14639461,1.146657467
2026-06-19 12:45:00,1.14639461,1.146920443,1.146263242,1.146789074
2026-06-19 13:00:00,1.146920443,1.14705205,1.146525979,1.146525979
2026-06-19 13:15:00,1.146789074,1.14705205,1.146789074,1.146920443
2026-06-19 13:30:00,1.146789074,1.146920443,1.146657467,1.146657467
2026-06-19 13:45:00,1.147446871,1.147710323,1.146789074,1.146789074
2026-06-19 14:00:00,1.146657467,1.147578597,1.146657467,1.147446871
2026-06-19 14:15:00,1.146657467,1.146789074,1.14639461,1.146657467
2026-06-19 14:30:00,1.14639461,1.146789074,1.146131754,1.146789074
2026-06-19 14:45:00,1.146657467,1.146789074,1.146525979,1.146525979
2026-06-19 15:00:00,1.14639461,1.146789074,1.14639461,1.146525979
2026-06-19 15:15:00,1.146525979,1.146525979,1.146131754,1.146263242
2026-06-19 15:30:00,1.146920443,1.146920443,1.146525979,1.146525979
2026-06-19 15:45:00,1.14705205,1.147315264,1.146657467,1.14705205
2026-06-19 16:00:00,1.147315264,1.147710323,1.147183657,1.147315264
2026-06-19 16:15:00,1.147183657,1.147446871,1.147183657,1.147315264
2026-06-19 16:30:00,1.146789074,1.14705205,1.146657467,1.14705205
2026-06-19 16:45:00,1.146657467,1.146920443,1.146657467,1.146789074
2026-06-19 17:00:00,1.146789074,1.146920443,1.146657467,1.146657467
2026-06-19 17:15:00,1.147183657,1.147183657,1.146525979,1.146789074
2026-06-19 17:30:00,1.146920443,1.147183657,1.146789074,1.147183657
2026-06-19 17:45:00,1.147315264,1.147315264,1.146789074,1.146920443
2026-06-19 18:00:00,1.147183657,1.147578597,1.147183657,1.147315264
2026-06-19 18:15:00,1.147315264,1.147446871,1.147315264,1.147315264
2026-06-19 18:30:00,1.14784205,1.14784205,1.147315264,1.147315264
2026-06-19 18:45:00,1.14784205,1.147973776,1.147446871,1.14784205
2026-06-19 19:00:00,1.14784205,1.147973776,1.147710323,1.147973776
2026-06-19 19:15:00,1.148105621,1.148105621,1.14784205,1.14784205
2026-06-19 19:30:00,1.148369312,1.148369312,1.147973776,1.148105621
2026-06-19 19:45:00,1.147973776,1.148501158,1.147973776,1.148369312
2026-06-19 20:00:00,1.148105621,1.148237467,1.147973776,1.147973776
2026-06-19 20:15:00,1.148105621,1.148105621,1.147973776,1.148105621
2026-06-19 20:30:00,1.14784205,1.148105621,1.14784205,1.148105621
2026-06-19 20:45:00,1.148105621,1.148369312,1.14784205,1.14784205
2026-06-19 21:00:00,1.148105621,1.148237467,1.14784205,1.14784205
2026-06-19 21:15:00,1.147578597,1.148105621,1.147446871,1.148105621
2026-06-19 21:30:00,1.147710323,1.14784205,1.147446871,1.147578597
2026-06-19 21:45:00,1.147315264,1.148501158,1.147315264,1.14784205
2026-06-19 22:00:00,1.146920443,1.146920443,1.146920443,1.146920443
2026-06-19 22:15:00,1.146920443,1.146920443,1.146920443,1.146920443
2026-06-22 00:00:00,1.146789074,1.146920443,1.146657467,1.146657467
2026-06-22 00:15:00,1.146657467,1.146789074,1.146657467,1.146789074
2026-06-22 00:30:00,1.146263242,1.146657467,1.146263242,1.146525979
2026-06-22 00:45:00,1.146525979,1.146525979,1.146131754,1.146263242
2026-06-22 01:00:00,1.146657467,1.146789074,1.146657467,1.146657467
2026-06-22 01:15:00,1.146657467,1.146789074,1.146525979,1.146789074
2026-06-22 01:30:00,1.146263242,1.146525979,1.146263242,1.146525979
2026-06-22 01:45:00,1.146920443,1.146920443,1.146131754,1.146263242
2026-06-22 02:00:00,1.147578597,1.147578597,1.147183657,1.147183657
2026-06-22 02:15:00,1.147183657,1.147315264,1.14705205,1.147315264
2026-06-22 02:30:00,1.14705205,1.14705205,1.146789074,1.14705205
2026-06-22 02:45:00,1.146789074,1.147183657,1.146789074,1.14705205
2026-06-22 03:00:00,1.146657467,1.146789074,1.146657467,1.146657467
2026-06-22 03:15:00,1.146657467,1.146657467,1.14639461,1.146525979
2026-06-22 03:30:00,1.146920443,1.146920443,1.146657467,1.146657467
2026-06-22 03:45:00,1.146920443,1.14705205,1.146789074,1.146920443
2026-06-22 04:00:00,1.146657467,1.14705205,1.146657467,1.146920443
2026-06-22 04:15:00,1.146657467,1.146789074,1.146525979,1.146657467
2026-06-22 04:30:00,1.146131754,1.146657467,1.146131754,1.146657467
2026-06-22 04:45:00,1.146000385,1.146525979,1.145869136,1.146263242
2026-06-22 05:00:00,1.145869136,1.146000385,1.145606637,1.146000385
2026-06-22 05:15:00,1.145869136,1.145869136,1.145737886,1.145737886
2026-06-22 05:30:00,1.145737886,1.146000385,1.145737886,1.145869136
2026-06-22 05:45:00,1.145869136,1.145869136,1.145606637,1.145869136
2026-06-22 06:00:00,1.146000385,1.146000385,1.145869136,1.145869136
2026-06-22 06:15:00,1.146263242,1.146263242,1.146000385,1.146000385
2026-06-22 06:30:00,1.146525979,1.146657467,1.146263242,1.146263242
2026-06-22 06:45:00,1.145869136,1.14639461,1.145869136,1.14639461
2026-06-22 07:00:00,1.145869136,1.146000385,1.145606637,1.145606637
2026-06-22 07:15:00,1.146131754,1.146263242,1.145737886,1.146000385
2026-06-22 07:30:00,1.145737886,1.146000385,1.145606637,1.146000385
2026-06-22 07:45:00,1.146263242,1.146525979,1.145606637,1.145606637
2026-06-22 08:00:00,1.146263242,1.146525979,1.146263242,1.14639461
2026-06-22 08:15:00,1.145606637,1.14639461,1.145606637,1.14639461
2026-06-22 08:30:00,1.144819736,1.145475388,1.144819736,1.145344257
2026-06-22 08:45:00,1.144950747,1.145213008,1.144819736,1.144950747
2026-06-22 09:00:00,1.144819736,1.144950747,1.144557595,1.144950747
2026-06-22 09:15:00,1.145081878,1.145737886,1.144557595,1.144688606
2026-06-22 09:30:00,1.144950747,1.145475388,1.144950747,1.145081878
2026-06-22 09:45:00,1.145344257,1.145344257,1.145081878,1.145213008
2026-06-22 10:00:00,1.146131754,1.14639461,1.145344257,1.145344257
2026-06-22 10:15:00,1.146000385,1.146263242,1.146000385,1.146131754
2026-06-22 10:30:00,1.145869136,1.146263242,1.145869136,1.146000385
2026-06-22 10:45:00,1.146131754,1.146525979,1.146000385,1.146000385
2026-06-22 11:00:00,1.146525979,1.146657467,1.146000385,1.146000385
2026-06-22 11:15:00,1.146263242,1.14639461,1.146131754,1.14639461
2026-06-22 11:30:00,1.146131754,1.146263242,1.145869136,1.146263242
2026-06-22 11:45:00,1.145869136,1.146263242,1.145869136,1.146263242
2026-06-22 12:00:00,1.145606637,1.146000385,1.145606637,1.145737886
2026-06-22 12:15:00,1.145606637,1.145606637,1.145344257,1.145475388
2026-06-22 12:30:00,1.145606637,1.145737886,1.145475388,1.145606637
2026-06-22 12:45:00,1.145081878,1.145737886,1.145081878,1.145606637
2026-06-22 13:00:00,1.146131754,1.146131754,1.145213008,1.145213008
2026-06-22 13:15:00,1.146263242,1.146525979,1.145869136,1.146000385
2026-06-22 13:30:00,1.146525979,1.146525979,1.146263242,1.14639461
2026-06-22 13:45:00,1.145869136,1.14639461,1.145869136,1.146263242
2026-06-22 14:00:00,1.144557595,1.145081878,1.144426703,1.145081878
2026-06-22 14:15:00,1.143903017,1.144688606,1.143903017,1.144688606
2026-06-22 14:30:00,1.143772125,1.144557595,1.143772125,1.144164801
2026-06-22 14:45:00,1.143249154,1.14403379,1.143249154,1.143772125
2026-06-22 15:00:00,1.143903017,1.143903017,1.142857194,1.143249154
2026-06-22 15:15:00,1.14403379,1.144164801,1.143379807,1.143903017
2026-06-22 15:30:00,1.14403379,1.14403379,1.143379807,1.143903017
2026-06-22 15:45:00,1.144819736,1.145344257,1.144164801,1.144164801
2026-06-22 16:00:00,1.144950747,1.145344257,1.144819736,1.144950747
2026-06-22 16:15:00,1.144426703,1.145081878,1.144426703,1.144950747
2026-06-22 16:30:00,1.144164801,1.144426703,1.144164801,1.144295692
2026-06-22 16:45:00,1.14351058,1.14403379,1.14351058,1.14403379
2026-06-22 17:00:00,1.143118382,1.14351058,1.142987847,1.14351058
2026-06-22 17:15:00,1.142987847,1.143249154,1.142987847,1.142987847
2026-06-22 17:30:00,1.142987847,1.143379807,1.142857194,1.142857194
2026-06-22 17:45:00,1.14351058,1.14351058,1.142987847,1.142987847
2026-06-22 18:00:00,1.143379807,1.143641353,1.143379807,1.143379807
2026-06-22 18:15:00,1.143379807,1.14351058,1.143379807,1.143379807
2026-06-22 18:30:00,1.143249154,1.143379807,1.143118382,1.143379807
2026-06-22 18:45:00,1.143249154,1.143379807,1.143249154,1.143249154
2026-06-22 19:00:00,1.143379807,1.14351058,1.143249154,1.143249154
2026-06-22 19:15:00,1.143118382,1.143379807,1.143118382,1.143379807
2026-06-22 19:30:00,1.142857194,1.143118382,1.142857194,1.142987847
2026-06-22 19:45:00,1.142596006,1.142987847,1.142596006,1.142987847
2026-06-22 20:00:00,1.142726541,1.142857194,1.142596006,1.142857194
2026-06-22 20:15:00,1.142465472,1.142726541,1.142465472,1.142726541
2026-06-22 20:30:00,1.142334938,1.142465472,1.142334938,1.142334938
2026-06-22 20:45:00,1.142726541,1.142857194,1.142204404,1.142334938
2026-06-22 21:00:00,1.143118382,1.143249154,1.142857194,1.142857194
2026-06-22 21:15:00,1.143118382,1.143249154,1.142987847,1.143118382
2026-06-22 21:30:00,1.143118382,1.143118382,1.142987847,1.142987847
2026-06-22 21:45:00,1.142987847,1.143249154,1.142987847,1.142987847
2026-06-22 22:00:00,1.143772125,1.143772125,1.142073989,1.142073989
2026-06-22 22:15:00,1.143249154,1.143772125,1.142857194,1.142987847
2026-06-22 22:30:00,1.143379807,1.143379807,1.142857194,1.143379807
2026-06-22 22:45:00,1.143118382,1.14351058,1.142987847,1.14351058
2026-06-22 23:00:00,1.143118382,1.143249154,1.142987847,1.142987847
2026-06-22 23:15:00,1.142987847,1.143249154,1.142987847,1.143249154
2026-06-22 23:30:00,1.142987847,1.142987847,1.142857194,1.142987847
2026-06-22 23:45:00,1.143118382,1.143118382,1.142987847,1.142987847
2026-06-23 00:00:00,1.143118382,1.143249154,1.142987847,1.143118382
2026-06-23 00:15:00,1.142987847,1.143118382,1.142987847,1.143118382
2026-06-23 00:30:00,1.142987847,1.143118382,1.142987847,1.142987847
2026-06-23 00:45:00,1.142987847,1.142987847,1.142987847,1.142987847
2026-06-23 01:00:00,1.142596006,1.142987847,1.142596006,1.142857194
2026-06-23 01:15:00,1.142726541,1.142857194,1.142596006,1.142596006
2026-06-23 01:30:00,1.142987847,1.143118382,1.142857194,1.142857194
2026-06-23 01:45:00,1.142987847,1.142987847,1.142857194,1.142987847
2026-06-23 02:00:00,1.142726541,1.143118382,1.142726541,1.143118382
2026-06-23 02:15:00,1.142726541,1.142857194,1.142596006,1.142596006
2026-06-23 02:30:00,1.142857194,1.142857194,1.142596006,1.142596006
2026-06-23 02:45:00,1.142987847,1.143118382,1.142726541,1.142726541
2026-06-23 03:00:00,1.143641353,1.143641353,1.142987847,1.142987847
2026-06-23 03:15:00,1.143379807,1.14351058,1.143249154,1.14351058
2026-06-23 03:30:00,1.143249154,1.143379807,1.143249154,1.143379807
2026-06-23 03:45:00,1.142987847,1.143249154,1.142857194,1.143249154
2026-06-23 04:00:00,1.142857194,1.142987847,1.142596006,1.142987847
2026-06-23 04:15:00,1.142857194,1.142857194,1.142334938,1.142726541
2026-06-23 04:30:00,1.142987847,1.142987847,1.142726541,1.142857194
2026-06-23 04:45:00,1.143249154,1.143249154,1.142987847,1.142987847
2026-06-23 05:00:00,1.143118382,1.143379807,1.143118382,1.143249154
2026-06-23 05:15:00,1.142987847,1.143118382,1.142857194,1.142987847
2026-06-23 05:30:00,1.142857194,1.142857194,1.142726541,1.142726541
2026-06-23 05:45:00,1.142334938,1.142857194,1.142334938,1.142857194
2026-06-23 06:00:00,1.142465472,1.142596006,1.142334938,1.142334938
2026-06-23 06:15:00,1.142726541,1.142857194,1.142465472,1.142465472
2026-06-23 06:30:00,1.142596006,1.142857194,1.142465472,1.142726541
2026-06-23 06:45:00,1.142596006,1.142596006,1.142334938,1.142596006
2026-06-23 07:00:00,1.142857194,1.142857194,1.142596006,1.142596006
2026-06-23 07:15:00,1.142987847,1.143249154,1.142726541,1.142726541
2026-06-23 07:30:00,1.142596006,1.143118382,1.142596006,1.142987847
2026-06-23 07:45:00,1.142726541,1.142726541,1.142334938,1.142465472
2026-06-23 08:00:00,1.14351058,1.143772125,1.142726541,1.142726541
2026-06-23 08:15:00,1.14403379,1.144164801,1.14351058,1.143772125
2026-06-23 08:30:00,1.141813159,1.143641353,1.141552567,1.143641353
2026-06-23 08:45:00,1.141552567,1.142073989,1.141291857,1.141813159
2026-06-23 09:00:00,1.141682863,1.141943574,1.141552567,1.141552567
2026-06-23 09:15:00,1.141031504,1.141682863,1.140901327,1.141682863
2026-06-23 09:30:00,1.140901327,1.14116168,1.140771151,1.14116168
2026-06-23 09:45:00,1.14116168,1.141291857,1.140901327,1.141031504
2026-06-23 10:00:00,1.141291857,1.141291857,1.141031504,1.141031504
2026-06-23 10:15:00,1.141291857,1.141422153,1.141031504,1.141291857
2026-06-23 10:30:00,1.14116168,1.141422153,1.14116168,1.141291857
2026-06-23 10:45:00,1.141422153,1.141422153,1.14116168,1.141291857
2026-06-23 11:00:00,1.141031504,1.141552567,1.140901327,1.141552567
2026-06-23 11:15:00,1.140901327,1.141291857,1.140901327,1.141291857
2026-06-23 11:30:00,1.140771151,1.141031504,1.140771151,1.140901327
2026-06-23 11:45:00,1.140380859,1.140901327,1.139990926,1.140901327
2026-06-23 12:00:00,1.140510917,1.140510917,1.140250921,1.140510917
2026-06-23 12:15:00,1.139990926,1.140510917,1.139990926,1.140510917
2026-06-23 12:30:00,1.139601111,1.139860868,1.139471292,1.139860868
2026-06-23 12:45:00,1.138822436,1.13973105,1.138822436,1.139601111
2026-06-23 13:00:00,1.139081836,1.139860868,1.138952136,1.138952136
2026-06-23 13:15:00,1.138822436,1.139211655,1.138692737,1.139081836
2026-06-23 13:30:00,1.139081836,1.139341474,1.138822436,1.138822436
2026-06-23 13:45:00,1.139211655,1.139341474,1.138952136,1.139211655
2026-06-23 14:00:00,1.138952136,1.13973105,1.138952136,1.139211655
2026-06-23 14:15:00,1.139341474,1.139601111,1.138822436,1.138822436
2026-06-23 14:30:00,1.140120864,1.140250921,1.139341474,1.139341474
2026-06-23 14:45:00,1.139211655,1.140120864,1.139211655,1.140120864
2026-06-23 15:00:00,1.138952136,1.139341474,1.138822436,1.139341474
2026-06-23 15:15:00,1.138433456,1.138822436,1.138044834,1.138692737
2026-06-23 15:30:00,1.138303995,1.138433456,1.138044834,1.138174415
2026-06-23 15:45:00,1.138563156,1.138692737,1.138303995,1.138563156
2026-06-23 16:00:00,1.138563156,1.138563156,1.137915373,1.138563156
2026-06-23 16:15:00,1.138563156,1.138822436,1.138433456,1.138692737
2026-06-23 16:30:00,1.138174415,1.138692737,1.138174415,1.138433456
2026-06-23 16:45:00,1.138563156,1.138563156,1.138174415,1.138303995
2026-06-23 17:00:00,1.138563156,1.138563156,1.138303995,1.138563156
2026-06-23 17:15:00,1.138303995,1.138692737,1.138303995,1.138563156
2026-06-23 17:30:00,1.138692737,1.138692737,1.138174415,1.138174415
2026-06-23 17:45:00,1.138303995,1.138692737,1.138174415,1.138692737
2026-06-23 18:00:00,1.138303995,1.138303995,1.138044834,1.138174415
2026-06-23 18:15:00,1.138174415,1.138433456,1.138174415,1.138303995
2026-06-23 18:30:00,1.138433456,1.138433456,1.138174415,1.138174415
2026-06-23 18:45:00,1.138303995,1.138433456,1.138174415,1.138433456
2026-06-23 19:00:00,1.138303995,1.138433456,1.138174415,1.138303995
2026-06-23 19:15:00,1.138174415,1.138303995,1.138174415,1.138303995
2026-06-23 19:30:00,1.137915373,1.138303995,1.137915373,1.138174415
2026-06-23 19:45:00,1.138174415,1.138174415,1.137915373,1.138044834
2026-06-23 20:00:00,1.138563156,1.138563156,1.138174415,1.138174415
2026-06-23 20:15:00,1.138433456,1.138563156,1.138303995,1.138563156
2026-06-23 20:30:00,1.138433456,1.138563156,1.138303995,1.138563156
2026-06-23 20:45:00,1.138303995,1.138433456,1.138303995,1.138433456
2026-06-23 21:00:00,1.138303995,1.138303995,1.138174415,1.138174415
2026-06-23 21:15:00,1.138303995,1.138303995,1.138174415,1.138303995
2026-06-23 21:30:00,1.138303995,1.138303995,1.138303995,1.138303995
2026-06-23 21:45:00,1.138433456,1.138563156,1.138303995,1.138303995
2026-06-23 22:00:00,1.138692737,1.138822436,1.138303995,1.138303995
2026-06-23 22:15:00,1.138822436,1.138822436,1.138692737,1.138692737
2026-06-23 22:30:00,1.138822436,1.138952136,1.138692737,1.138822436
2026-06-23 22:45:00,1.138822436,1.138952136,1.138692737,1.138822436
2026-06-23 23:00:00,1.138433456,1.138692737,1.138303995,1.138692737
2026-06-23 23:15:00,1.138303995,1.138433456,1.138174415,1.138433456
2026-06-23 23:30:00,1.138433456,1.138433456,1.138303995,1.138303995
2026-06-23 23:45:00,1.138433456,1.138692737,1.138433456,1.138433456
2026-06-24 00:00:00,1.138433456,1.138563156,1.138433456,1.138433456
2026-06-24 00:15:00,1.138433456,1.138563156,1.138303995,1.138563156
2026-06-24 00:30:00,1.138433456,1.138433456,1.138174415,1.138433456
2026-06-24 00:45:00,1.138303995,1.138692737,1.138303995,1.138563156
2026-06-24 01:00:00,1.138174415,1.138563156,1.138174415,1.138174415
2026-06-24 01:15:00,1.137785912,1.138174415,1.13765645,1.138174415
2026-06-24 01:30:00,1.137915373,1.138044834,1.137785912,1.137785912
2026-06-24 01:45:00,1.137915373,1.138174415,1.137915373,1.137915373
2026-06-24 02:00:00,1.137785912,1.137915373,1.137526989,1.137915373
2026-06-24 02:15:00,1.137526989,1.13765645,1.137397647,1.13765645
2026-06-24 02:30:00,1.137915373,1.137915373,1.137526989,1.137526989
2026-06-24 02:45:00,1.137915373,1.138044834,1.13765645,1.13765645
2026-06-24 03:00:00,1.137915373,1.137915373,1.137785912,1.137915373
2026-06-24 03:15:00,1.137785912,1.137915373,1.137785912,1.137915373
2026-06-24 03:30:00,1.13765645,1.137915373,1.13765645,1.137785912
2026-06-24 03:45:00,1.137138963,1.13765645,1.137138963,1.13765645
2026-06-24 04:00:00,1.136751175,1.137138963,1.136621952,1.137138963
2026-06-24 04:15:00,1.136621952,1.136621952,1.136492848,1.136621952
2026-06-24 04:30:00,1.137138963,1.137138963,1.136751175,1.136751175
2026-06-24 04:45:00,1.13700974,1.137138963,1.13700974,1.13700974
2026-06-24 05:00:00,1.136621952,1.13700974,1.136492848,1.13700974
2026-06-24 05:15:00,1.136880398,1.13700974,1.136621952,1.136621952
2026-06-24 05:30:00,1.136751175,1.136880398,1.136751175,1.136751175
2026-06-24 05:45:00,1.136621952,1.136751175,1.136492848,1.136751175
2026-06-24 06:00:00,1.13700974,1.13700974,1.136621952,1.136621952
2026-06-24 06:15:00,1.136880398,1.13700974,1.136880398,1.136880398
2026-06-24 06:30:00,1.136751175,1.13700974,1.136751175,1.13700974
2026-06-24 06:45:00,1.13700974,1.137138963,1.136880398,1.136880398
2026-06-24 07:00:00,1.137785912,1.137785912,1.137138963,1.137138963
2026-06-24 07:15:00,1.136751175,1.137526989,1.136751175,1.137526989
2026-06-24 07:30:00,1.13700974,1.13700974,1.136751175,1.136751175
2026-06-24 07:45:00,1.136234522,1.137138963,1.136234522,1.13700974
2026-06-24 08:00:00,1.135718346,1.136363626,1.135589361,1.136234522
2026-06-24 08:15:00,1.13584733,1.135976434,1.135718346,1.135718346
2026-06-24 08:30:00,1.136234522,1.136234522,1.135589361,1.13584733
2026-06-24 08:45:00,1.135589361,1.136363626,1.135589361,1.136105418
2026-06-24 09:00:00,1.134172678,1.135718346,1.134172678,1.135589361
2026-06-24 09:15:00,1.135589361,1.135589361,1.134558678,1.134558678
2026-06-24 09:30:00,1.135460496,1.135718346,1.13481617,1.135589361
2026-06-24 09:45:00,1.135589361,1.13584733,1.135331511,1.135331511
2026-06-24 10:00:00,1.135460496,1.135718346,1.134944916,1.135589361
2026-06-24 10:15:00,1.135073781,1.135589361,1.134944916,1.135589361
2026-06-24 10:30:00,1.134944916,1.135202646,1.13481617,1.135073781
2026-06-24 10:45:00,1.135073781,1.135202646,1.134944916,1.134944916
2026-06-24 11:00:00,1.134558678,1.134944916,1.134301186,1.134944916
2026-06-24 11:15:00,1.134301186,1.134558678,1.134301186,1.134558678
2026-06-24 11:30:00,1.134687424,1.13481617,1.134301186,1.134429932
2026-06-24 11:45:00,1.134429932,1.134558678,1.134172678,1.134558678
2026-06-24 12:00:00,1.134301186,1.134429932,1.134172678,1.134429932
2026-06-24 12:15:00,1.134687424,1.134687424,1.134301186,1.134429932
2026-06-24 12:30:00,1.134687424,1.135202646,1.134558678,1.134687424
2026-06-24 12:45:00,1.134172678,1.135202646,1.134172678,1.134687424
2026-06-24 13:00:00,1.134301186,1.13481617,1.134172678,1.134429932
2026-06-24 13:15:00,1.134301186,1.134558678,1.134044051,1.134301186
2026-06-24 13:30:00,1.133401275,1.134172678,1.132887721,1.134172678
2026-06-24 13:45:00,1.133144498,1.133529782,1.133016109,1.133529782
2026-06-24 14:00:00,1.132887721,1.133272886,1.132887721,1.133272886
2026-06-24 14:15:00,1.134044051,1.134044051,1.132887721,1.132887721
2026-06-24 14:30:00,1.134301186,1.134558678,1.134044051,1.134172678
2026-06-24 14:45:00,1.13481617,1.134944916,1.13365829,1.133915424
2026-06-24 15:00:00,1.134944916,1.135460496,1.134687424,1.134687424
2026-06-24 15:15:00,1.134944916,1.134944916,1.134172678,1.134944916
2026-06-24 15:30:00,1.134429932,1.13481617,1.134172678,1.134687424
2026-06-24 15:45:00,1.134429932,1.134687424,1.133915424,1.134429932
2026-06-24 16:00:00,1.135460496,1.135460496,1.134429932,1.134429932
2026-06-24 16:15:00,1.13584733,1.136363626,1.135331511,1.135331511
2026-06-24 16:30:00,1.135460496,1.13584733,1.135331511,1.13584733
2026-06-24 16:45:00,1.135331511,1.135718346,1.135073781,1.135589361
2026-06-24 17:00:00,1.135589361,1.135718346,1.135073781,1.135202646
2026-06-24 17:15:00,1.136363626,1.136363626,1.135589361,1.135589361
2026-06-24 17:30:00,1.136363626,1.13700974,1.136363626,1.136492848
2026-06-24 17:45:00,1.136234522,1.136363626,1.136105418,1.136363626
2026-06-24 18:00:00,1.13584733,1.136363626,1.135718346,1.136363626
2026-06-24 18:15:00,1.135331511,1.13584733,1.135331511,1.13584733
2026-06-24 18:30:00,1.135589361,1.136105418,1.135589361,1.135589361
2026-06-24 18:45:00,1.135331511,1.135589361,1.135202646,1.135460496
2026-06-24 19:00:00,1.135589361,1.135718346,1.135460496,1.135460496
2026-06-24 19:15:00,1.136105418,1.136105418,1.135589361,1.135718346
2026-06-24 19:30:00,1.13584733,1.136363626,1.13584733,1.136105418
2026-06-24 19:45:00,1.135718346,1.135976434,1.135718346,1.13584733
2026-06-24 20:00:00,1.135718346,1.136105418,1.135718346,1.135976434
2026-06-24 20:15:00,1.135718346,1.13584733,1.135460496,1.135589361
2026-06-24 20:30:00,1.135976434,1.135976434,1.135718346,1.135976434
2026-06-24 20:45:00,1.135718346,1.136105418,1.135718346,1.135976434
2026-06-24 21:00:00,1.135718346,1.13584733,1.135589361,1.135589361
2026-06-24 21:15:00,1.135976434,1.136105418,1.135589361,1.135718346
2026-06-24 21:30:00,1.136234522,1.136234522,1.136105418,1.136105418
2026-06-24 21:45:00,1.136105418,1.136234522,1.136105418,1.136234522
2026-06-24 22:00:00,1.136105418,1.136363626,1.135331511,1.135331511
2026-06-24 22:15:00,1.136105418,1.136363626,1.135976434,1.136105418
2026-06-24 22:30:00,1.136234522,1.136492848,1.135589361,1.136492848
2026-06-24 22:45:00,1.136234522,1.136234522,1.135718346,1.136105418
2026-06-24 23:00:00,1.136105418,1.136363626,1.135976434,1.136363626
2026-06-24 23:15:00,1.135976434,1.136105418,1.13584733,1.136105418
2026-06-24 23:30:00,1.135976434,1.136105418,1.135976434,1.135976434
2026-06-24 23:45:00,1.13584733,1.135976434,1.13584733,1.135976434
2026-06-25 00:00:00,1.13584733,1.13584733,1.135718346,1.13584733
2026-06-25 00:15:00,1.13584733,1.135976434,1.13584733,1.13584733
2026-06-25 00:30:00,1.13584733,1.135976434,1.135718346,1.135718346
2026-06-25 00:45:00,1.135718346,1.135976434,1.135589361,1.135976434
2026-06-25 01:00:00,1.135460496,1.135718346,1.135460496,1.135589361
2026-06-25 01:15:00,1.135331511,1.135589361,1.135202646,1.135460496
2026-06-25 01:30:00,1.135202646,1.135331511,1.135202646,1.135331511
2026-06-25 01:45:00,1.135589361,1.135718346,1.135202646,1.135202646
2026-06-25 02:00:00,1.136363626,1.136363626,1.135718346,1.135718346
2026-06-25 02:15:00,1.136621952,1.13700974,1.136363626,1.136363626
2026-06-25 02:30:00,1.136363626,1.136751175,1.136234522,1.136751175
2026-06-25 02:45:00,1.136105418,1.136363626,1.136105418,1.136234522
2026-06-25 03:00:00,1.136363626,1.136492848,1.136105418,1.136105418
2026-06-25 03:15:00,1.136751175,1.136751175,1.136363626,1.136363626
2026-06-25 03:30:00,1.136621952,1.136880398,1.136621952,1.136751175
2026-06-25 03:45:00,1.136621952,1.136621952,1.136492848,1.136621952
2026-06-25 04:00:00,1.13700974,1.13700974,1.136751175,1.136751175
2026-06-25 04:15:00,1.136880398,1.13700974,1.136880398,1.136880398
2026-06-25 04:30:00,1.137138963,1.137138963,1.136880398,1.13700974
2026-06-25 04:45:00,1.137268305,1.137397647,1.13700974,1.137138963
2026-06-25 05:00:00,1.137397647,1.137397647,1.137268305,1.137397647
2026-06-25 05:15:00,1.137397647,1.137397647,1.137268305,1.137397647
2026-06-25 05:30:00,1.13700974,1.137268305,1.13700974,1.137268305
2026-06-25 05:45:00,1.137138963,1.137138963,1.13700974,1.13700974
2026-06-25 06:00:00,1.136880398,1.137138963,1.136880398,1.13700974
2026-06-25 06:15:00,1.136751175,1.13700974,1.136751175,1.13700974
2026-06-25 06:30:00,1.136621952,1.136880398,1.136621952,1.136751175
2026-06-25 06:45:00,1.136492848,1.136751175,1.136363626,1.136621952
2026-06-25 07:00:00,1.136621952,1.136621952,1.136234522,1.136621952
2026-06-25 07:15:00,1.136621952,1.136751175,1.136621952,1.136621952
2026-06-25 07:30:00,1.135976434,1.136492848,1.13584733,1.136492848
2026-06-25 07:45:00,1.135718346,1.136105418,1.135589361,1.136105418
2026-06-25 08:00:00,1.135460496,1.136234522,1.135460496,1.135718346
2026-06-25 08:15:00,1.135718346,1.13584733,1.134944916,1.135202646
2026-06-25 08:30:00,1.135718346,1.135976434,1.135589361,1.135589361
2026-06-25 08:45:00,1.136234522,1.136234522,1.135589361,1.135589361
2026-06-25 09:00:00,1.136492848,1.136751175,1.136363626,1.136363626
2026-06-25 09:15:00,1.13700974,1.137138963,1.136363626,1.136492848
2026-06-25 09:30:00,1.137397647,1.137526989,1.137138963,1.137138963
2026-06-25 09:45:00,1.13700974,1.137526989,1.13700974,1.137268305
2026-06-25 10:00:00,1.136880398,1.137138963,1.136621952,1.13700974
2026-06-25 10:15:00,1.137268305,1.137268305,1.136751175,1.13700974
2026-06-25 10:30:00,1.136751175,1.137526989,1.136751175,1.137526989
2026-06-25 10:45:00,1.136621952,1.136880398,1.136621952,1.136751175
2026-06-25 11:00:00,1.135976434,1.136492848,1.13584733,1.136492848
2026-06-25 11:15:00,1.135718346,1.135976434,1.135718346,1.13584733
2026-06-25 11:30:00,1.135202646,1.135718346,1.135202646,1.135718346
2026-06-25 11:45:00,1.13481617,1.135202646,1.134687424,1.135202646
2026-06-25 12:00:00,1.13481617,1.13481617,1.134558678,1.13481617
2026-06-25 12:15:00,1.134172678,1.134687424,1.134044051,1.134687424
2026-06-25 12:30:00,1.134172678,1.134172678,1.13365829,1.134044051
2026-06-25 12:45:00,1.134044051,1.134172678,1.13365829,1.134044051
2026-06-25 13:00:00,1.134429932,1.134558678,1.134044051,1.134044051
2026-06-25 13:15:00,1.134429932,1.134558678,1.134172678,1.134429932
2026-06-25 13:30:00,1.136621952,1.136621952,1.134944916,1.135460496
2026-06-25 13:45:00,1.135589361,1.136621952,1.135589361,1.136621952
2026-06-25 14:00:00,1.135589361,1.135976434,1.135331511,1.13584733
2026-06-25 14:15:00,1.136880398,1.136880398,1.135718346,1.135718346
2026-06-25 14:30:00,1.136621952,1.13700974,1.136492848,1.136880398
2026-06-25 14:45:00,1.136492848,1.136880398,1.136363626,1.136621952
2026-06-25 15:00:00,1.13765645,1.138433456,1.136751175,1.136751175
2026-06-25 15:15:00,1.137397647,1.137915373,1.136880398,1.137915373
2026-06-25 15:30:00,1.138044834,1.138174415,1.137526989,1.137526989
2026-06-25 15:45:00,1.137785912,1.138433456,1.137785912,1.138174415
2026-06-25 16:00:00,1.137785912,1.138692737,1.137785912,1.137915373
2026-06-25 16:15:00,1.139081836,1.139081836,1.137785912,1.137785912
2026-06-25 16:30:00,1.138433456,1.139081836,1.138433456,1.138952136
2026-06-25 16:45:00,1.138822436,1.138822436,1.138303995,1.138433456
2026-06-25 17:00:00,1.138433456,1.138822436,1.138433456,1.138563156
2026-06-25 17:15:00,1.138952136,1.138952136,1.138563156,1.138563156
2026-06-25 17:30:00,1.138174415,1.138692737,1.138174415,1.138692737
2026-06-25 17:45:00,1.137785912,1.138174415,1.13765645,1.138044834
2026-06-25 18:00:00,1.137785912,1.137915373,1.13765645,1.13765645
2026-06-25 18:15:00,1.13765645,1.137785912,1.137526989,1.137785912
2026-06-25 18:30:00,1.13765645,1.137785912,1.137526989,1.137785912
2026-06-25 18:45:00,1.137785912,1.138044834,1.13765645,1.13765645
2026-06-25 19:00:00,1.138174415,1.138174415,1.137397647,1.137785912
2026-06-25 19:15:00,1.138174415,1.138303995,1.138044834,1.138174415
2026-06-25 19:30:00,1.137785912,1.138044834,1.137785912,1.138044834
2026-06-25 19:45:00,1.137785912,1.138044834,1.13765645,1.137785912
2026-06-25 20:00:00,1.137526989,1.137785912,1.137397647,1.137785912
2026-06-25 20:15:00,1.138044834,1.138044834,1.13765645,1.137785912
2026-06-25 20:30:00,1.13765645,1.138174415,1.13765645,1.138174415
2026-06-25 20:45:00,1.13765645,1.13765645,1.137268305,1.137526989
2026-06-25 21:00:00,1.137526989,1.137785912,1.137526989,1.13765645
2026-06-25 21:15:00,1.13765645,1.13765645,1.137526989,1.137526989
2026-06-25 21:30:00,1.137526989,1.13765645,1.137526989,1.137526989
2026-06-25 21:45:00,1.137268305,1.137526989,1.137268305,1.137526989
2026-06-25 22:00:00,1.137526989,1.137526989,1.136621952,1.13700974
2026-06-25 22:15:00,1.137268305,1.137915373,1.137268305,1.13765645
2026-06-25 22:30:00,1.13765645,1.13765645,1.137138963,1.137138963
2026-06-25 22:45:00,1.137526989,1.137915373,1.137397647,1.137397647
2026-06-25 23:00:00,1.137397647,1.13765645,1.137397647,1.13765645
2026-06-25 23:15:00,1.137268305,1.137526989,1.137268305,1.137397647
2026-06-25 23:30:00,1.137268305,1.137397647,1.137138963,1.137138963
2026-06-25 23:45:00,1.137268305,1.137397647,1.137138963,1.137268305
2026-06-26 00:00:00,1.13700974,1.137268305,1.136880398,1.137268305
2026-06-26 00:15:00,1.136751175,1.13700974,1.136621952,1.13700974
2026-06-26 00:30:00,1.136621952,1.136751175,1.136492848,1.136751175
2026-06-26 00:45:00,1.136492848,1.136621952,1.136363626,1.136621952
2026-06-26 01:00:00,1.136621952,1.136621952,1.136492848,1.136492848
2026-06-26 01:15:00,1.136751175,1.136751175,1.136621952,1.136621952
2026-06-26 01:30:00,1.136751175,1.136880398,1.136621952,1.136751175
2026-06-26 01:45:00,1.136880398,1.13700974,1.136621952,1.136880398
2026-06-26 02:00:00,1.13700974,1.137268305,1.136880398,1.13700974
2026-06-26 02:15:00,1.136880398,1.137138963,1.136751175,1.13700974
2026-06-26 02:30:00,1.136234522,1.13700974,1.136105418,1.136880398
2026-06-26 02:45:00,1.136234522,1.136234522,1.136105418,1.136234522
2026-06-26 03:00:00,1.136234522,1.136621952,1.136234522,1.136234522
2026-06-26 03:15:00,1.13584733,1.136234522,1.135718346,1.135976434
2026-06-26 03:30:00,1.136234522,1.136234522,1.13584733,1.135976434
2026-06-26 03:45:00,1.136234522,1.136363626,1.136105418,1.136234522
2026-06-26 04:00:00,1.136621952,1.136751175,1.136234522,1.136234522
2026-06-26 04:15:00,1.136751175,1.136751175,1.136621952,1.136621952
2026-06-26 04:30:00,1.13700974,1.13700974,1.136621952,1.136621952
2026-06-26 04:45:00,1.137397647,1.137526989,1.13700974,1.13700974
2026-06-26 05:00:00,1.137526989,1.13765645,1.137268305,1.137397647
2026-06-26 05:15:00,1.13765645,1.137785912,1.137526989,1.137526989
2026-06-26 05:30:00,1.13765645,1.13765645,1.137268305,1.13765645
2026-06-26 05:45:00,1.137915373,1.137915373,1.13765645,1.13765645
2026-06-26 06:00:00,1.137915373,1.138174415,1.137915373,1.138044834
2026-06-26 06:15:00,1.138174415,1.138174415,1.137915373,1.138044834
2026-06-26 06:30:00,1.138303995,1.138303995,1.138044834,1.138174415
2026-06-26 06:45:00,1.138303995,1.138433456,1.138174415,1.138174415
2026-06-26 07:00:00,1.137785912,1.138174415,1.13765645,1.138174415
2026-06-26 07:15:00,1.138174415,1.138174415,1.137785912,1.137915373
2026-06-26 07:30:00,1.138044834,1.138433456,1.138044834,1.138303995
2026-06-26 07:45:00,1.137915373,1.138044834,1.137526989,1.138044834
2026-06-26 08:00:00,1.138044834,1.138174415,1.13765645,1.137785912
2026-06-26 08:15:00,1.137785912,1.138044834,1.137785912,1.138044834
2026-06-26 08:30:00,1.138952136,1.139081836,1.137915373,1.137915373
2026-06-26 08:45:00,1.139081836,1.139211655,1.138822436,1.138952136
2026-06-26 09:00:00,1.139860868,1.140120864,1.138692737,1.139081836
2026-06-26 09:15:00,1.140120864,1.140250921,1.139860868,1.139990926
2026-06-26 09:30:00,1.140641093,1.140641093,1.139990926,1.140120864
2026-06-26 09:45:00,1.140510917,1.140901327,1.140380859,1.140901327
2026-06-26 10:00:00,1.140120864,1.140380859,1.139990926,1.140380859
2026-06-26 10:15:00,1.140641093,1.140641093,1.140120864,1.140120864
2026-06-26 10:30:00,1.140901327,1.140901327,1.140510917,1.140641093
2026-06-26 10:45:00,1.141031504,1.141552567,1.140901327,1.140901327
2026-06-26 11:00:00,1.140771151,1.14116168,1.140771151,1.14116168
2026-06-26 11:15:00,1.140641093,1.141031504,1.140380859,1.140901327
2026-06-26 11:30:00,1.140641093,1.140901327,1.140641093,1.140641093
2026-06-26 11:45:00,1.140771151,1.140901327,1.140641093,1.140641093
2026-06-26 12:00:00,1.140380859,1.140901327,1.140380859,1.140901327
2026-06-26 12:15:00,1.140771151,1.140901327,1.140380859,1.140510917
2026-06-26 12:30:00,1.140250921,1.140901327,1.140250921,1.140901327
2026-06-26 12:45:00,1.140120864,1.140250921,1.139860868,1.140250921
2026-06-26 13:00:00,1.140510917,1.140510917,1.140120864,1.140120864
2026-06-26 13:15:00,1.140771151,1.140901327,1.140380859,1.140380859
2026-06-26 13:30:00,1.14116168,1.14116168,1.140510917,1.140771151
2026-06-26 13:45:00,1.143379807,1.143379807,1.141031504,1.141031504
2026-06-26 14:00:00,1.142204404,1.143118382,1.142204404,1.143118382
2026-06-26 14:15:00,1.142596006,1.142596006,1.141682863,1.142073989
2026-06-26 14:30:00,1.142596006,1.142726541,1.142465472,1.142596006
2026-06-26 14:45:00,1.142726541,1.142726541,1.142073989,1.142465472
2026-06-26 15:00:00,1.142465472,1.142857194,1.142334938,1.142857194
2026-06-26 15:15:00,1.142204404,1.142857194,1.142204404,1.142465472
2026-06-26 15:30:00,1.141943574,1.142204404,1.141422153,1.142073989
2026-06-26 15:45:00,1.139860868,1.142204404,1.139860868,1.141943574
2026-06-26 16:00:00,1.140510917,1.140641093,1.139601111,1.139601111
2026-06-26 16:15:00,1.140901327,1.140901327,1.140510917,1.140510917
2026-06-26 16:30:00,1.140901327,1.140901327,1.140510917,1.140901327
2026-06-26 16:45:00,1.140641093,1.14116168,1.140120864,1.140901327
2026-06-26 17:00:00,1.140380859,1.140641093,1.140120864,1.140641093
2026-06-26 17:15:00,1.139471292,1.140250921,1.139471292,1.140250921
2026-06-26 17:30:00,1.139341474,1.13973105,1.138692737,1.139601111
2026-06-26 17:45:00,1.139341474,1.139341474,1.139211655,1.139341474
2026-06-26 18:00:00,1.139601111,1.139601111,1.139211655,1.139211655
2026-06-26 18:15:00,1.139211655,1.139471292,1.139211655,1.139471292
2026-06-26 18:30:00,1.139211655,1.139341474,1.138822436,1.139341474
2026-06-26 18:45:00,1.138952136,1.139211655,1.138952136,1.139211655
2026-06-26 19:00:00,1.139341474,1.139471292,1.138952136,1.138952136
2026-06-26 19:15:00,1.139211655,1.139341474,1.139211655,1.139341474
2026-06-26 19:30:00,1.139341474,1.139471292,1.139211655,1.139341474
2026-06-26 19:45:00,1.139081836,1.139341474,1.139081836,1.139211655
2026-06-26 20:00:00,1.138952136,1.139081836,1.138952136,1.138952136
2026-06-26 20:15:00,1.138563156,1.138822436,1.138563156,1.138822436
2026-06-26 20:30:00,1.138563156,1.138692737,1.138433456,1.138563156
2026-06-26 20:45:00,1.139081836,1.139211655,1.138563156,1.138563156
2026-06-26 21:00:00,1.139211655,1.139211655,1.138952136,1.139081836
2026-06-26 21:15:00,1.139341474,1.139471292,1.139211655,1.139211655
2026-06-26 21:30:00,1.138952136,1.139341474,1.138692737,1.139341474
2026-06-26 21:45:00,1.139081836,1.139081836,1.138563156,1.138952136
2026-06-26 22:00:00,1.138952136,1.138952136,1.138952136,1.138952136
2026-06-26 22:15:00,1.138952136,1.138952136,1.138952136,1.138952136
2026-06-29 00:00:00,1.138952136,1.139081836,1.138952136,1.138952136
2026-06-29 00:15:00,1.138822436,1.138952136,1.138822436,1.138952136
2026-06-29 00:30:00,1.138692737,1.138822436,1.138563156,1.138822436
2026-06-29 00:45:00,1.138952136,1.138952136,1.138692737,1.138822436
2026-06-29 01:00:00,1.138952136,1.139081836,1.138692737,1.138952136
2026-06-29 01:15:00,1.138822436,1.138952136,1.138822436,1.138952136
2026-06-29 01:30:00,1.139081836,1.139081836,1.138822436,1.138822436
2026-06-29 01:45:00,1.139211655,1.139211655,1.138822436,1.139081836
2026-06-29 02:00:00,1.139081836,1.139081836,1.138822436,1.139081836
2026-06-29 02:15:00,1.139211655,1.139341474,1.138952136,1.138952136
2026-06-29 02:30:00,1.139341474,1.139341474,1.139211655,1.139211655
2026-06-29 02:45:00,1.138822436,1.139341474,1.138822436,1.139341474
2026-06-29 03:00:00,1.139081836,1.139081836,1.138822436,1.138822436
2026-06-29 03:15:00,1.139601111,1.139601111,1.139081836,1.139081836
2026-06-29 03:30:00,1.139211655,1.139601111,1.139211655,1.139601111
2026-06-29 03:45:00,1.139211655,1.139341474,1.139081836,1.139341474
2026-06-29 04:00:00,1.139341474,1.139341474,1.139081836,1.139081836
2026-06-29 04:15:00,1.139211655,1.139211655,1.138952136,1.139211655
2026-06-29 04:30:00,1.139211655,1.139341474,1.139211655,1.139211655
2026-06-29 04:45:00,1.138822436,1.139081836,1.138822436,1.139081836
2026-06-29 05:00:00,1.138692737,1.138692737,1.138563156,1.138692737
2026-06-29 05:15:00,1.138692737,1.138692737,1.138433456,1.138563156
2026-06-29 05:30:00,1.138692737,1.138822436,1.138692737,1.138692737
2026-06-29 05:45:00,1.138563156,1.138822436,1.138433456,1.138692737
2026-06-29 06:00:00,1.138952136,1.138952136,1.138563156,1.138563156
2026-06-29 06:15:00,1.138952136,1.139081836,1.138822436,1.139081836
2026-06-29 06:30:00,1.139471292,1.139471292,1.139081836,1.139081836
2026-06-29 06:45:00,1.13973105,1.139860868,1.139471292,1.139471292
2026-06-29 07:00:00,1.139860868,1.139860868,1.139601111,1.13973105
2026-06-29 07:15:00,1.140120864,1.140120864,1.13973105,1.139860868
2026-06-29 07:30:00,1.140380859,1.140510917,1.139990926,1.139990926
2026-06-29 07:45:00,1.141813159,1.141813159,1.140380859,1.140380859
2026-06-29 08:00:00,1.140901327,1.141552567,1.140901327,1.141552567
2026-06-29 08:15:00,1.14116168,1.14116168,1.140901327,1.141031504
2026-06-29 08:30:00,1.141031504,1.141422153,1.141031504,1.14116168
2026-06-29 08:45:00,1.140510917,1.141031504,1.140380859,1.140901327
2026-06-29 09:00:00,1.140641093,1.141031504,1.140641093,1.140641093
2026-06-29 09:15:00,1.140380859,1.140641093,1.140120864,1.140510917
2026-06-29 09:30:00,1.140250921,1.140771151,1.140250921,1.140510917
2026-06-29 09:45:00,1.139860868,1.140250921,1.139601111,1.140250921
2026-06-29 10:00:00,1.140120864,1.140250921,1.139860868,1.139860868
2026-06-29 10:15:00,1.140380859,1.140510917,1.140120864,1.140120864
2026-06-29 10:30:00,1.140120864,1.140510917,1.140120864,1.140380859
2026-06-29 10:45:00,1.140510917,1.140510917,1.140120864,1.140250921
2026-06-29 11:00:00,1.140641093,1.140771151,1.140641093,1.140641093
2026-06-29 11:15:00,1.140510917,1.140510917,1.140380859,1.140510917
2026-06-29 11:30:00,1.140510917,1.140641093,1.140380859,1.140510917
2026-06-29 11:45:00,1.140771151,1.140901327,1.140380859,1.140380859
2026-06-29 12:00:00,1.140771151,1.141031504,1.140771151,1.140771151
2026-06-29 12:15:00,1.140641093,1.140901327,1.140641093,1.140901327
2026-06-29 12:30:00,1.140250921,1.140901327,1.140250921,1.140641093
2026-06-29 12:45:00,1.141291857,1.141422153,1.140250921,1.140380859
2026-06-29 13:00:00,1.141031504,1.14116168,1.140901327,1.14116168
2026-06-29 13:15:00,1.140771151,1.141031504,1.140510917,1.141031504
2026-06-29 13:30:00,1.140641093,1.140901327,1.140510917,1.140641093
2026-06-29 13:45:00,1.140510917,1.140771151,1.140380859,1.140641093
2026-06-29 14:00:00,1.140771151,1.140901327,1.140641093,1.140641093
2026-06-29 14:15:00,1.140771151,1.140771151,1.140380859,1.140641093
2026-06-29 14:30:00,1.140771151,1.140901327,1.140510917,1.140901327
2026-06-29 14:45:00,1.141291857,1.141422153,1.140771151,1.140771151
2026-06-29 15:00:00,1.141552567,1.141682863,1.14116168,1.141422153
2026-06-29 15:15:00,1.141943574,1.142204404,1.140901327,1.141291857
2026-06-29 15:30:00,1.142073989,1.142596006,1.141813159,1.141813159
2026-06-29 15:45:00,1.142465472,1.142596006,1.141552567,1.141682863
2026-06-29 16:00:00,1.142334938,1.142465472,1.142073989,1.142465472
2026-06-29 16:15:00,1.142465472,1.142596006,1.142204404,1.142204404
2026-06-29 16:30:00,1.142334938,1.142726541,1.142334938,1.142465472
2026-06-29 16:45:00,1.142596006,1.142857194,1.142465472,1.142465472
2026-06-29 17:00:00,1.142857194,1.143118382,1.142726541,1.142726541
2026-06-29 17:15:00,1.142726541,1.142987847,1.142726541,1.142857194
2026-06-29 17:30:00,1.142987847,1.142987847,1.142726541,1.142726541
2026-06-29 17:45:00,1.142987847,1.143379807,1.142987847,1.142987847
2026-06-29 18:00:00,1.142987847,1.142987847,1.142857194,1.142987847
2026-06-29 18:15:00,1.142596006,1.142987847,1.142465472,1.142987847
2026-06-29 18:30:00,1.142726541,1.142857194,1.142596006,1.142596006
2026-06-29 18:45:00,1.142987847,1.143118382,1.142596006,1.142726541
2026-06-29 19:00:00,1.143118382,1.143249154,1.142987847,1.142987847
2026-06-29 19:15:00,1.143118382,1.143249154,1.143118382,1.143249154
2026-06-29 19:30:00,1.143118382,1.143118382,1.142987847,1.143118382
2026-06-29 19:45:00,1.142857194,1.143118382,1.142857194,1.143118382
2026-06-29 20:00:00,1.142596006,1.142987847,1.142596006,1.142857194
2026-06-29 20:15:00,1.142857194,1.142987847,1.142596006,1.142596006
2026-06-29 20:30:00,1.142857194,1.142987847,1.142726541,1.142857194
2026-06-29 20:45:00,1.142857194,1.142987847,1.142857194,1.142857194
2026-06-29 21:00:00,1.142987847,1.142987847,1.142857194,1.142857194
2026-06-29 21:15:00,1.142987847,1.142987847,1.142857194,1.142987847
2026-06-29 21:30:00,1.142596006,1.142987847,1.142596006,1.142987847
2026-06-29 21:45:00,1.142726541,1.142857194,1.142596006,1.142857194
2026-06-29 22:00:00,1.142726541,1.143772125,1.142465472,1.142596006
2026-06-29 22:15:00,1.142987847,1.142987847,1.142726541,1.142857194
2026-06-29 22:30:00,1.142987847,1.142987847,1.142857194,1.142987847
2026-06-29 22:45:00,1.142987847,1.142987847,1.142857194,1.142987847
2026-06-29 23:00:00,1.142857194,1.142857194,1.142596006,1.142596006
2026-06-29 23:15:00,1.142726541,1.142857194,1.142726541,1.142857194
2026-06-29 23:30:00,1.142596006,1.142857194,1.142596006,1.142726541
2026-06-29 23:45:00,1.142857194,1.142857194,1.142596006,1.142596006
2026-06-30 00:00:00,1.142726541,1.142857194,1.142726541,1.142857194
2026-06-30 00:15:00,1.142596006,1.142857194,1.142596006,1.142726541
2026-06-30 00:30:00,1.142465472,1.142596006,1.142465472,1.142596006
2026-06-30 00:45:00,1.142334938,1.142465472,1.142334938,1.142465472
2026-06-30 01:00:00,1.142073989,1.142334938,1.142073989,1.142204404
2026-06-30 01:15:00,1.141813159,1.141943574,1.141813159,1.141943574
2026-06-30 01:30:00,1.141813159,1.141943574,1.141682863,1.141813159
2026-06-30 01:45:00,1.141943574,1.141943574,1.141552567,1.141682863
2026-06-30 02:00:00,1.141031504,1.142073989,1.141031504,1.142073989
2026-06-30 02:15:00,1.141813159,1.141813159,1.141031504,1.141031504
2026-06-30 02:30:00,1.14116168,1.141943574,1.14116168,1.141813159
2026-06-30 02:45:00,1.140771151,1.141031504,1.140771151,1.140901327
2026-06-30 03:00:00,1.140641093,1.140901327,1.140641093,1.140771151
2026-06-30 03:15:00,1.140641093,1.140901327,1.140641093,1.140771151
2026-06-30 03:30:00,1.140771151,1.140901327,1.140641093,1.140641093
2026-06-30 03:45:00,1.140641093,1.140771151,1.140641093,1.140771151
2026-06-30 04:00:00,1.140641093,1.140901327,1.140510917,1.140641093
2026-06-30 04:15:00,1.140250921,1.140641093,1.140250921,1.140510917
2026-06-30 04:30:00,1.140120864,1.140250921,1.139990926,1.140250921
2026-06-30 04:45:00,1.140250921,1.140250921,1.140120864,1.140120864
2026-06-30 05:00:00,1.140120864,1.140250921,1.140120864,1.140120864
2026-06-30 05:15:00,1.139990926,1.140120864,1.139860868,1.140120864
2026-06-30 05:30:00,1.140120864,1.140250921,1.139990926,1.139990926
2026-06-30 05:45:00,1.139341474,1.140120864,1.139341474,1.140120864
2026-06-30 06:00:00,1.139341474,1.139471292,1.139081836,1.139211655
2026-06-30 06:15:00,1.139471292,1.139601111,1.139341474,1.139341474
2026-06-30 06:30:00,1.139471292,1.139601111,1.139471292,1.139471292
2026-06-30 06:45:00,1.138692737,1.139601111,1.138692737,1.139471292
2026-06-30 07:00:00,1.139211655,1.139211655,1.138692737,1.138822436
2026-06-30 07:15:00,1.140120864,1.140120864,1.139211655,1.139211655
2026-06-30 07:30:00,1.140250921,1.140250921,1.139990926,1.139990926
2026-06-30 07:45:00,1.140641093,1.140641093,1.139990926,1.140120864
2026-06-30 08:00:00,1.140901327,1.140901327,1.140510917,1.140641093
2026-06-30 08:15:00,1.14116168,1.14116168,1.140771151,1.140771151
2026-06-30 08:30:00,1.140901327,1.141031504,1.140771151,1.141031504
2026-06-30 08:45:00,1.140250921,1.140901327,1.140120864,1.140901327
2026-06-30 09:00:00,1.139601111,1.140120864,1.139341474,1.139990926
2026-06-30 09:15:00,1.139471292,1.139601111,1.139211655,1.139211655
2026-06-30 09:30:00,1.138952136,1.139601111,1.138952136,1.139601111
2026-06-30 09:45:00,1.139601111,1.139601111,1.138692737,1.139081836
2026-06-30 10:00:00,1.13973105,1.139990926,1.139471292,1.139471292
2026-06-30 10:15:00,1.139601111,1.139860868,1.139601111,1.139601111
2026-06-30 10:30:00,1.13973105,1.13973105,1.139211655,1.139601111
2026-06-30 10:45:00,1.140120864,1.140120864,1.13973105,1.139860868
2026-06-30 11:00:00,1.13973105,1.140120864,1.13973105,1.139990926
2026-06-30 11:15:00,1.139990926,1.139990926,1.139601111,1.139860868
2026-06-30 11:30:00,1.140250921,1.140380859,1.139601111,1.139860868
2026-06-30 11:45:00,1.140510917,1.140510917,1.140120864,1.140250921
2026-06-30 12:00:00,1.140120864,1.140510917,1.140120864,1.140510917
2026-06-30 12:15:00,1.140120864,1.140250921,1.139990926,1.140250921
2026-06-30 12:30:00,1.139860868,1.139990926,1.139081836,1.139990926
2026-06-30 12:45:00,1.139601111,1.139990926,1.139601111,1.139990926
2026-06-30 13:00:00,1.139860868,1.139860868,1.139341474,1.139601111
2026-06-30 13:15:00,1.139341474,1.139860868,1.139211655,1.139860868
2026-06-30 13:30:00,1.140120864,1.140120864,1.139341474,1.139471292
2026-06-30 13:45:00,1.139990926,1.140510917,1.13973105,1.140120864
2026-06-30 14:00:00,1.140250921,1.140510917,1.139860868,1.139990926
2026-06-30 14:15:00,1.140380859,1.140901327,1.140380859,1.140380859
2026-06-30 14:30:00,1.140250921,1.140510917,1.140120864,1.140510917
2026-06-30 14:45:00,1.140120864,1.140510917,1.140120864,1.140510917
2026-06-30 15:00:00,1.140771151,1.140771151,1.139601111,1.139990926
2026-06-30 15:15:00,1.141682863,1.141813159,1.141031504,1.14116168
2026-06-30 15:30:00,1.142204404,1.142204404,1.141291857,1.141552567
2026-06-30 15:45:00,1.143641353,1.143641353,1.141943574,1.142334938
2026-06-30 16:00:00,1.143118382,1.143641353,1.142987847,1.143641353
2026-06-30 16:15:00,1.142596006,1.142987847,1.142596006,1.142857194
2026-06-30 16:30:00,1.142334938,1.142857194,1.142204404,1.142596006
2026-06-30 16:45:00,1.141943574,1.142334938,1.141943574,1.142204404
2026-06-30 17:00:00,1.141813159,1.142073989,1.141682863,1.142073989
2026-06-30 17:15:00,1.141682863,1.141943574,1.141552567,1.141813159
2026-06-30 17:30:00,1.141943574,1.142073989,1.141682863,1.141813159
2026-06-30 17:45:00,1.141682863,1.142073989,1.141682863,1.141943574
2026-06-30 18:00:00,1.141943574,1.142073989,1.141813159,1.141813159
2026-06-30 18:15:00,1.142204404,1.142204404,1.141813159,1.141813159
2026-06-30 18:30:00,1.142204404,1.142204404,1.142073989,1.142204404
2026-06-30 18:45:00,1.142465472,1.142596006,1.142204404,1.142204404
2026-06-30 19:00:00,1.142987847,1.142987847,1.142465472,1.142465472
2026-06-30 19:15:00,1.142857194,1.142987847,1.142726541,1.142987847
2026-06-30 19:30:00,1.142465472,1.142987847,1.142334938,1.142987847
2026-06-30 19:45:00,1.142596006,1.142987847,1.142334938,1.142465472
2026-06-30 20:00:00,1.142465472,1.142596006,1.142334938,1.142334938
2026-06-30 20:15:00,1.141943574,1.142465472,1.141943574,1.142334938
2026-06-30 20:30:00,1.142204404,1.142204404,1.141943574,1.141943574
2026-06-30 20:45:00,1.142987847,1.142987847,1.142073989,1.142204404
2026-06-30 21:00:00,1.142857194,1.142987847,1.142857194,1.142987847
2026-06-30 21:15:00,1.142726541,1.142987847,1.142726541,1.142857194
2026-06-30 21:30:00,1.142596006,1.142726541,1.142596006,1.142726541
2026-06-30 21:45:00,1.142465472,1.142596006,1.142465472,1.142596006
2026-06-30 22:00:00,1.142073989,1.143118382,1.142073989,1.142465472
2026-06-30 22:15:00,1.142334938,1.142465472,1.142073989,1.142465472
2026-06-30 22:30:00,1.142726541,1.142726541,1.142204404,1.142334938
2026-06-30 22:45:00,1.142857194,1.142857194,1.142334938,1.142596006
2026-06-30 23:00:00,1.142465472,1.142596006,1.142465472,1.142596006
2026-06-30 23:15:00,1.142465472,1.142596006,1.142465472,1.142465472
2026-06-30 23:30:00,1.142465472,1.142465472,1.142465472,1.142465472
2026-06-30 23:45:00,1.142334938,1.142465472,1.142204404,1.142465472
2026-07-01 00:00:00,1.142204404,1.142334938,1.142204404,1.142334938
2026-07-01 00:15:00,1.142073989,1.142204404,1.142073989,1.142204404
2026-07-01 00:30:00,1.141943574,1.142204404,1.141943574,1.142073989
2026-07-01 00:45:00,1.141682863,1.141813159,1.141552567,1.141813159
2026-07-01 01:00:00,1.141682863,1.141682863,1.141552567,1.141682863
2026-07-01 01:15:00,1.141682863,1.141682863,1.141422153,1.141552567
2026-07-01 01:30:00,1.141291857,1.141682863,1.141291857,1.141682863
2026-07-01 01:45:00,1.141422153,1.141422153,1.14116168,1.141291857
2026-07-01 02:00:00,1.140901327,1.141291857,1.140771151,1.141291857
2026-07-01 02:15:00,1.141031504,1.14116168,1.140901327,1.140901327
2026-07-01 02:30:00,1.140901327,1.141031504,1.140771151,1.141031504
2026-07-01 02:45:00,1.140771151,1.141031504,1.140641093,1.140901327
2026-07-01 03:00:00,1.140771151,1.140901327,1.140771151,1.140771151
2026-07-01 03:15:00,1.140901327,1.14116168,1.140901327,1.141031504
2026-07-01 03:30:00,1.140901327,1.140901327,1.140641093,1.140771151
2026-07-01 03:45:00,1.140901327,1.141031504,1.140901327,1.140901327
2026-07-01 04:00:00,1.141031504,1.14116168,1.140901327,1.140901327
2026-07-01 04:15:00,1.140771151,1.141031504,1.140771151,1.141031504
2026-07-01 04:30:00,1.140510917,1.140901327,1.140510917,1.140901327
2026-07-01 04:45:00,1.140771151,1.140771151,1.140510917,1.140510917
2026-07-01 05:00:00,1.140771151,1.140771151,1.140641093,1.140771151
2026-07-01 05:15:00,1.140771151,1.140771151,1.140641093,1.140771151
2026-07-01 05:30:00,1.14116168,1.14116168,1.140771151,1.140771151
2026-07-01 05:45:00,1.141291857,1.141422153,1.14116168,1.14116168
2026-07-01 06:00:00,1.141291857,1.141291857,1.141031504,1.14116168
2026-07-01 06:15:00,1.141291857,1.141291857,1.14116168,1.141291857
2026-07-01 06:30:00,1.141291857,1.141422153,1.141031504,1.141291857
2026-07-01 06:45:00,1.140901327,1.141422153,1.140771151,1.141422153
2026-07-01 07:00:00,1.140641093,1.14116168,1.140641093,1.140901327
2026-07-01 07:15:00,1.140641093,1.140771151,1.140510917,1.140510917
2026-07-01 07:30:00,1.140380859,1.140771151,1.140380859,1.140641093
2026-07-01 07:45:00,1.140641093,1.140771151,1.140510917,1.140510917
2026-07-01 08:00:00,1.139990926,1.140641093,1.139990926,1.140641093
2026-07-01 08:15:00,1.13973105,1.139990926,1.13973105,1.139990926
2026-07-01 08:30:00,1.140250921,1.140250921,1.139601111,1.139601111
2026-07-01 08:45:00,1.140510917,1.140641093,1.140120864,1.140250921
2026-07-01 09:00:00,1.140380859,1.140510917,1.140250921,1.140510917
2026-07-01 09:15:00,1.139860868,1.140641093,1.139860868,1.140380859
2026-07-01 09:30:00,1.140250921,1.140250921,1.13973105,1.139990926
2026-07-01 09:45:00,1.139860868,1.140380859,1.139860868,1.140250921
2026-07-01 10:00:00,1.140120864,1.140250921,1.13973105,1.13973105
2026-07-01 10:15:00,1.139601111,1.139990926,1.139601111,1.139990926
2026-07-01 10:30:00,1.139341474,1.139601111,1.139081836,1.139601111
2026-07-01 10:45:00,1.139081836,1.139211655,1.138952136,1.139211655
2026-07-01 11:00:00,1.139211655,1.139211655,1.138952136,1.139081836
2026-07-01 11:15:00,1.13973105,1.13973105,1.139211655,1.139211655
2026-07-01 11:30:00,1.139860868,1.140120864,1.13973105,1.13973105
2026-07-01 11:45:00,1.140250921,1.140250921,1.139990926,1.139990926
2026-07-01 12:00:00,1.13973105,1.140120864,1.139601111,1.140120864
2026-07-01 12:15:00,1.139860868,1.139860868,1.139601111,1.13973105
2026-07-01 12:30:00,1.139860868,1.139860868,1.13973105,1.139860868
2026-07-01 12:45:00,1.138952136,1.139860868,1.138952136,1.139860868
2026-07-01 13:00:00,1.138692737,1.139081836,1.138303995,1.138952136
2026-07-01 13:15:00,1.138433456,1.138952136,1.138433456,1.138822436
2026-07-01 13:30:00,1.137526989,1.138563156,1.137268305,1.138433456
2026-07-01 13:45:00,1.137526989,1.137785912,1.137397647,1.13765645
2026-07-01 14:00:00,1.136751175,1.13765645,1.136751175,1.137397647
2026-07-01 14:15:00,1.138822436,1.138952136,1.136621952,1.136621952
2026-07-01 14:30:00,1.140641093,1.140641093,1.138952136,1.139211655
2026-07-01 14:45:00,1.13973105,1.141291857,1.13973105,1.140771151
2026-07-01 15:00:00,1.140380859,1.140641093,1.139471292,1.140120864
2026-07-01 15:15:00,1.139471292,1.140250921,1.139471292,1.140250921
2026-07-01 15:30:00,1.139990926,1.140380859,1.139471292,1.139471292
2026-07-01 15:45:00,1.13973105,1.139990926,1.138952136,1.139860868
2026-07-01 16:00:00,1.138952136,1.139860868,1.138952136,1.139860868
2026-07-01 16:15:00,1.139471292,1.139471292,1.138822436,1.139081836
2026-07-01 16:30:00,1.138433456,1.13973105,1.138433456,1.139601111
2026-07-01 16:45:00,1.138692737,1.138952136,1.138303995,1.138303995
2026-07-01 17:00:00,1.139211655,1.13973105,1.138692737,1.138692737
2026-07-01 17:15:00,1.139081836,1.139211655,1.138692737,1.139081836
2026-07-01 17:30:00,1.138433456,1.138822436,1.138433456,1.138822436
2026-07-01 17:45:00,1.138563156,1.138563156,1.138303995,1.138433456
2026-07-01 18:00:00,1.138433456,1.138822436,1.138433456,1.138563156
2026-07-01 18:15:00,1.138952136,1.138952136,1.138303995,1.138303995
2026-07-01 18:30:00,1.138433456,1.138952136,1.138433456,1.138952136
2026-07-01 18:45:00,1.138433456,1.138563156,1.138303995,1.138303995
2026-07-01 19:00:00,1.138174415,1.138563156,1.138174415,1.138433456
2026-07-01 19:15:00,1.138044834,1.138174415,1.137915373,1.138174415
2026-07-01 19:30:00,1.138174415,1.138303995,1.138044834,1.138044834
2026-07-01 19:45:00,1.138303995,1.138303995,1.138044834,1.138303995
2026-07-01 20:00:00,1.138303995,1.138433456,1.138303995,1.138303995
2026-07-01 20:15:00,1.138174415,1.138433456,1.138044834,1.138303995
2026-07-01 20:30:00,1.138303995,1.138433456,1.138174415,1.138303995
2026-07-01 20:45:00,1.138303995,1.138433456,1.138174415,1.138303995
2026-07-01 21:00:00,1.138044834,1.138303995,1.138044834,1.138174415
2026-07-01 21:15:00,1.138044834,1.138174415,1.137915373,1.138174415
2026-07-01 21:30:00,1.137915373,1.138044834,1.137785912,1.138044834
2026-07-01 21:45:00,1.138044834,1.138044834,1.137785912,1.137785912
2026-07-01 22:00:00,1.138303995,1.138303995,1.13765645,1.137915373
2026-07-01 22:15:00,1.138174415,1.138174415,1.13765645,1.13765645
2026-07-01 22:30:00,1.138303995,1.138692737,1.138174415,1.138303995
2026-07-01 22:45:00,1.137785912,1.138433456,1.137785912,1.138303995
2026-07-01 23:00:00,1.138174415,1.138303995,1.138044834,1.138303995
2026-07-01 23:15:00,1.138303995,1.138303995,1.138044834,1.138044834
2026-07-01 23:30:00,1.138303995,1.138303995,1.138174415,1.138174415
2026-07-01 23:45:00,1.138174415,1.138303995,1.138174415,1.138303995
2026-07-02 00:00:00,1.138174415,1.138174415,1.138174415,1.138174415
2026-07-02 00:15:00,1.138174415,1.138174415,1.138044834,1.138174415
2026-07-02 00:30:00,1.138044834,1.138174415,1.138044834,1.138174415
2026-07-02 00:45:00,1.138044834,1.138174415,1.138044834,1.138174415
2026-07-02 01:00:00,1.138303995,1.138563156,1.138044834,1.138044834
2026-07-02 01:15:00,1.138044834,1.138433456,1.138044834,1.138433456
2026-07-02 01:30:00,1.138044834,1.138174415,1.137915373,1.138044834
2026-07-02 01:45:00,1.138044834,1.138303995,1.137915373,1.138044834
2026-07-02 02:00:00,1.138174415,1.138303995,1.138044834,1.138044834
2026-07-02 02:15:00,1.138174415,1.138303995,1.138174415,1.138303995
2026-07-02 02:30:00,1.138563156,1.138563156,1.138044834,1.138174415
2026-07-02 02:45:00,1.138433456,1.138822436,1.138433456,1.138433456
2026-07-02 03:00:00,1.138822436,1.138822436,1.138433456,1.138433456
2026-07-02 03:15:00,1.138822436,1.139211655,1.138822436,1.138952136
2026-07-02 03:30:00,1.138822436,1.138952136,1.138692737,1.138822436
2026-07-02 03:45:00,1.138563156,1.138822436,1.138563156,1.138822436
2026-07-02 04:00:00,1.138303995,1.138692737,1.138303995,1.138563156
2026-07-02 04:15:00,1.138303995,1.138303995,1.138174415,1.138303995
2026-07-02 04:30:00,1.138433456,1.138433456,1.138303995,1.138303995
2026-07-02 04:45:00,1.138563156,1.138563156,1.138303995,1.138433456
2026-07-02 05:00:00,1.138952136,1.138952136,1.138563156,1.138563156
2026-07-02 05:15:00,1.138822436,1.138952136,1.138822436,1.138952136
2026-07-02 05:30:00,1.138952136,1.138952136,1.138822436,1.138822436
2026-07-02 05:45:00,1.139081836,1.139081836,1.138952136,1.138952136
2026-07-02 06:00:00,1.138952136,1.139211655,1.138952136,1.139081836
2026-07-02 06:15:00,1.138692737,1.138952136,1.138692737,1.138952136
2026-07-02 06:30:00,1.138692737,1.138822436,1.138563156,1.138692737
2026-07-02 06:45:00,1.138952136,1.138952136,1.138692737,1.138692737
2026-07-02 07:00:00,1.139471292,1.139471292,1.138952136,1.138952136
2026-07-02 07:15:00,1.139081836,1.139211655,1.138952136,1.139211655
2026-07-02 07:30:00,1.139341474,1.139341474,1.139081836,1.139081836
2026-07-02 07:45:00,1.139860868,1.140641093,1.139471292,1.139471292
2026-07-02 08:00:00,1.139860868,1.139990926,1.139471292,1.13973105
2026-07-02 08:15:00,1.140250921,1.140250921,1.13973105,1.139860868
2026-07-02 08:30:00,1.140771151,1.140901327,1.139990926,1.140510917
2026-07-02 08:45:00,1.14116168,1.141291857,1.140641093,1.140901327
2026-07-02 09:00:00,1.142073989,1.142073989,1.14116168,1.14116168
2026-07-02 09:15:00,1.141943574,1.142073989,1.141813159,1.142073989
2026-07-02 09:30:00,1.142073989,1.142204404,1.141682863,1.141813159
2026-07-02 09:45:00,1.142204404,1.142334938,1.141943574,1.141943574
2026-07-02 10:00:00,1.141682863,1.142334938,1.141422153,1.142334938
2026-07-02 10:15:00,1.141291857,1.141943574,1.141291857,1.141682863
2026-07-02 10:30:00,1.141422153,1.141682863,1.141291857,1.141291857
2026-07-02 10:45:00,1.141552567,1.141813159,1.141422153,1.141552567
2026-07-02 11:00:00,1.14116168,1.141422153,1.14116168,1.141291857
2026-07-02 11:15:00,1.141031504,1.141031504,1.140901327,1.141031504
2026-07-02 11:30:00,1.140771151,1.141031504,1.140771151,1.140901327
2026-07-02 11:45:00,1.141291857,1.141422153,1.140901327,1.140901327
2026-07-02 12:00:00,1.141422153,1.141422153,1.141031504,1.141422153
2026-07-02 12:15:00,1.141552567,1.141813159,1.141422153,1.141422153
2026-07-02 12:30:00,1.14116168,1.141682863,1.14116168,1.141682863
2026-07-02 12:45:00,1.140641093,1.14116168,1.140380859,1.14116168
2026-07-02 13:00:00,1.140250921,1.140771151,1.140250921,1.140641093
2026-07-02 13:15:00,1.140250921,1.140380859,1.139860868,1.140250921
2026-07-02 13:30:00,1.146789074,1.14705205,1.141422153,1.141422153
2026-07-02 13:45:00,1.145344257,1.147446871,1.145344257,1.147446871
2026-07-02 14:00:00,1.145475388,1.145737886,1.144950747,1.145475388
2026-07-02 14:15:00,1.144557595,1.145344257,1.144426703,1.145344257
2026-07-02 14:30:00,1.145081878,1.145475388,1.144426703,1.144426703
2026-07-02 14:45:00,1.145213008,1.145606637,1.144950747,1.145081878
2026-07-02 15:00:00,1.146131754,1.146131754,1.144688606,1.145344257
2026-07-02 15:15:00,1.144819736,1.146131754,1.144819736,1.146000385
2026-07-02 15:30:00,1.143772125,1.144688606,1.143772125,1.144557595
2026-07-02 15:45:00,1.144688606,1.144688606,1.143903017,1.143903017
2026-07-02 16:00:00,1.144950747,1.145081878,1.144426703,1.144688606
2026-07-02 16:15:00,1.144688606,1.145081878,1.144557595,1.144819736
2026-07-02 16:30:00,1.144950747,1.145344257,1.144557595,1.144557595
2026-07-02 16:45:00,1.145081878,1.145081878,1.144557595,1.144819736
2026-07-02 17:00:00,1.144557595,1.145081878,1.144426703,1.145081878
2026-07-02 17:15:00,1.144164801,1.144688606,1.14403379,1.144688606
2026-07-02 17:30:00,1.144164801,1.144164801,1.143903017,1.143903017
2026-07-02 17:45:00,1.144164801,1.144426703,1.144164801,1.144295692
2026-07-02 18:00:00,1.143903017,1.14403379,1.143641353,1.14403379
2026-07-02 18:15:00,1.143379807,1.143772125,1.143379807,1.143772125
2026-07-02 18:30:00,1.143249154,1.143641353,1.143249154,1.14351058
2026-07-02 18:45:00,1.143249154,1.14351058,1.143249154,1.143249154
2026-07-02 19:00:00,1.143772125,1.143903017,1.143379807,1.143379807
2026-07-02 19:15:00,1.143772125,1.143772125,1.143379807,1.14351058
2026-07-02 19:30:00,1.143772125,1.14403379,1.143641353,1.143641353
2026-07-02 19:45:00,1.143641353,1.143772125,1.143641353,1.143641353
2026-07-02 20:00:00,1.143641353,1.143641353,1.143379807,1.143641353
2026-07-02 20:15:00,1.143249154,1.143641353,1.143249154,1.143641353
2026-07-02 20:30:00,1.143249154,1.143379807,1.143118382,1.143249154
2026-07-02 20:45:00,1.143379807,1.14351058,1.142987847,1.143249154
2026-07-02 21:00:00,1.14351058,1.143641353,1.143379807,1.143379807
2026-07-02 21:15:00,1.143903017,1.143903017,1.14351058,1.14351058
2026-07-02 21:30:00,1.143641353,1.143772125,1.143641353,1.143772125
2026-07-02 21:45:00,1.143641353,1.143903017,1.143641353,1.143641353
2026-07-02 22:00:00,1.143903017,1.144295692,1.142726541,1.142726541
2026-07-02 22:15:00,1.143903017,1.143903017,1.143379807,1.143772125
2026-07-02 22:30:00,1.143379807,1.143772125,1.143379807,1.143641353
2026-07-02 22:45:00,1.143772125,1.143772125,1.143379807,1.14351058
2026-07-02 23:00:00,1.143772125,1.143903017,1.143641353,1.143641353
2026-07-02 23:15:00,1.14351058,1.143772125,1.14351058,1.143772125
2026-07-02 23:30:00,1.143249154,1.14351058,1.143118382,1.14351058
2026-07-02 23:45:00,1.143118382,1.143249154,1.143118382,1.143249154
2026-07-03 00:00:00,1.143118382,1.143249154,1.143118382,1.143249154
2026-07-03 00:15:00,1.143379807,1.143379807,1.143118382,1.143118382
2026-07-03 00:30:00,1.142987847,1.143249154,1.142726541,1.143249154
2026-07-03 00:45:00,1.142596006,1.142987847,1.142596006,1.142987847
2026-07-03 01:00:00,1.142596006,1.142726541,1.142334938,1.142726541
2026-07-03 01:15:00,1.142596006,1.142596006,1.142465472,1.142596006
2026-07-03 01:30:00,1.142465472,1.142596006,1.142465472,1.142465472
2026-07-03 01:45:00,1.143379807,1.143379807,1.142465472,1.142465472
2026-07-03 02:00:00,1.143903017,1.143903017,1.143379807,1.143379807
2026-07-03 02:15:00,1.144426703,1.144688606,1.14403379,1.14403379
2026-07-03 02:30:00,1.144426703,1.144557595,1.144164801,1.144295692
2026-07-03 02:45:00,1.14403379,1.144426703,1.14403379,1.144426703
2026-07-03 03:00:00,1.144426703,1.144557595,1.143903017,1.14403379
2026-07-03 03:15:00,1.144688606,1.144688606,1.144426703,1.144426703
2026-07-03 03:30:00,1.144557595,1.144819736,1.144426703,1.144688606
2026-07-03 03:45:00,1.144295692,1.144688606,1.144295692,1.144688606
2026-07-03 04:00:00,1.144164801,1.144295692,1.14403379,1.144295692
2026-07-03 04:15:00,1.144164801,1.144295692,1.14403379,1.144295692
2026-07-03 04:30:00,1.144295692,1.144426703,1.14403379,1.144164801
2026-07-03 04:45:00,1.144426703,1.144426703,1.144295692,1.144295692
2026-07-03 05:00:00,1.144426703,1.144426703,1.144295692,1.144426703
2026-07-03 05:15:00,1.144557595,1.144688606,1.144426703,1.144557595
2026-07-03 05:30:00,1.144819736,1.144819736,1.144426703,1.144557595
2026-07-03 05:45:00,1.144819736,1.144819736,1.144688606,1.144819736
2026-07-03 06:00:00,1.145606637,1.145606637,1.144950747,1.144950747
2026-07-03 06:15:00,1.145606637,1.145737886,1.145344257,1.145606637
2026-07-03 06:30:00,1.145475388,1.145606637,1.145344257,1.145475388
2026-07-03 06:45:00,1.145081878,1.145737886,1.145081878,1.145606637
2026-07-03 07:00:00,1.145606637,1.145606637,1.145213008,1.145213008
2026-07-03 07:15:00,1.145737886,1.146131754,1.145475388,1.145737886
2026-07-03 07:30:00,1.146263242,1.146525979,1.145606637,1.145606637
2026-07-03 07:45:00,1.145869136,1.14639461,1.145606637,1.146263242
2026-07-03 08:00:00,1.145737886,1.145737886,1.145606637,1.145606637
2026-07-03 08:15:00,1.146000385,1.146000385,1.145475388,1.145737886
2026-07-03 08:30:00,1.145344257,1.145869136,1.145213008,1.145869136
2026-07-03 08:45:00,1.145737886,1.146000385,1.145475388,1.145475388
2026-07-03 09:00:00,1.145737886,1.145869136,1.145475388,1.145869136
2026-07-03 09:15:00,1.145737886,1.145737886,1.145475388,1.145737886
2026-07-03 09:30:00,1.145737886,1.146000385,1.145606637,1.145606637
2026-07-03 09:45:00,1.145606637,1.145737886,1.145475388,1.145737886
2026-07-03 10:00:00,1.145213008,1.145606637,1.145213008,1.145606637
2026-07-03 10:15:00,1.145081878,1.145475388,1.145081878,1.145344257
2026-07-03 10:30:00,1.145081878,1.145213008,1.145081878,1.145081878
2026-07-03 10:45:00,1.144426703,1.144950747,1.144426703,1.144950747
2026-07-03 11:00:00,1.144950747,1.145081878,1.144426703,1.144426703
2026-07-03 11:15:00,1.144819736,1.145081878,1.144688606,1.144950747
2026-07-03 11:30:00,1.145213008,1.145213008,1.144688606,1.144688606
2026-07-03 11:45:00,1.145081878,1.145344257,1.145081878,1.145081878
2026-07-03 12:00:00,1.145737886,1.145737886,1.144950747,1.144950747
2026-07-03 12:15:00,1.145869136,1.146000385,1.145737886,1.145737886
2026-07-03 12:30:00,1.145344257,1.145869136,1.145213008,1.145869136
2026-07-03 12:45:00,1.145213008,1.145344257,1.145081878,1.145344257
2026-07-03 13:00:00,1.145475388,1.145475388,1.145081878,1.145344257
2026-07-03 13:15:00,1.145081878,1.145344257,1.144950747,1.145344257
2026-07-03 13:30:00,1.145213008,1.145475388,1.144950747,1.145081878
2026-07-03 13:45:00,1.144950747,1.145213008,1.144950747,1.145081878
2026-07-03 14:00:00,1.144819736,1.145081878,1.144557595,1.144950747
2026-07-03 14:15:00,1.144688606,1.144819736,1.144557595,1.144688606
2026-07-03 14:30:00,1.144557595,1.144688606,1.144426703,1.144688606
2026-07-03 14:45:00,1.144164801,1.144557595,1.144164801,1.144557595
2026-07-03 15:00:00,1.144426703,1.144557595,1.144164801,1.144295692
2026-07-03 15:15:00,1.144950747,1.145081878,1.144426703,1.144426703
2026-07-03 15:30:00,1.144819736,1.144950747,1.144688606,1.144950747
2026-07-03 15:45:00,1.144688606,1.144819736,1.144557595,1.144688606
2026-07-03 16:00:00,1.144557595,1.144688606,1.144426703,1.144557595
2026-07-03 16:15:00,1.144295692,1.144688606,1.144164801,1.144426703
2026-07-03 16:30:00,1.144295692,1.144426703,1.144295692,1.144295692
2026-07-03 16:45:00,1.14403379,1.144295692,1.143903017,1.144295692
2026-07-03 17:00:00,1.144164801,1.144295692,1.14403379,1.14403379
2026-07-03 17:15:00,1.144164801,1.144295692,1.144164801,1.144164801
2026-07-03 17:30:00,1.143903017,1.144164801,1.143903017,1.14403379
2026-07-03 17:45:00,1.14403379,1.14403379,1.143903017,1.143903017
2026-07-03 18:00:00,1.144295692,1.144426703,1.144164801,1.144164801
2026-07-03 18:15:00,1.144426703,1.144426703,1.144295692,1.144295692
2026-07-03 18:30:00,1.144426703,1.144426703,1.144295692,1.144295692
2026-07-03 18:45:00,1.144295692,1.144426703,1.144295692,1.144426703
2026-07-03 19:00:00,1.144295692,1.144426703,1.144164801,1.144426703
2026-07-03 19:15:00,1.144295692,1.144426703,1.144164801,1.144295692
2026-07-03 19:30:00,1.144295692,1.144295692,1.144295692,1.144295692
2026-07-03 19:45:00,1.144295692,1.144295692,1.144164801,1.144295692
2026-07-03 20:00:00,1.144295692,1.144426703,1.144164801,1.144164801
2026-07-03 20:15:00,1.144164801,1.144295692,1.144164801,1.144295692
2026-07-03 20:30:00,1.144164801,1.144164801,1.14403379,1.144164801
2026-07-03 20:45:00,1.14403379,1.144164801,1.143903017,1.144164801
2026-07-03 21:00:00,1.143903017,1.14403379,1.143903017,1.143903017
2026-07-03 21:15:00,1.143903017,1.14403379,1.143903017,1.14403379
2026-07-03 21:30:00,1.143903017,1.14403379,1.143903017,1.14403379
2026-07-03 21:45:00,1.14403379,1.14403379,1.143772125,1.143903017
2026-07-03 22:00:00,1.14403379,1.14403379,1.14403379,1.14403379
2026-07-03 22:15:00,1.14403379,1.14403379,1.14403379,1.14403379
2026-07-06 00:00:00,1.143772125,1.14403379,1.143641353,1.14403379
2026-07-06 00:15:00,1.143903017,1.14403379,1.143641353,1.143772125
2026-07-06 00:30:00,1.14403379,1.14403379,1.143903017,1.143903017
2026-07-06 00:45:00,1.14403379,1.144164801,1.143903017,1.14403379
2026-07-06 01:00:00,1.14403379,1.14403379,1.143772125,1.14403379
2026-07-06 01:15:00,1.144164801,1.144426703,1.14403379,1.14403379
2026-07-06 01:30:00,1.144426703,1.144426703,1.144164801,1.144426703
2026-07-06 01:45:00,1.144164801,1.144295692,1.14403379,1.144295692
2026-07-06 02:00:00,1.14403379,1.144164801,1.143903017,1.144164801
2026-07-06 02:15:00,1.14351058,1.143903017,1.14351058,1.143903017
2026-07-06 02:30:00,1.143772125,1.143772125,1.143379807,1.143379807
2026-07-06 02:45:00,1.143249154,1.143641353,1.143249154,1.143641353
2026-07-06 03:00:00,1.143379807,1.143379807,1.143118382,1.143249154
2026-07-06 03:15:00,1.143249154,1.143379807,1.143249154,1.143249154
2026-07-06 03:30:00,1.143379807,1.143379807,1.143249154,1.143249154
2026-07-06 03:45:00,1.143772125,1.143772125,1.143379807,1.143379807
2026-07-06 04:00:00,1.143641353,1.143903017,1.143641353,1.143772125
2026-07-06 04:15:00,1.143249154,1.143641353,1.143249154,1.143641353
2026-07-06 04:30:00,1.143379807,1.143379807,1.143118382,1.143249154
2026-07-06 04:45:00,1.14351058,1.14351058,1.143249154,1.14351058
2026-07-06 05:00:00,1.143641353,1.143772125,1.14351058,1.14351058
2026-07-06 05:15:00,1.143641353,1.143772125,1.14351058,1.143641353
2026-07-06 05:30:00,1.143641353,1.143641353,1.14351058,1.14351058
2026-07-06 05:45:00,1.143641353,1.143772125,1.14351058,1.143641353
2026-07-06 06:00:00,1.143379807,1.14351058,1.143249154,1.14351058
2026-07-06 06:15:00,1.143249154,1.143249154,1.143118382,1.143249154
2026-07-06 06:30:00,1.143249154,1.14351058,1.143249154,1.143249154
2026-07-06 06:45:00,1.142726541,1.14351058,1.142726541,1.143249154
2026-07-06 07:00:00,1.142857194,1.143249154,1.142857194,1.142987847
2026-07-06 07:15:00,1.142596006,1.142857194,1.142465472,1.142726541
2026-07-06 07:30:00,1.142596006,1.142857194,1.142465472,1.142596006
2026-07-06 07:45:00,1.142465472,1.142857194,1.142334938,1.142726541
2026-07-06 08:00:00,1.142465472,1.142465472,1.142073989,1.142334938
2026-07-06 08:15:00,1.142596006,1.143118382,1.142596006,1.142987847
2026-07-06 08:30:00,1.142857194,1.142857194,1.142596006,1.142596006
2026-07-06 08:45:00,1.142987847,1.142987847,1.142596006,1.142857194
2026-07-06 09:00:00,1.142204404,1.142987847,1.142073989,1.142987847
2026-07-06 09:15:00,1.142204404,1.142334938,1.142073989,1.142334938
2026-07-06 09:30:00,1.142073989,1.142465472,1.142073989,1.142334938
2026-07-06 09:45:00,1.142334938,1.142334938,1.141943574,1.141943574
2026-07-06 10:00:00,1.142204404,1.142465472,1.142073989,1.142334938
2026-07-06 10:15:00,1.142204404,1.142334938,1.142073989,1.142204404
2026-07-06 10:30:00,1.142204404,1.142334938,1.142073989,1.142204404
2026-07-06 10:45:00,1.141552567,1.141943574,1.141422153,1.141943574
2026-07-06 11:00:00,1.141682863,1.141682863,1.141291857,1.141682863
2026-07-06 11:15:00,1.141943574,1.142334938,1.141813159,1.141813159
2026-07-06 11:30:00,1.142204404,1.142465472,1.141943574,1.141943574
2026-07-06 11:45:00,1.142334938,1.142465472,1.142204404,1.142334938
2026-07-06 12:00:00,1.142204404,1.142334938,1.141943574,1.142334938
2026-07-06 12:15:00,1.142073989,1.142204404,1.141943574,1.142204404
2026-07-06 12:30:00,1.141813159,1.142334938,1.141813159,1.142073989
2026-07-06 12:45:00,1.141943574,1.141943574,1.141552567,1.141813159
2026-07-06 13:00:00,1.142073989,1.142204404,1.141813159,1.142073989
2026-07-06 13:15:00,1.142073989,1.142204404,1.141943574,1.142204404
2026-07-06 13:30:00,1.141552567,1.142204404,1.141552567,1.142073989
2026-07-06 13:45:00,1.141682863,1.141943574,1.141552567,1.141552567
2026-07-06 14:00:00,1.142204404,1.142334938,1.141422153,1.141422153
2026-07-06 14:15:00,1.142334938,1.142596006,1.142204404,1.142204404
2026-07-06 14:30:00,1.142073989,1.142465472,1.142073989,1.142334938
2026-07-06 14:45:00,1.141552567,1.142073989,1.14116168,1.141943574
2026-07-06 15:00:00,1.142073989,1.142204404,1.141552567,1.141552567
2026-07-06 15:15:00,1.141813159,1.142073989,1.141813159,1.142073989
2026-07-06 15:30:00,1.141552567,1.142073989,1.141552567,1.141943574
2026-07-06 15:45:00,1.141943574,1.142073989,1.141552567,1.141682863
2026-07-06 16:00:00,1.141943574,1.142204404,1.141943574,1.142073989
2026-07-06 16:15:00,1.142073989,1.142204404,1.141943574,1.142073989
2026-07-06 16:30:00,1.142596006,1.142596006,1.142073989,1.142204404
2026-07-06 16:45:00,1.142857194,1.142857194,1.142726541,1.142726541
2026-07-06 17:00:00,1.142987847,1.143249154,1.142857194,1.142857194
2026-07-06 17:15:00,1.143249154,1.143379807,1.142987847,1.142987847
2026-07-06 17:30:00,1.143118382,1.143379807,1.142987847,1.143249154
2026-07-06 17:45:00,1.143379807,1.14351058,1.143118382,1.143118382
2026-07-06 18:00:00,1.143641353,1.143641353,1.14351058,1.14351058
2026-07-06 18:15:00,1.14403379,1.14403379,1.143772125,1.143772125
2026-07-06 18:30:00,1.144295692,1.144295692,1.143903017,1.143903017
2026-07-06 18:45:00,1.14403379,1.144295692,1.143903017,1.144164801
2026-07-06 19:00:00,1.14403379,1.144164801,1.143903017,1.14403379
2026-07-06 19:15:00,1.144295692,1.144295692,1.14403379,1.14403379
2026-07-06 19:30:00,1.144557595,1.144557595,1.144164801,1.144164801
2026-07-06 19:45:00,1.144688606,1.144819736,1.144557595,1.144557595
2026-07-06 20:00:00,1.144426703,1.144688606,1.144426703,1.144426703
2026-07-06 20:15:00,1.144295692,1.144426703,1.144164801,1.144426703
2026-07-06 20:30:00,1.144295692,1.144426703,1.144295692,1.144295692
2026-07-06 20:45:00,1.144557595,1.144557595,1.144295692,1.144295692
2026-07-06 21:00:00,1.144426703,1.144557595,1.144426703,1.144426703
2026-07-06 21:15:00,1.144426703,1.144557595,1.144295692,1.144426703
2026-07-06 21:30:00,1.144295692,1.144557595,1.144295692,1.144557595
2026-07-06 21:45:00,1.144426703,1.144426703,1.144295692,1.144426703
2026-07-06 22:00:00,1.144557595,1.145081878,1.144164801,1.145081878
2026-07-06 22:15:00,1.144557595,1.144688606,1.144295692,1.144557595
2026-07-06 22:30:00,1.144557595,1.144688606,1.144426703,1.144426703
2026-07-06 22:45:00,1.145081878,1.145081878,1.144557595,1.144557595
2026-07-06 23:00:00,1.144688606,1.144819736,1.144557595,1.144688606
2026-07-06 23:15:00,1.144688606,1.144688606,1.144688606,1.144688606
2026-07-06 23:30:00,1.144688606,1.144688606,1.144688606,1.144688606
2026-07-06 23:45:00,1.144688606,1.144819736,1.144688606,1.144688606
2026-07-07 00:00:00,1.144950747,1.145081878,1.144819736,1.144950747
2026-07-07 00:15:00,1.144688606,1.145081878,1.144688606,1.144950747
2026-07-07 00:30:00,1.144819736,1.144819736,1.144688606,1.144688606
2026-07-07 00:45:00,1.144426703,1.144819736,1.144426703,1.144819736
2026-07-07 01:00:00,1.144426703,1.144557595,1.144426703,1.144426703
2026-07-07 01:15:00,1.144164801,1.144426703,1.144164801,1.144426703
2026-07-07 01:30:00,1.144295692,1.144426703,1.144164801,1.144295692
2026-07-07 01:45:00,1.144295692,1.144426703,1.144295692,1.144295692
2026-07-07 02:00:00,1.144295692,1.144295692,1.144164801,1.144295692
2026-07-07 02:15:00,1.144164801,1.144295692,1.14403379,1.144295692
2026-07-07 02:30:00,1.144295692,1.144819736,1.144295692,1.144557595
2026-07-07 02:45:00,1.144688606,1.144950747,1.144295692,1.144295692
2026-07-07 03:00:00,1.144557595,1.144950747,1.144557595,1.144819736
2026-07-07 03:15:00,1.144557595,1.144688606,1.144557595,1.144557595
2026-07-07 03:30:00,1.144426703,1.144688606,1.144426703,1.144426703
2026-07-07 03:45:00,1.144295692,1.144557595,1.144295692,1.144426703
2026-07-07 04:00:00,1.144426703,1.144557595,1.144295692,1.144295692
2026-07-07 04:15:00,1.144295692,1.144557595,1.144295692,1.144426703
2026-07-07 04:30:00,1.144164801,1.144426703,1.14403379,1.144295692
2026-07-07 04:45:00,1.14403379,1.144164801,1.143903017,1.14403379
2026-07-07 05:00:00,1.144164801,1.144164801,1.14403379,1.14403379
2026-07-07 05:15:00,1.14403379,1.144164801,1.14403379,1.144164801
2026-07-07 05:30:00,1.144164801,1.144164801,1.14403379,1.14403379
2026-07-07 05:45:00,1.143903017,1.144164801,1.143903017,1.14403379
2026-07-07 06:00:00,1.143772125,1.14403379,1.143772125,1.14403379
2026-07-07 06:15:00,1.143379807,1.143772125,1.143379807,1.143772125
2026-07-07 06:30:00,1.143249154,1.143641353,1.143249154,1.143379807
2026-07-07 06:45:00,1.14351058,1.14351058,1.143249154,1.143249154
2026-07-07 07:00:00,1.142987847,1.143641353,1.142857194,1.143641353
2026-07-07 07:15:00,1.143118382,1.143379807,1.142987847,1.143379807
2026-07-07 07:30:00,1.143249154,1.143379807,1.143249154,1.143249154
2026-07-07 07:45:00,1.143118382,1.14351058,1.143118382,1.143249154
2026-07-07 08:00:00,1.143118382,1.143249154,1.142987847,1.143249154
2026-07-07 08:15:00,1.142987847,1.14351058,1.142987847,1.143118382
2026-07-07 08:30:00,1.143249154,1.143249154,1.142987847,1.142987847
2026-07-07 08:45:00,1.142987847,1.143118382,1.142857194,1.142987847
2026-07-07 09:00:00,1.14351058,1.14351058,1.142857194,1.142987847
2026-07-07 09:15:00,1.143641353,1.143641353,1.143249154,1.143379807
2026-07-07 09:30:00,1.14351058,1.143903017,1.14351058,1.143641353
2026-07-07 09:45:00,1.143118382,1.14351058,1.142987847,1.143379807
2026-07-07 10:00:00,1.142987847,1.143118382,1.142987847,1.143118382
2026-07-07 10:15:00,1.143118382,1.143118382,1.142987847,1.143118382
2026-07-07 10:30:00,1.143118382,1.143249154,1.142987847,1.142987847
2026-07-07 10:45:00,1.142857194,1.143249154,1.142857194,1.143249154
2026-07-07 11:00:00,1.143249154,1.143249154,1.142726541,1.142726541
2026-07-07 11:15:00,1.143379807,1.143379807,1.143249154,1.143249154
2026-07-07 11:30:00,1.143379807,1.14351058,1.143249154,1.143249154
2026-07-07 11:45:00,1.143641353,1.143641353,1.143249154,1.143379807
2026-07-07 12:00:00,1.143772125,1.143772125,1.14351058,1.143641353
2026-07-07 12:15:00,1.14403379,1.144164801,1.143641353,1.143641353
2026-07-07 12:30:00,1.143641353,1.14403379,1.143641353,1.143903017
2026-07-07 12:45:00,1.143641353,1.143772125,1.142987847,1.143641353
2026-07-07 13:00:00,1.143641353,1.143772125,1.14351058,1.14351058
2026-07-07 13:15:00,1.144557595,1.144557595,1.143641353,1.143772125
2026-07-07 13:30:00,1.143903017,1.144557595,1.143903017,1.144557595
2026-07-07 13:45:00,1.143903017,1.14403379,1.143772125,1.14403379
2026-07-07 14:00:00,1.143772125,1.143903017,1.143379807,1.143903017
2026-07-07 14:15:00,1.143772125,1.143903017,1.143641353,1.143772125
2026-07-07 14:30:00,1.144426703,1.144426703,1.143903017,1.143903017
2026-07-07 14:45:00,1.143772125,1.144426703,1.143772125,1.144295692
2026-07-07 15:00:00,1.142987847,1.14403379,1.142857194,1.14403379
2026-07-07 15:15:00,1.143249154,1.143379807,1.142987847,1.142987847
2026-07-07 15:30:00,1.14351058,1.14351058,1.143118382,1.143249154
2026-07-07 15:45:00,1.143772125,1.14403379,1.14351058,1.143641353
2026-07-07 16:00:00,1.143249154,1.143772125,1.143249154,1.143641353
2026-07-07 16:15:00,1.143118382,1.143249154,1.142987847,1.143249154
2026-07-07 16:30:00,1.142987847,1.143118382,1.142987847,1.143118382
2026-07-07 16:45:00,1.142596006,1.142987847,1.142596006,1.142987847
2026-07-07 17:00:00,1.142726541,1.142857194,1.142465472,1.142726541
2026-07-07 17:15:00,1.142204404,1.142596006,1.142073989,1.142596006
2026-07-07 17:30:00,1.142334938,1.142334938,1.142204404,1.142204404
2026-07-07 17:45:00,1.142596006,1.142596006,1.142334938,1.142334938
2026-07-07 18:00:00,1.142596006,1.142857194,1.142596006,1.142726541
2026-07-07 18:15:00,1.142726541,1.142857194,1.142596006,1.142596006
2026-07-07 18:30:00,1.142987847,1.142987847,1.142726541,1.142726541
2026-07-07 18:45:00,1.143118382,1.143249154,1.142987847,1.142987847
2026-07-07 19:00:00,1.142987847,1.143118382,1.142857194,1.143118382
2026-07-07 19:15:00,1.143118382,1.143249154,1.142987847,1.142987847
2026-07-07 19:30:00,1.143118382,1.143249154,1.142987847,1.143118382
2026-07-07 19:45:00,1.142204404,1.143249154,1.142204404,1.143249154
2026-07-07 20:00:00,1.141552567,1.142073989,1.141552567,1.142073989
2026-07-07 20:15:00,1.141682863,1.141682863,1.14116168,1.141422153
2026-07-07 20:30:00,1.141943574,1.141943574,1.141682863,1.141682863
2026-07-07 20:45:00,1.141943574,1.141943574,1.141813159,1.141813159
2026-07-07 21:00:00,1.141682863,1.142073989,1.141682863,1.141813159
2026-07-07 21:15:00,1.141682863,1.141813159,1.141682863,1.141682863
2026-07-07 21:30:00,1.141552567,1.141682863,1.141422153,1.141682863
2026-07-07 21:45:00,1.141552567,1.141552567,1.141422153,1.141552567
2026-07-07 22:00:00,1.141291857,1.142726541,1.141291857,1.142726541
2026-07-07 22:15:00,1.140901327,1.141422153,1.140901327,1.141422153
2026-07-07 22:30:00,1.141031504,1.141031504,1.140380859,1.141031504
2026-07-07 22:45:00,1.14116168,1.14116168,1.140771151,1.141031504
2026-07-07 23:00:00,1.140901327,1.14116168,1.140901327,1.14116168
2026-07-07 23:15:00,1.140771151,1.141031504,1.140771151,1.140901327
2026-07-07 23:30:00,1.140771151,1.140901327,1.140641093,1.140901327
2026-07-07 23:45:00,1.141031504,1.141031504,1.140771151,1.140771151
2026-07-08 00:00:00,1.140771151,1.14116168,1.140771151,1.141031504
2026-07-08 00:15:00,1.140771151,1.140901327,1.140771151,1.140771151
2026-07-08 00:30:00,1.140771151,1.141031504,1.140771151,1.140771151
2026-07-08 00:45:00,1.140510917,1.140771151,1.140380859,1.140771151
2026-07-08 01:00:00,1.140901327,1.140901327,1.140380859,1.140380859
2026-07-08 01:15:00,1.141031504,1.14116168,1.140641093,1.140901327
2026-07-08 01:30:00,1.141422153,1.141552567,1.141031504,1.141031504
2026-07-08 01:45:00,1.14116168,1.141422153,1.141031504,1.141291857
2026-07-08 02:00:00,1.141031504,1.141291857,1.141031504,1.14116168
2026-07-08 02:15:00,1.140771151,1.141031504,1.140771151,1.141031504
2026-07-08 02:30:00,1.140250921,1.140771151,1.140250921,1.140771151
2026-07-08 02:45:00,1.140901327,1.140901327,1.140380859,1.140510917
2026-07-08 03:00:00,1.140901327,1.141031504,1.140771151,1.140901327
2026-07-08 03:15:00,1.141422153,1.141552567,1.14116168,1.14116168
2026-07-08 03:30:00,1.141552567,1.141552567,1.141291857,1.141422153
2026-07-08 03:45:00,1.141552567,1.141552567,1.141422153,1.141552567
2026-07-08 04:00:00,1.141813159,1.141813159,1.141552567,1.141552567
2026-07-08 04:15:00,1.141813159,1.141943574,1.141813159,1.141943574
2026-07-08 04:30:00,1.141682863,1.141813159,1.141682863,1.141813159
2026-07-08 04:45:00,1.141682863,1.141813159,1.141682863,1.141813159
2026-07-08 05:00:00,1.141552567,1.141682863,1.141552567,1.141682863
2026-07-08 05:15:00,1.141682863,1.141682863,1.141422153,1.141552567
2026-07-08 05:30:00,1.141813159,1.141943574,1.141682863,1.141682863
2026-07-08 05:45:00,1.141813159,1.141813159,1.141682863,1.141813159
2026-07-08 06:00:00,1.141943574,1.142204404,1.141813159,1.141813159
2026-07-08 06:15:00,1.141682863,1.141943574,1.141552567,1.141943574
2026-07-08 06:30:00,1.142334938,1.142334938,1.141813159,1.141813159
2026-07-08 06:45:00,1.142334938,1.142334938,1.142073989,1.142334938
2026-07-08 07:00:00,1.142204404,1.142596006,1.142204404,1.142465472
2026-07-08 07:15:00,1.142596006,1.142596006,1.142334938,1.142334938
2026-07-08 07:30:00,1.142465472,1.142726541,1.142334938,1.142596006
2026-07-08 07:45:00,1.142465472,1.142465472,1.142204404,1.142465472
2026-07-08 08:00:00,1.142334938,1.142596006,1.142204404,1.142596006
2026-07-08 08:15:00,1.142987847,1.143118382,1.142073989,1.142204404
2026-07-08 08:30:00,1.143249154,1.143379807,1.142987847,1.143249154
2026-07-08 08:45:00,1.142987847,1.143249154,1.142987847,1.143249154
2026-07-08 09:00:00,1.142726541,1.143118382,1.142726541,1.142857194
2026-07-08 09:15:00,1.141682863,1.142857194,1.140901327,1.142857194
2026-07-08 09:30:00,1.14116168,1.141943574,1.140901327,1.141813159
2026-07-08 09:45:00,1.141422153,1.142204404,1.141422153,1.141682863
2026-07-08 10:00:00,1.140120864,1.141291857,1.140120864,1.14116168
2026-07-08 10:15:00,1.140771151,1.141031504,1.140120864,1.140120864
2026-07-08 10:30:00,1.141291857,1.141291857,1.140901327,1.140901327
2026-07-08 10:45:00,1.140901327,1.141422153,1.140771151,1.141291857
2026-07-08 11:00:00,1.140641093,1.141031504,1.140510917,1.140901327
2026-07-08 11:15:00,1.141422153,1.141682863,1.140510917,1.140510917
2026-07-08 11:30:00,1.141682863,1.141682863,1.141422153,1.141422153
2026-07-08 11:45:00,1.14116168,1.141682863,1.14116168,1.141552567
2026-07-08 12:00:00,1.141031504,1.14116168,1.140901327,1.14116168
2026-07-08 12:15:00,1.140901327,1.141291857,1.140901327,1.14116168
2026-07-08 12:30:00,1.140771151,1.140901327,1.13973105,1.140901327
2026-07-08 12:45:00,1.139990926,1.140641093,1.139990926,1.140641093
2026-07-08 13:00:00,1.140510917,1.140771151,1.140120864,1.140250921
2026-07-08 13:15:00,1.140771151,1.140901327,1.140641093,1.140641093
2026-07-08 13:30:00,1.140901327,1.140901327,1.140641093,1.140901327
2026-07-08 13:45:00,1.139990926,1.141031504,1.139990926,1.140901327
2026-07-08 14:00:00,1.140510917,1.140641093,1.140120864,1.140120864
2026-07-08 14:15:00,1.140771151,1.140771151,1.140120864,1.140250921
2026-07-08 14:30:00,1.141422153,1.141422153,1.140771151,1.140771151
2026-07-08 14:45:00,1.14116168,1.141682863,1.14116168,1.141422153
2026-07-08 15:00:00,1.14116168,1.141552567,1.141031504,1.141291857
2026-07-08 15:15:00,1.141291857,1.141422153,1.141031504,1.141031504
2026-07-08 15:30:00,1.140901327,1.14116168,1.140771151,1.141031504
2026-07-08 15:45:00,1.141031504,1.141031504,1.140901327,1.140901327
2026-07-08 16:00:00,1.140641093,1.141422153,1.140641093,1.140901327
2026-07-08 16:15:00,1.140380859,1.140510917,1.140250921,1.140380859
2026-07-08 16:30:00,1.139601111,1.140250921,1.139471292,1.140120864
2026-07-08 16:45:00,1.139860868,1.139990926,1.139601111,1.139601111
2026-07-08 17:00:00,1.140250921,1.140250921,1.139860868,1.139860868
2026-07-08 17:15:00,1.140510917,1.140641093,1.139990926,1.139990926
2026-07-08 17:30:00,1.141422153,1.141422153,1.140510917,1.140510917
2026-07-08 17:45:00,1.141682863,1.141813159,1.141422153,1.141422153
2026-07-08 18:00:00,1.142596006,1.142596006,1.141813159,1.141813159
2026-07-08 18:15:00,1.142857194,1.142857194,1.142465472,1.142596006
2026-07-08 18:30:00,1.142465472,1.142987847,1.142465472,1.142987847
2026-07-08 18:45:00,1.142204404,1.142596006,1.142204404,1.142465472
2026-07-08 19:00:00,1.143118382,1.143118382,1.142204404,1.142204404
2026-07-08 19:15:00,1.142987847,1.143118382,1.142987847,1.142987847
2026-07-08 19:30:00,1.143118382,1.143118382,1.142726541,1.142857194
2026-07-08 19:45:00,1.142987847,1.143118382,1.142857194,1.143118382
2026-07-08 20:00:00,1.143118382,1.143249154,1.142987847,1.143118382
2026-07-08 20:15:00,1.143118382,1.143249154,1.143118382,1.143249154
2026-07-08 20:30:00,1.143118382,1.143249154,1.143118382,1.143249154
2026-07-08 20:45:00,1.143118382,1.143249154,1.142596006,1.142987847
2026-07-08 21:00:00,1.142857194,1.143118382,1.142857194,1.142987847
2026-07-08 21:15:00,1.142465472,1.142857194,1.142334938,1.142857194
2026-07-08 21:30:00,1.141943574,1.142334938,1.141813159,1.142334938
2026-07-08 21:45:00,1.142073989,1.142073989,1.141943574,1.141943574
2026-07-08 22:00:00,1.142465472,1.142596006,1.141813159,1.142073989
2026-07-08 22:15:00,1.142726541,1.142726541,1.142073989,1.142334938
2026-07-08 22:30:00,1.142073989,1.142596006,1.141943574,1.142334938
2026-07-08 22:45:00,1.142204404,1.142334938,1.141943574,1.142073989
2026-07-08 23:00:00,1.142073989,1.142073989,1.141943574,1.142073989
2026-07-08 23:15:00,1.142073989,1.142073989,1.142073989,1.142073989
2026-07-08 23:30:00,1.142204404,1.142204404,1.142073989,1.142073989
2026-07-08 23:45:00,1.142204404,1.142204404,1.142073989,1.142204404
2026-07-09 00:00:00,1.142073989,1.142334938,1.142073989,1.142204404
2026-07-09 00:15:00,1.142204404,1.142204404,1.142073989,1.142073989
2026-07-09 00:30:00,1.142334938,1.142334938,1.142204404,1.142204404
2026-07-09 00:45:00,1.142465472,1.142465472,1.142334938,1.142465472
2026-07-09 01:00:00,1.143118382,1.143249154,1.142465472,1.142465472
2026-07-09 01:15:00,1.142987847,1.143118382,1.142857194,1.143118382
2026-07-09 01:30:00,1.142987847,1.143249154,1.142987847,1.143249154
2026-07-09 01:45:00,1.142857194,1.142987847,1.142726541,1.142987847
2026-07-09 02:00:00,1.142596006,1.142987847,1.142596006,1.142857194
2026-07-09 02:15:00,1.142465472,1.142726541,1.142465472,1.142726541
2026-07-09 02:30:00,1.142726541,1.142857194,1.142334938,1.142465472
2026-07-09 02:45:00,1.142857194,1.142857194,1.142465472,1.142596006
2026-07-09 03:00:00,1.142987847,1.143118382,1.142857194,1.142857194
2026-07-09 03:15:00,1.142987847,1.143118382,1.142987847,1.143118382
2026-07-09 03:30:00,1.142857194,1.142987847,1.142726541,1.142987847
2026-07-09 03:45:00,1.142726541,1.142987847,1.142726541,1.142987847
2026-07-09 04:00:00,1.142857194,1.142857194,1.142726541,1.142726541
2026-07-09 04:15:00,1.142857194,1.142987847,1.142596006,1.142726541
2026-07-09 04:30:00,1.143118382,1.143379807,1.143118382,1.143118382
2026-07-09 04:45:00,1.142987847,1.143118382,1.142987847,1.143118382
2026-07-09 05:00:00,1.142987847,1.143118382,1.142857194,1.142987847
2026-07-09 05:15:00,1.142857194,1.143118382,1.142726541,1.142987847
2026-07-09 05:30:00,1.142857194,1.142987847,1.142857194,1.142857194
2026-07-09 05:45:00,1.142987847,1.142987847,1.142857194,1.142857194
2026-07-09 06:00:00,1.14351058,1.14351058,1.142987847,1.142987847
2026-07-09 06:15:00,1.14351058,1.14351058,1.143249154,1.14351058
2026-07-09 06:30:00,1.143379807,1.143641353,1.143379807,1.14351058
2026-07-09 06:45:00,1.143379807,1.143641353,1.143379807,1.14351058
2026-07-09 07:00:00,1.143772125,1.14403379,1.143772125,1.143772125
2026-07-09 07:15:00,1.144950747,1.145081878,1.143772125,1.143772125
2026-07-09 07:30:00,1.144688606,1.145081878,1.144557595,1.144819736
2026-07-09 07:45:00,1.144426703,1.144819736,1.144426703,1.144819736
2026-07-09 08:00:00,1.14403379,1.144557595,1.143903017,1.144557595
2026-07-09 08:15:00,1.144164801,1.144295692,1.143903017,1.14403379
2026-07-09 08:30:00,1.143772125,1.144164801,1.143772125,1.144164801
2026-07-09 08:45:00,1.143772125,1.143903017,1.143641353,1.143903017
2026-07-09 09:00:00,1.143772125,1.144164801,1.143772125,1.143903017
2026-07-09 09:15:00,1.14403379,1.14403379,1.143772125,1.143903017
2026-07-09 09:30:00,1.14351058,1.14403379,1.14351058,1.14403379
2026-07-09 09:45:00,1.142987847,1.14351058,1.142857194,1.14351058
2026-07-09 10:00:00,1.142987847,1.143118382,1.142726541,1.142987847
2026-07-09 10:15:00,1.143118382,1.143118382,1.142857194,1.142987847
2026-07-09 10:30:00,1.142857194,1.143118382,1.142857194,1.142987847
2026-07-09 10:45:00,1.143379807,1.14351058,1.142987847,1.142987847
2026-07-09 11:00:00,1.143249154,1.143379807,1.143118382,1.143379807
2026-07-09 11:15:00,1.143118382,1.143249154,1.142987847,1.143249154
2026-07-09 11:30:00,1.143118382,1.14351058,1.142987847,1.142987847
2026-07-09 11:45:00,1.142596006,1.143118382,1.142465472,1.143118382
2026-07-09 12:00:00,1.142857194,1.142857194,1.142596006,1.142596006
2026-07-09 12:15:00,1.142726541,1.142987847,1.142726541,1.142857194
2026-07-09 12:30:00,1.142987847,1.142987847,1.142726541,1.142726541
2026-07-09 12:45:00,1.143249154,1.143249154,1.142857194,1.142987847
2026-07-09 13:00:00,1.143641353,1.143903017,1.143249154,1.143379807
2026-07-09 13:15:00,1.14351058,1.143772125,1.14351058,1.143772125
2026-07-09 13:30:00,1.142987847,1.143903017,1.142987847,1.143641353
2026-07-09 13:45:00,1.142726541,1.143118382,1.142726541,1.143118382
2026-07-09 14:00:00,1.143249154,1.143379807,1.142857194,1.142857194
2026-07-09 14:15:00,1.143772125,1.143903017,1.143379807,1.14351058
2026-07-09 14:30:00,1.143772125,1.143903017,1.14351058,1.143772125
2026-07-09 14:45:00,1.144164801,1.144164801,1.143772125,1.143903017
2026-07-09 15:00:00,1.144426703,1.144819736,1.144295692,1.144295692
2026-07-09 15:15:00,1.144295692,1.144426703,1.14403379,1.144295692
2026-07-09 15:30:00,1.143903017,1.144426703,1.143903017,1.144295692
2026-07-09 15:45:00,1.143641353,1.143903017,1.14351058,1.143903017
2026-07-09 16:00:00,1.14351058,1.143903017,1.143379807,1.143641353
2026-07-09 16:15:00,1.143641353,1.143772125,1.143249154,1.14351058
2026-07-09 16:30:00,1.14403379,1.14403379,1.14351058,1.143772125
2026-07-09 16:45:00,1.144164801,1.144295692,1.143903017,1.143903017
2026-07-09 17:00:00,1.144295692,1.144295692,1.144164801,1.144295692
2026-07-09 17:15:00,1.14403379,1.144426703,1.143903017,1.144426703
2026-07-09 17:30:00,1.144295692,1.144295692,1.143903017,1.143903017
2026-07-09 17:45:00,1.14403379,1.144426703,1.14403379,1.144295692
2026-07-09 18:00:00,1.14403379,1.144164801,1.143903017,1.14403379
2026-07-09 18:15:00,1.144295692,1.144426703,1.143903017,1.143903017
2026-07-09 18:30:00,1.14403379,1.144295692,1.143903017,1.144295692
2026-07-09 18:45:00,1.14403379,1.144164801,1.14403379,1.14403379
2026-07-09 19:00:00,1.143772125,1.144164801,1.143772125,1.144164801
2026-07-09 19:15:00,1.14351058,1.143903017,1.14351058,1.143903017
2026-07-09 19:30:00,1.143641353,1.143641353,1.14351058,1.14351058
2026-07-09 19:45:00,1.143641353,1.143772125,1.14351058,1.143641353
2026-07-09 20:00:00,1.14351058,1.143772125,1.143379807,1.143772125
2026-07-09 20:15:00,1.143249154,1.14351058,1.143249154,1.14351058
2026-07-09 20:30:00,1.142987847,1.143249154,1.142987847,1.143249154
2026-07-09 20:45:00,1.143118382,1.143118382,1.142987847,1.142987847
2026-07-09 21:00:00,1.143249154,1.143249154,1.143118382,1.143118382
2026-07-09 21:15:00,1.143249154,1.143379807,1.143249154,1.143249154
2026-07-09 21:30:00,1.143379807,1.143379807,1.143249154,1.143249154
2026-07-09 21:45:00,1.143249154,1.143249154,1.143118382,1.143249154
2026-07-09 22:00:00,1.142987847,1.143772125,1.142857194,1.143772125
2026-07-09 22:15:00,1.142465472,1.143379807,1.142465472,1.143249154
2026-07-09 22:30:00,1.143249154,1.143772125,1.142596006,1.142596006
2026-07-09 22:45:00,1.14351058,1.143641353,1.143118382,1.143118382
2026-07-09 23:00:00,1.14351058,1.143641353,1.143249154,1.143379807
2026-07-09 23:15:00,1.143641353,1.143641353,1.143641353,1.143641353
2026-07-09 23:30:00,1.143641353,1.143641353,1.143641353,1.143641353
2026-07-09 23:45:00,1.143641353,1.143641353,1.143641353,1.143641353
2026-07-10 00:00:00,1.143641353,1.143772125,1.143641353,1.143641353
2026-07-10 00:15:00,1.14351058,1.143641353,1.14351058,1.143641353
2026-07-10 00:30:00,1.143641353,1.143641353,1.14351058,1.14351058
2026-07-10 00:45:00,1.143641353,1.143772125,1.14351058,1.143772125
2026-07-10 01:00:00,1.14351058,1.143772125,1.14351058,1.143641353
2026-07-10 01:15:00,1.143379807,1.143641353,1.143379807,1.143641353
2026-07-10 01:30:00,1.143772125,1.143772125,1.143379807,1.143379807
2026-07-10 01:45:00,1.144426703,1.144557595,1.143903017,1.14403379
2026-07-10 02:00:00,1.144688606,1.144688606,1.144164801,1.144295692
2026-07-10 02:15:00,1.144557595,1.145081878,1.144557595,1.144819736
2026-07-10 02:30:00,1.144688606,1.144819736,1.144557595,1.144557595
2026-07-10 02:45:00,1.145213008,1.145213008,1.144557595,1.144688606
2026-07-10 03:00:00,1.145869136,1.145869136,1.145081878,1.145081878
2026-07-10 03:15:00,1.146131754,1.146263242,1.146000385,1.146131754
2026-07-10 03:30:00,1.146131754,1.146131754,1.145869136,1.146131754
2026-07-10 03:45:00,1.146131754,1.14639461,1.146131754,1.146263242
2026-07-10 04:00:00,1.145869136,1.146263242,1.145869136,1.146263242
2026-07-10 04:15:00,1.145869136,1.146000385,1.145737886,1.145869136
2026-07-10 04:30:00,1.145737886,1.146000385,1.145737886,1.146000385
2026-07-10 04:45:00,1.145344257,1.145737886,1.145213008,1.145737886
2026-07-10 05:00:00,1.145213008,1.145213008,1.145081878,1.145213008
2026-07-10 05:15:00,1.144950747,1.145213008,1.144819736,1.145213008
2026-07-10 05:30:00,1.144557595,1.144950747,1.144557595,1.144950747
2026-07-10 05:45:00,1.144557595,1.144557595,1.144426703,1.144557595
2026-07-10 06:00:00,1.144426703,1.144688606,1.144426703,1.144557595
2026-07-10 06:15:00,1.144164801,1.144426703,1.14403379,1.144426703
2026-07-10 06:30:00,1.14403379,1.144164801,1.143903017,1.14403379
2026-07-10 06:45:00,1.144295692,1.144426703,1.144164801,1.144164801
2026-07-10 07:00:00,1.144688606,1.144688606,1.144295692,1.144295692
2026-07-10 07:15:00,1.144557595,1.145081878,1.144557595,1.144688606
2026-07-10 07:30:00,1.144426703,1.144950747,1.144426703,1.144557595
2026-07-10 07:45:00,1.144557595,1.144557595,1.144295692,1.144295692
2026-07-10 08:00:00,1.144295692,1.144557595,1.144164801,1.144426703
2026-07-10 08:15:00,1.144295692,1.144557595,1.14403379,1.14403379
2026-07-10 08:30:00,1.144426703,1.144426703,1.144164801,1.144426703
2026-07-10 08:45:00,1.14403379,1.144426703,1.14403379,1.144295692
2026-07-10 09:00:00,1.14403379,1.144557595,1.14403379,1.14403379
2026-07-10 09:15:00,1.143772125,1.14403379,1.14351058,1.14403379
2026-07-10 09:30:00,1.143772125,1.143903017,1.14351058,1.143903017
2026-07-10 09:45:00,1.143379807,1.143772125,1.143379807,1.143772125
2026-07-10 10:00:00,1.143641353,1.143641353,1.143379807,1.143379807
2026-07-10 10:15:00,1.143641353,1.143641353,1.143379807,1.143641353
2026-07-10 10:30:00,1.143249154,1.143641353,1.143249154,1.14351058
2026-07-10 10:45:00,1.143118382,1.143379807,1.142987847,1.143379807
2026-07-10 11:00:00,1.143249154,1.143249154,1.142987847,1.143118382
2026-07-10 11:15:00,1.143641353,1.143641353,1.143249154,1.143249154
2026-07-10 11:30:00,1.14351058,1.143641353,1.143379807,1.143641353
2026-07-10 11:45:00,1.143641353,1.143903017,1.143379807,1.14351058
2026-07-10 12:00:00,1.14351058,1.143772125,1.143379807,1.143641353
2026-07-10 12:15:00,1.143249154,1.14351058,1.143118382,1.143379807
2026-07-10 12:30:00,1.143249154,1.143379807,1.142987847,1.143249154
2026-07-10 12:45:00,1.14351058,1.14351058,1.143249154,1.143249154
2026-07-10 13:00:00,1.14403379,1.14403379,1.142987847,1.14351058
2026-07-10 13:15:00,1.143249154,1.143772125,1.143249154,1.143772125
2026-07-10 13:30:00,1.142987847,1.143379807,1.142857194,1.143379807
2026-07-10 13:45:00,1.143249154,1.143249154,1.142726541,1.142987847
2026-07-10 14:00:00,1.142465472,1.143249154,1.142334938,1.143249154
2026-07-10 14:15:00,1.142465472,1.142596006,1.142334938,1.142465472
2026-07-10 14:30:00,1.142987847,1.142987847,1.142334938,1.142465472
2026-07-10 14:45:00,1.142334938,1.142857194,1.142334938,1.142857194
2026-07-10 15:00:00,1.142596006,1.142596006,1.142073989,1.142204404
2026-07-10 15:15:00,1.142857194,1.142987847,1.142465472,1.142596006
2026-07-10 15:30:00,1.142596006,1.143118382,1.141813159,1.142987847
2026-07-10 15:45:00,1.142596006,1.142596006,1.142204404,1.142334938
2026-07-10 16:00:00,1.143118382,1.143118382,1.142596006,1.142596006
2026-07-10 16:15:00,1.14351058,1.143772125,1.143118382,1.143118382
2026-07-10 16:30:00,1.143641353,1.143772125,1.14351058,1.143641353
2026-07-10 16:45:00,1.144164801,1.144164801,1.14351058,1.143641353
2026-07-10 17:00:00,1.144295692,1.144295692,1.14403379,1.14403379
2026-07-10 17:15:00,1.144295692,1.144426703,1.14403379,1.144295692
2026-07-10 17:30:00,1.143903017,1.144295692,1.143903017,1.144164801
2026-07-10 17:45:00,1.143379807,1.143903017,1.143379807,1.143772125
2026-07-10 18:00:00,1.143118382,1.143379807,1.142987847,1.143379807
2026-07-10 18:15:00,1.142726541,1.143118382,1.142596006,1.143118382
2026-07-10 18:30:00,1.142465472,1.142857194,1.142334938,1.142857194
2026-07-10 18:45:00,1.142073989,1.142596006,1.142073989,1.142465472
2026-07-10 19:00:00,1.141943574,1.142073989,1.141943574,1.142073989
2026-07-10 19:15:00,1.141813159,1.142073989,1.141813159,1.142073989
2026-07-10 19:30:00,1.141552567,1.141813159,1.141552567,1.141682863
2026-07-10 19:45:00,1.141943574,1.141943574,1.141682863,1.141682863
2026-07-10 20:00:00,1.141943574,1.141943574,1.141813159,1.141943574
2026-07-10 20:15:00,1.141943574,1.141943574,1.141813159,1.141813159
2026-07-10 20:30:00,1.141813159,1.141943574,1.141813159,1.141943574
2026-07-10 20:45:00,1.141943574,1.141943574,1.141682863,1.141813159
2026-07-10 21:00:00,1.141943574,1.142204404,1.141813159,1.141943574
2026-07-10 21:15:00,1.141682863,1.142073989,1.141682863,1.141943574
2026-07-10 21:30:00,1.141682863,1.141682863,1.141552567,1.141682863
2026-07-10 21:45:00,1.141682863,1.141813159,1.141682863,1.141682863
2026-07-10 22:00:00,1.141943574,1.141943574,1.141943574,1.141943574
2026-07-10 22:15:00,1.141943574,1.141943574,1.141943574,1.141943574
2026-07-13 00:00:00,1.139860868,1.139860868,1.13973105,1.13973105
2026-07-13 00:15:00,1.140120864,1.140250921,1.139990926,1.139990926
2026-07-13 00:30:00,1.140250921,1.140250921,1.139990926,1.140120864
2026-07-13 00:45:00,1.140641093,1.140641093,1.140250921,1.140250921
2026-07-13 01:00:00,1.140380859,1.140771151,1.140380859,1.140771151
2026-07-13 01:15:00,1.140510917,1.140641093,1.140120864,1.140380859
2026-07-13 01:30:00,1.139860868,1.140641093,1.139860868,1.140510917
2026-07-13 01:45:00,1.139860868,1.140120864,1.139860868,1.139990926
2026-07-13 02:00:00,1.139471292,1.139860868,1.139341474,1.139860868
2026-07-13 02:15:00,1.139081836,1.139601111,1.138952136,1.139471292
2026-07-13 02:30:00,1.139860868,1.139860868,1.139211655,1.139211655
2026-07-13 02:45:00,1.139990926,1.139990926,1.13973105,1.139860868
2026-07-13 03:00:00,1.139860868,1.140120864,1.13973105,1.140120864
2026-07-13 03:15:00,1.13973105,1.139990926,1.13973105,1.13973105
2026-07-13 03:30:00,1.140250921,1.140250921,1.139860868,1.139860868
2026-07-13 03:45:00,1.139860868,1.140250921,1.139860868,1.140250921
2026-07-13 04:00:00,1.139471292,1.139860868,1.139471292,1.139860868
2026-07-13 04:15:00,1.13973105,1.139860868,1.139601111,1.139601111
2026-07-13 04:30:00,1.139990926,1.139990926,1.139860868,1.139860868
2026-07-13 04:45:00,1.140120864,1.140120864,1.139860868,1.139990926
2026-07-13 05:00:00,1.140120864,1.140250921,1.139990926,1.140250921
2026-07-13 05:15:00,1.140250921,1.140250921,1.140120864,1.140250921
2026-07-13 05:30:00,1.140380859,1.140641093,1.140380859,1.140510917
2026-07-13 05:45:00,1.140771151,1.140771151,1.140380859,1.140380859
2026-07-13 06:00:00,1.14116168,1.14116168,1.140771151,1.140771151
2026-07-13 06:15:00,1.140510917,1.14116168,1.140510917,1.14116168
2026-07-13 06:30:00,1.140510917,1.140641093,1.140380859,1.140510917
2026-07-13 06:45:00,1.140120864,1.140771151,1.140120864,1.140380859
2026-07-13 07:00:00,1.139990926,1.140250921,1.139990926,1.140250921
2026-07-13 07:15:00,1.140510917,1.140510917,1.139990926,1.139990926
2026-07-13 07:30:00,1.140901327,1.141031504,1.140641093,1.140641093
2026-07-13 07:45:00,1.140380859,1.141031504,1.140380859,1.140771151
2026-07-13 08:00:00,1.141031504,1.141291857,1.140510917,1.140510917
2026-07-13 08:15:00,1.14116168,1.14116168,1.141031504,1.14116168
2026-07-13 08:30:00,1.142073989,1.142465472,1.141031504,1.14116168
2026-07-13 08:45:00,1.142726541,1.142857194,1.141943574,1.141943574
2026-07-13 09:00:00,1.144295692,1.144557595,1.142726541,1.142726541
2026-07-13 09:15:00,1.144164801,1.144950747,1.144164801,1.144426703
2026-07-13 09:30:00,1.144295692,1.144426703,1.143903017,1.144164801
2026-07-13 09:45:00,1.143903017,1.144295692,1.143903017,1.144295692
2026-07-13 10:00:00,1.14351058,1.14403379,1.14351058,1.143903017
2026-07-13 10:15:00,1.14351058,1.143641353,1.143249154,1.14351058
2026-07-13 10:30:00,1.143249154,1.143641353,1.143118382,1.14351058
2026-07-13 10:45:00,1.143379807,1.143379807,1.143118382,1.143249154
2026-07-13 11:00:00,1.14351058,1.143772125,1.143379807,1.14351058
2026-07-13 11:15:00,1.143249154,1.14351058,1.143249154,1.14351058
2026-07-13 11:30:00,1.143379807,1.143379807,1.142987847,1.143249154
2026-07-13 11:45:00,1.143903017,1.143903017,1.143249154,1.143249154
2026-07-13 12:00:00,1.143249154,1.14403379,1.143249154,1.143903017
2026-07-13 12:15:00,1.143249154,1.143379807,1.142857194,1.143379807
2026-07-13 12:30:00,1.143249154,1.143379807,1.143118382,1.143249154
2026-07-13 12:45:00,1.143118382,1.143379807,1.143118382,1.143249154
2026-07-13 13:00:00,1.142596006,1.143249154,1.142465472,1.143118382
2026-07-13 13:15:00,1.142726541,1.142857194,1.142465472,1.142596006
2026-07-13 13:30:00,1.142987847,1.143249154,1.142726541,1.142726541
2026-07-13 13:45:00,1.143249154,1.143249154,1.142726541,1.142857194
2026-07-13 14:00:00,1.142987847,1.14351058,1.142987847,1.14351058
2026-07-13 14:15:00,1.142857194,1.142987847,1.142726541,1.142987847
2026-07-13 14:30:00,1.142465472,1.143118382,1.142334938,1.142726541
2026-07-13 14:45:00,1.141813159,1.142465472,1.141813159,1.142334938
2026-07-13 15:00:00,1.141682863,1.141813159,1.141422153,1.141813159
2026-07-13 15:15:00,1.141031504,1.141682863,1.140641093,1.141682863
2026-07-13 15:30:00,1.140510917,1.14116168,1.140250921,1.14116168
2026-07-13 15:45:00,1.140641093,1.140901327,1.140120864,1.140641093
2026-07-13 16:00:00,1.140120864,1.140901327,1.140120864,1.140901327
2026-07-13 16:15:00,1.140250921,1.140510917,1.139990926,1.140120864
2026-07-13 16:30:00,1.140250921,1.140380859,1.139990926,1.140250921
2026-07-13 16:45:00,1.140641093,1.140641093,1.140120864,1.140380859
2026-07-13 17:00:00,1.140380859,1.140510917,1.140380859,1.140510917
2026-07-13 17:15:00,1.139601111,1.140510917,1.139601111,1.140510917
2026-07-13 17:30:00,1.139211655,1.139341474,1.138692737,1.139341474
2026-07-13 17:45:00,1.139081836,1.139341474,1.138822436,1.139341474
2026-07-13 18:00:00,1.139081836,1.139341474,1.138952136,1.139211655
2026-07-13 18:15:00,1.139081836,1.139211655,1.138952136,1.139081836
2026-07-13 18:30:00,1.139211655,1.139211655,1.138952136,1.139081836
2026-07-13 18:45:00,1.138952136,1.139341474,1.138952136,1.139211655
2026-07-13 19:00:00,1.139081836,1.139211655,1.138822436,1.138952136
2026-07-13 19:15:00,1.138952136,1.139081836,1.138952136,1.138952136
2026-07-13 19:30:00,1.139081836,1.139211655,1.138952136,1.138952136
2026-07-13 19:45:00,1.138952136,1.139081836,1.138952136,1.139081836
2026-07-13 20:00:00,1.138563156,1.139081836,1.138563156,1.139081836
2026-07-13 20:15:00,1.138692737,1.138692737,1.138563156,1.138563156
2026-07-13 20:30:00,1.138692737,1.138822436,1.138563156,1.138692737
2026-07-13 20:45:00,1.138563156,1.138692737,1.138563156,1.138692737
2026-07-13 21:00:00,1.138303995,1.138822436,1.138303995,1.138692737
2026-07-13 21:15:00,1.138174415,1.138303995,1.138174415,1.138303995
2026-07-13 21:30:00,1.138303995,1.138303995,1.138174415,1.138303995
2026-07-13 21:45:00,1.138433456,1.138433456,1.138174415,1.138303995
2026-07-13 22:00:00,1.138563156,1.139341474,1.138174415,1.139341474
2026-07-13 22:15:00,1.138563156,1.139081836,1.138563156,1.138563156
2026-07-13 22:30:00,1.138563156,1.139081836,1.138563156,1.138692737
2026-07-13 22:45:00,1.138433456,1.138952136,1.138433456,1.138692737
2026-07-13 23:00:00,1.138563156,1.138692737,1.138433456,1.138563156
2026-07-13 23:15:00,1.138692737,1.138692737,1.138692737,1.138692737
2026-07-13 23:30:00,1.138822436,1.138822436,1.138692737,1.138692737
2026-07-13 23:45:00,1.138433456,1.138822436,1.138433456,1.138822436
2026-07-14 00:00:00,1.138563156,1.138563156,1.138433456,1.138433456
2026-07-14 00:15:00,1.138433456,1.138563156,1.138303995,1.138433456
2026-07-14 00:30:00,1.138563156,1.138692737,1.138433456,1.138433456
2026-07-14 00:45:00,1.138563156,1.138692737,1.138563156,1.138692737
2026-07-14 01:00:00,1.138822436,1.138822436,1.138563156,1.138692737
2026-07-14 01:15:00,1.138303995,1.138822436,1.138174415,1.138822436
2026-07-14 01:30:00,1.138822436,1.138822436,1.138303995,1.138303995
2026-07-14 01:45:00,1.138952136,1.139211655,1.138952136,1.138952136
2026-07-14 02:00:00,1.138952136,1.139081836,1.138822436,1.138822436
2026-07-14 02:15:00,1.138822436,1.139211655,1.138822436,1.139081836
2026-07-14 02:30:00,1.139081836,1.139081836,1.138822436,1.138822436
2026-07-14 02:45:00,1.139211655,1.139341474,1.138952136,1.139081836
2026-07-14 03:00:00,1.139341474,1.139341474,1.139211655,1.139211655
2026-07-14 03:15:00,1.13973105,1.13973105,1.139341474,1.139341474
2026-07-14 03:30:00,1.139601111,1.13973105,1.139601111,1.13973105
2026-07-14 03:45:00,1.139471292,1.139601111,1.139471292,1.139601111
2026-07-14 04:00:00,1.139471292,1.139601111,1.139211655,1.139471292
2026-07-14 04:15:00,1.139601111,1.139601111,1.139211655,1.139471292
2026-07-14 04:30:00,1.13973105,1.139860868,1.139601111,1.139601111
2026-07-14 04:45:00,1.13973105,1.139860868,1.13973105,1.13973105
2026-07-14 05:00:00,1.139601111,1.13973105,1.139471292,1.13973105
2026-07-14 05:15:00,1.13973105,1.13973105,1.139601111,1.139601111
2026-07-14 05:30:00,1.139471292,1.13973105,1.139471292,1.139601111
2026-07-14 05:45:00,1.139341474,1.139601111,1.139081836,1.139601111
2026-07-14 06:00:00,1.139601111,1.139601111,1.139471292,1.139471292
2026-07-14 06:15:00,1.13973105,1.13973105,1.139601111,1.139601111
2026-07-14 06:30:00,1.13973105,1.139860868,1.139601111,1.13973105
2026-07-14 06:45:00,1.139471292,1.13973105,1.139471292,1.13973105
2026-07-14 07:00:00,1.139211655,1.139471292,1.139211655,1.139471292
2026-07-14 07:15:00,1.138952136,1.139211655,1.138952136,1.139211655
2026-07-14 07:30:00,1.139211655,1.13973105,1.139081836,1.139081836
2026-07-14 07:45:00,1.138952136,1.139081836,1.138822436,1.139081836
2026-07-14 08:00:00,1.139081836,1.139211655,1.138822436,1.138822436
2026-07-14 08:15:00,1.13973105,1.13973105,1.138952136,1.138952136
2026-07-14 08:30:00,1.139341474,1.139601111,1.139341474,1.139601111
2026-07-14 08:45:00,1.139860868,1.139990926,1.139601111,1.139601111
2026-07-14 09:00:00,1.140120864,1.140120864,1.13973105,1.139860868
2026-07-14 09:15:00,1.140250921,1.140250921,1.139990926,1.139990926
2026-07-14 09:30:00,1.140901327,1.140901327,1.140120864,1.140380859
2026-07-14 09:45:00,1.140380859,1.140901327,1.140380859,1.140901327
2026-07-14 10:00:00,1.140641093,1.140771151,1.140250921,1.140250921
2026-07-14 10:15:00,1.140250921,1.140641093,1.140120864,1.140641093
2026-07-14 10:30:00,1.139860868,1.140120864,1.139860868,1.140120864
2026-07-14 10:45:00,1.140380859,1.140641093,1.139860868,1.139860868
2026-07-14 11:00:00,1.140120864,1.140510917,1.140120864,1.140380859
2026-07-14 11:15:00,1.139860868,1.140250921,1.13973105,1.140120864
2026-07-14 11:30:00,1.13973105,1.139990926,1.13973105,1.139860868
2026-07-14 11:45:00,1.139471292,1.139860868,1.139471292,1.139860868
2026-07-14 12:00:00,1.139601111,1.140120864,1.139341474,1.139471292
2026-07-14 12:15:00,1.139860868,1.139990926,1.139601111,1.13973105
2026-07-14 12:30:00,1.140771151,1.140771151,1.139860868,1.139990926
2026-07-14 12:45:00,1.141031504,1.14116168,1.140510917,1.140510917
2026-07-14 13:00:00,1.140901327,1.141031504,1.140771151,1.140901327
2026-07-14 13:15:00,1.141813159,1.141813159,1.140771151,1.140901327
2026-07-14 13:30:00,1.146131754,1.146263242,1.144295692,1.144950747
2026-07-14 13:45:00,1.144688606,1.146131754,1.144688606,1.146000385
2026-07-14 14:00:00,1.144819736,1.145737886,1.144819736,1.144819736
2026-07-14 14:15:00,1.145344257,1.145475388,1.144819736,1.144819736
2026-07-14 14:30:00,1.145606637,1.145606637,1.145081878,1.145344257
2026-07-14 14:45:00,1.145606637,1.145737886,1.145213008,1.145606637
2026-07-14 15:00:00,1.145869136,1.146131754,1.145344257,1.145344257
2026-07-14 15:15:00,1.144950747,1.145869136,1.144819736,1.145869136
2026-07-14 15:30:00,1.144950747,1.145344257,1.144557595,1.144688606
2026-07-14 15:45:00,1.144819736,1.145344257,1.144426703,1.145213008
2026-07-14 16:00:00,1.145213008,1.145475388,1.144688606,1.144819736
2026-07-14 16:15:00,1.144426703,1.145213008,1.144426703,1.145213008
2026-07-14 16:30:00,1.143641353,1.144557595,1.143641353,1.144426703
2026-07-14 16:45:00,1.142987847,1.143903017,1.142987847,1.143641353
2026-07-14 17:00:00,1.143118382,1.143118382,1.142857194,1.143118382
2026-07-14 17:15:00,1.143249154,1.143379807,1.142987847,1.143118382
2026-07-14 17:30:00,1.143641353,1.143772125,1.143379807,1.143379807
2026-07-14 17:45:00,1.143641353,1.143641353,1.143379807,1.14351058
2026-07-14 18:00:00,1.142857194,1.143641353,1.142857194,1.14351058
2026-07-14 18:15:00,1.142857194,1.142987847,1.142334938,1.142596006
2026-07-14 18:30:00,1.142857194,1.142987847,1.142726541,1.142857194
2026-07-14 18:45:00,1.142596006,1.143118382,1.142596006,1.142987847
2026-07-14 19:00:00,1.142726541,1.142857194,1.142596006,1.142726541
2026-07-14 19:15:00,1.142465472,1.142857194,1.142465472,1.142726541
2026-07-14 19:30:00,1.142073989,1.142596006,1.142073989,1.142465472
2026-07-14 19:45:00,1.142596006,1.142596006,1.142204404,1.142204404
2026-07-14 20:00:00,1.142857194,1.142857194,1.142596006,1.142726541
2026-07-14 20:15:00,1.142857194,1.142857194,1.142726541,1.142857194
2026-07-14 20:30:00,1.142596006,1.142726541,1.142596006,1.142726541
2026-07-14 20:45:00,1.142465472,1.142726541,1.142465472,1.142596006
2026-07-14 21:00:00,1.142465472,1.142596006,1.142204404,1.142334938
2026-07-14 21:15:00,1.142334938,1.142465472,1.142334938,1.142334938
2026-07-14 21:30:00,1.142334938,1.142465472,1.142204404,1.142204404
2026-07-14 21:45:00,1.142334938,1.142465472,1.142334938,1.142334938
2026-07-14 22:00:00,1.142857194,1.143118382,1.142465472,1.142465472
2026-07-14 22:15:00,1.142857194,1.142987847,1.142334938,1.142857194
2026-07-14 22:30:00,1.142596006,1.142857194,1.142465472,1.142726541
2026-07-14 22:45:00,1.142596006,1.142726541,1.142204404,1.142334938
2026-07-14 23:00:00,1.142204404,1.142465472,1.142073989,1.142465472
2026-07-14 23:15:00,1.142334938,1.142334938,1.142204404,1.142204404
2026-07-14 23:30:00,1.142465472,1.142465472,1.142334938,1.142334938
2026-07-14 23:45:00,1.142465472,1.142465472,1.142204404,1.142465472
2026-07-15 00:00:00,1.142465472,1.142596006,1.142334938,1.142334938
2026-07-15 00:15:00,1.142596006,1.142596006,1.142465472,1.142465472
2026-07-15 00:30:00,1.142726541,1.142726541,1.142465472,1.142596006
2026-07-15 00:45:00,1.142726541,1.142857194,1.142726541,1.142726541
2026-07-15 01:00:00,1.142857194,1.142987847,1.142726541,1.142726541
2026-07-15 01:15:00,1.143249154,1.143249154,1.142857194,1.142987847
2026-07-15 01:30:00,1.142987847,1.143379807,1.142987847,1.143379807
2026-07-15 01:45:00,1.143772125,1.143772125,1.142987847,1.142987847
2026-07-15 02:00:00,1.143903017,1.143903017,1.14351058,1.143772125
2026-07-15 02:15:00,1.143903017,1.14403379,1.143903017,1.143903017
2026-07-15 02:30:00,1.143641353,1.14403379,1.143641353,1.143903017
2026-07-15 02:45:00,1.143903017,1.143903017,1.143641353,1.143772125
2026-07-15 03:00:00,1.14403379,1.144295692,1.143772125,1.143903017
2026-07-15 03:15:00,1.143772125,1.143903017,1.143641353,1.143903017
2026-07-15 03:30:00,1.144426703,1.144426703,1.143903017,1.143903017
2026-07-15 03:45:00,1.144426703,1.144426703,1.144295692,1.144426703
2026-07-15 04:00:00,1.144164801,1.144557595,1.144164801,1.144295692
2026-07-15 04:15:00,1.143772125,1.14403379,1.143772125,1.14403379
2026-07-15 04:30:00,1.143772125,1.14403379,1.143772125,1.143772125
2026-07-15 04:45:00,1.144164801,1.144164801,1.143772125,1.143772125
2026-07-15 05:00:00,1.14403379,1.144164801,1.14403379,1.144164801
2026-07-15 05:15:00,1.144295692,1.144295692,1.14403379,1.14403379
2026-07-15 05:30:00,1.144164801,1.144426703,1.14403379,1.144164801
2026-07-15 05:45:00,1.14403379,1.144295692,1.14403379,1.144164801
2026-07-15 06:00:00,1.14403379,1.14403379,1.143903017,1.14403379
2026-07-15 06:15:00,1.14403379,1.144164801,1.14403379,1.14403379
2026-07-15 06:30:00,1.144426703,1.144426703,1.14403379,1.14403379
2026-07-15 06:45:00,1.144426703,1.144688606,1.144426703,1.144426703
2026-07-15 07:00:00,1.144295692,1.144557595,1.144295692,1.144426703
2026-07-15 07:15:00,1.144557595,1.144688606,1.144295692,1.144295692
2026-07-15 07:30:00,1.144164801,1.144557595,1.144164801,1.144557595
2026-07-15 07:45:00,1.143249154,1.144164801,1.143249154,1.144164801
2026-07-15 08:00:00,1.143379807,1.14351058,1.142987847,1.143249154
2026-07-15 08:15:00,1.142334938,1.143379807,1.142334938,1.143379807
2026-07-15 08:30:00,1.142596006,1.142726541,1.142596006,1.142596006
2026-07-15 08:45:00,1.142596006,1.142857194,1.142596006,1.142596006
2026-07-15 09:00:00,1.142596006,1.143118382,1.142596006,1.142726541
2026-07-15 09:15:00,1.142726541,1.142857194,1.142596006,1.142596006
2026-07-15 09:30:00,1.142726541,1.142987847,1.142726541,1.142857194
2026-07-15 09:45:00,1.142726541,1.142857194,1.142465472,1.142857194
2026-07-15 10:00:00,1.142857194,1.142857194,1.142465472,1.142726541
2026-07-15 10:15:00,1.142596006,1.142857194,1.142596006,1.142726541
2026-07-15 10:30:00,1.142465472,1.142596006,1.142204404,1.142596006
2026-07-15 10:45:00,1.142073989,1.142465472,1.142073989,1.142465472
2026-07-15 11:00:00,1.141813159,1.142204404,1.141682863,1.142073989
2026-07-15 11:15:00,1.141682863,1.142073989,1.141552567,1.141813159
2026-07-15 11:30:00,1.141422153,1.141813159,1.141422153,1.141682863
2026-07-15 11:45:00,1.141552567,1.141813159,1.141552567,1.141552567
2026-07-15 12:00:00,1.142073989,1.142204404,1.141943574,1.141943574
2026-07-15 12:15:00,1.141943574,1.142073989,1.141943574,1.142073989
2026-07-15 12:30:00,1.141943574,1.142204404,1.141943574,1.141943574
2026-07-15 12:45:00,1.141682863,1.141813159,1.141422153,1.141813159
2026-07-15 13:00:00,1.14116168,1.141813159,1.141031504,1.141682863
2026-07-15 13:15:00,1.141552567,1.141682863,1.14116168,1.141291857
2026-07-15 13:30:00,1.142857194,1.142857194,1.142073989,1.142073989
2026-07-15 13:45:00,1.143249154,1.143249154,1.142857194,1.142857194
2026-07-15 14:00:00,1.143118382,1.143641353,1.143118382,1.143118382
2026-07-15 14:15:00,1.142857194,1.14351058,1.142726541,1.143118382
2026-07-15 14:30:00,1.142987847,1.143118382,1.142726541,1.142726541
2026-07-15 14:45:00,1.143641353,1.143772125,1.142987847,1.142987847
2026-07-15 15:00:00,1.14351058,1.143772125,1.143379807,1.14351058
2026-07-15 15:15:00,1.14351058,1.143903017,1.143379807,1.143641353
2026-07-15 15:30:00,1.14403379,1.14403379,1.143641353,1.143641353
2026-07-15 15:45:00,1.143903017,1.144426703,1.143772125,1.144295692
2026-07-15 16:00:00,1.144164801,1.144426703,1.14403379,1.14403379
2026-07-15 16:15:00,1.144164801,1.144295692,1.143772125,1.143903017
2026-07-15 16:30:00,1.143772125,1.144295692,1.14351058,1.144295692
2026-07-15 16:45:00,1.143903017,1.14403379,1.14351058,1.143772125
2026-07-15 17:00:00,1.143772125,1.143903017,1.143379807,1.143903017
2026-07-15 17:15:00,1.144295692,1.144295692,1.143772125,1.143772125
2026-07-15 17:30:00,1.143772125,1.144164801,1.143772125,1.144164801
2026-07-15 17:45:00,1.144557595,1.144557595,1.143772125,1.143903017
2026-07-15 18:00:00,1.145213008,1.145344257,1.144557595,1.144557595
2026-07-15 18:15:00,1.145869136,1.145869136,1.145213008,1.145213008
2026-07-15 18:30:00,1.147315264,1.147315264,1.146000385,1.146000385
2026-07-15 18:45:00,1.147710323,1.147710323,1.147183657,1.147183657
2026-07-15 19:00:00,1.147578597,1.147973776,1.147578597,1.147710323
2026-07-15 19:15:00,1.148105621,1.148105621,1.147578597,1.147578597
2026-07-15 19:30:00,1.14784205,1.148369312,1.14784205,1.148237467
2026-07-15 19:45:00,1.147183657,1.147710323,1.147183657,1.147578597
2026-07-15 20:00:00,1.147710323,1.147710323,1.146920443,1.146920443
2026-07-15 20:15:00,1.147710323,1.147710323,1.147446871,1.147710323
2026-07-15 20:30:00,1.146657467,1.147578597,1.146657467,1.147578597
2026-07-15 20:45:00,1.146789074,1.146789074,1.146525979,1.146657467
2026-07-15 21:00:00,1.14639461,1.146789074,1.14639461,1.146789074
2026-07-15 21:15:00,1.146657467,1.146657467,1.146525979,1.146525979
2026-07-15 21:30:00,1.146525979,1.146789074,1.146525979,1.146789074
2026-07-15 21:45:00,1.146657467,1.146789074,1.146657467,1.146657467
2026-07-15 22:00:00,1.146920443,1.147315264,1.14639461,1.146789074
2026-07-15 22:15:00,1.146920443,1.14705205,1.146657467,1.146920443
2026-07-15 22:30:00,1.146789074,1.14705205,1.146657467,1.146920443
2026-07-15 22:45:00,1.146789074,1.147183657,1.146657467,1.146920443
2026-07-15 23:00:00,1.14705205,1.14705205,1.146920443,1.146920443
2026-07-15 23:15:00,1.14705205,1.14705205,1.146920443,1.14705205
2026-07-15 23:30:00,1.14705205,1.147183657,1.14705205,1.14705205
2026-07-15 23:45:00,1.146920443,1.14705205,1.146920443,1.14705205
2026-07-16 00:00:00,1.147183657,1.147183657,1.14705205,1.147183657
2026-07-16 00:15:00,1.147315264,1.147315264,1.147183657,1.147183657
2026-07-16 00:30:00,1.147315264,1.147315264,1.147183657,1.147315264
2026-07-16 00:45:00,1.147315264,1.147446871,1.147315264,1.147446871
2026-07-16 01:00:00,1.147710323,1.147710323,1.147315264,1.147315264
2026-07-16 01:15:00,1.147578597,1.147710323,1.147315264,1.147710323
2026-07-16 01:30:00,1.147315264,1.147578597,1.147183657,1.147446871
2026-07-16 01:45:00,1.147710323,1.147710323,1.14705205,1.147315264
2026-07-16 02:00:00,1.147578597,1.147710323,1.147446871,1.147710323
2026-07-16 02:15:00,1.147446871,1.147578597,1.147183657,1.147578597
2026-07-16 02:30:00,1.14705205,1.147315264,1.146920443,1.147315264
2026-07-16 02:45:00,1.146920443,1.14705205,1.146789074,1.14705205
2026-07-16 03:00:00,1.14639461,1.146920443,1.14639461,1.146920443
2026-07-16 03:15:00,1.146657467,1.146789074,1.14639461,1.14639461
2026-07-16 03:30:00,1.146657467,1.146789074,1.146525979,1.146789074
2026-07-16 03:45:00,1.146789074,1.146789074,1.146525979,1.146657467
2026-07-16 04:00:00,1.146789074,1.14705205,1.146657467,1.146789074
2026-07-16 04:15:00,1.147183657,1.147183657,1.146920443,1.146920443
2026-07-16 04:30:00,1.14705205,1.147183657,1.14705205,1.147183657
2026-07-16 04:45:00,1.146920443,1.14705205,1.146920443,1.14705205
2026-07-16 05:00:00,1.146789074,1.146920443,1.146789074,1.146920443
2026-07-16 05:15:00,1.146657467,1.146789074,1.146657467,1.146789074
2026-07-16 05:30:00,1.146920443,1.14705205,1.146657467,1.146657467
2026-07-16 05:45:00,1.146920443,1.146920443,1.146920443,1.146920443
2026-07-16 06:00:00,1.14705205,1.14705205,1.146920443,1.146920443
2026-07-16 06:15:00,1.14705205,1.147183657,1.14705205,1.14705205
2026-07-16 06:30:00,1.14705205,1.147183657,1.14705205,1.14705205
2026-07-16 06:45:00,1.146657467,1.14705205,1.146657467,1.14705205
2026-07-16 07:00:00,1.147183657,1.147183657,1.146789074,1.146789074
2026-07-16 07:15:00,1.147183657,1.147183657,1.146920443,1.147183657
2026-07-16 07:30:00,1.146920443,1.147183657,1.146920443,1.147183657
2026-07-16 07:45:00,1.147183657,1.147446871,1.146920443,1.14705205
2026-07-16 08:00:00,1.147183657,1.147183657,1.14705205,1.147183657
2026-07-16 08:15:00,1.147183657,1.147578597,1.147183657,1.147183657
2026-07-16 08:30:00,1.147446871,1.147578597,1.147183657,1.147315264
2026-07-16 08:45:00,1.147315264,1.147973776,1.147183657,1.147446871
2026-07-16 09:00:00,1.146789074,1.147446871,1.146789074,1.147183657
2026-07-16 09:15:00,1.146789074,1.14705205,1.146657467,1.146789074
2026-07-16 09:30:00,1.147183657,1.147183657,1.146920443,1.146920443
2026-07-16 09:45:00,1.146920443,1.14705205,1.146657467,1.14705205
2026-07-16 10:00:00,1.146789074,1.146920443,1.146657467,1.146920443
2026-07-16 10:15:00,1.146657467,1.14705205,1.146657467,1.146920443
2026-07-16 10:30:00,1.146657467,1.146789074,1.14639461,1.146657467
2026-07-16 10:45:00,1.146920443,1.14705205,1.146789074,1.146789074
2026-07-16 11:00:00,1.146920443,1.146920443,1.146789074,1.146920443
2026-07-16 11:15:00,1.146920443,1.147183657,1.146920443,1.146920443
2026-07-16 11:30:00,1.146789074,1.146920443,1.146657467,1.146920443
2026-07-16 11:45:00,1.14639461,1.146920443,1.14639461,1.146789074
2026-07-16 12:00:00,1.14639461,1.146525979,1.146263242,1.146263242
2026-07-16 12:15:00,1.146263242,1.146657467,1.146131754,1.14639461
2026-07-16 12:30:00,1.146920443,1.146920443,1.14639461,1.14639461
2026-07-16 12:45:00,1.147183657,1.147183657,1.146525979,1.146789074
2026-07-16 13:00:00,1.146789074,1.147315264,1.146789074,1.147183657
2026-07-16 13:15:00,1.146657467,1.146789074,1.146525979,1.146789074
2026-07-16 13:30:00,1.145737886,1.146789074,1.145737886,1.146657467
2026-07-16 13:45:00,1.145081878,1.145869136,1.145081878,1.145606637
2026-07-16 14:00:00,1.145606637,1.145606637,1.144950747,1.145081878
2026-07-16 14:15:00,1.146131754,1.146131754,1.145344257,1.145606637
2026-07-16 14:30:00,1.145869136,1.146263242,1.145869136,1.146263242
2026-07-16 14:45:00,1.145475388,1.145869136,1.145475388,1.145606637
2026-07-16 15:00:00,1.145081878,1.145737886,1.144950747,1.145344257
2026-07-16 15:15:00,1.145344257,1.145475388,1.145081878,1.145081878
2026-07-16 15:30:00,1.144688606,1.145475388,1.144688606,1.145344257
2026-07-16 15:45:00,1.144688606,1.144950747,1.144295692,1.144950747
2026-07-16 16:00:00,1.144426703,1.144557595,1.14403379,1.144557595
2026-07-16 16:15:00,1.144426703,1.144557595,1.144426703,1.144557595
2026-07-16 16:30:00,1.144950747,1.144950747,1.144295692,1.144295692
2026-07-16 16:45:00,1.144950747,1.145213008,1.144950747,1.145081878
2026-07-16 17:00:00,1.144557595,1.145081878,1.144426703,1.145081878
2026-07-16 17:15:00,1.143903017,1.144688606,1.143903017,1.144557595
2026-07-16 17:30:00,1.143903017,1.144164801,1.143772125,1.14403379
2026-07-16 17:45:00,1.143772125,1.14403379,1.143772125,1.14403379
2026-07-16 18:00:00,1.14351058,1.143772125,1.14351058,1.143772125
2026-07-16 18:15:00,1.143772125,1.143772125,1.14351058,1.14351058
2026-07-16 18:30:00,1.143772125,1.143903017,1.14351058,1.143772125
2026-07-16 18:45:00,1.14403379,1.144164801,1.143772125,1.143772125
2026-07-16 19:00:00,1.144164801,1.144164801,1.143772125,1.14403379
2026-07-16 19:15:00,1.14403379,1.144164801,1.14403379,1.14403379
2026-07-16 19:30:00,1.14403379,1.14403379,1.143903017,1.14403379
2026-07-16 19:45:00,1.144164801,1.144164801,1.14403379,1.14403379
2026-07-16 20:00:00,1.144164801,1.144295692,1.144164801,1.144164801
2026-07-16 20:15:00,1.143903017,1.144164801,1.143772125,1.144164801
2026-07-16 20:30:00,1.144164801,1.144164801,1.143772125,1.143772125
2026-07-16 20:45:00,1.144426703,1.144426703,1.14403379,1.14403379
2026-07-16 21:00:00,1.144295692,1.144557595,1.144295692,1.144295692
2026-07-16 21:15:00,1.144295692,1.144426703,1.144164801,1.144426703
2026-07-16 21:30:00,1.144688606,1.144688606,1.144295692,1.144295692
2026-07-16 21:45:00,1.144819736,1.144819736,1.144557595,1.144557595
2026-07-16 22:00:00,1.144557595,1.144819736,1.144295692,1.144426703
2026-07-16 22:15:00,1.144295692,1.144557595,1.144295692,1.144557595
2026-07-16 22:30:00,1.144295692,1.144688606,1.144295692,1.144557595
2026-07-16 22:45:00,1.144557595,1.144688606,1.144426703,1.144557595
2026-07-16 23:00:00,1.144819736,1.144819736,1.144557595,1.144557595
2026-07-16 23:15:00,1.144688606,1.144819736,1.144688606,1.144819736
2026-07-16 23:30:00,1.144688606,1.144688606,1.144688606,1.144688606
2026-07-16 23:45:00,1.144688606,1.144688606,1.144557595,1.144688606
2026-07-17 00:00:00,1.144688606,1.144688606,1.144557595,1.144688606
2026-07-17 00:15:00,1.144819736,1.144819736,1.144688606,1.144819736
2026-07-17 00:30:00,1.144950747,1.144950747,1.144819736,1.144819736
2026-07-17 00:45:00,1.144819736,1.144819736,1.144688606,1.144819736
2026-07-17 01:00:00,1.144819736,1.144950747,1.144688606,1.144819736
2026-07-17 01:15:00,1.144557595,1.144950747,1.144557595,1.144819736
2026-07-17 01:30:00,1.144557595,1.144688606,1.144426703,1.144557595
2026-07-17 01:45:00,1.144950747,1.144950747,1.144557595,1.144557595
2026-07-17 02:00:00,1.144819736,1.145081878,1.144688606,1.144950747
2026-07-17 02:15:00,1.144819736,1.144950747,1.144819736,1.144819736
2026-07-17 02:30:00,1.144688606,1.144688606,1.144557595,1.144688606
2026-07-17 02:45:00,1.144164801,1.144688606,1.144164801,1.144688606
2026-07-17 03:00:00,1.144426703,1.144426703,1.144295692,1.144295692
2026-07-17 03:15:00,1.144295692,1.144426703,1.144295692,1.144426703
2026-07-17 03:30:00,1.144164801,1.144295692,1.14403379,1.144295692
2026-07-17 03:45:00,1.14403379,1.144164801,1.14403379,1.144164801
2026-07-17 04:00:00,1.144164801,1.144295692,1.14403379,1.14403379
2026-07-17 04:15:00,1.144164801,1.144295692,1.144164801,1.144164801
2026-07-17 04:30:00,1.14403379,1.144295692,1.143903017,1.144295692
2026-07-17 04:45:00,1.144295692,1.144295692,1.143903017,1.143903017
2026-07-17 05:00:00,1.144164801,1.144295692,1.144164801,1.144295692
2026-07-17 05:15:00,1.14403379,1.144164801,1.14403379,1.144164801
2026-07-17 05:30:00,1.14403379,1.144164801,1.143903017,1.14403379
2026-07-17 05:45:00,1.143903017,1.14403379,1.143903017,1.14403379
2026-07-17 06:00:00,1.14403379,1.14403379,1.143903017,1.143903017
2026-07-17 10:15:00,1.144557595,1.144557595,1.144295692,1.144426703
2026-07-17 10:30:00,1.14403379,1.144557595,1.14403379,1.144557595
2026-07-17 10:45:00,1.144295692,1.144426703,1.14403379,1.144164801
2026-07-17 11:00:00,1.144295692,1.144295692,1.143903017,1.144295692
2026-07-17 11:15:00,1.14351058,1.144295692,1.14351058,1.144295692
2026-07-17 11:30:00,1.14351058,1.143641353,1.143379807,1.143641353
2026-07-17 11:45:00,1.142987847,1.143641353,1.142987847,1.143641353
2026-07-17 12:00:00,1.143249154,1.143249154,1.142857194,1.142987847
2026-07-17 12:15:00,1.143379807,1.143379807,1.143118382,1.143249154
2026-07-17 12:30:00,1.143641353,1.143903017,1.143379807,1.143379807
2026-07-17 12:45:00,1.143379807,1.143772125,1.143249154,1.143641353
2026-07-17 13:00:00,1.14351058,1.143903017,1.143379807,1.143379807
2026-07-17 13:15:00,1.143772125,1.143772125,1.14351058,1.143641353
2026-07-17 13:30:00,1.142987847,1.143641353,1.142987847,1.143641353
2026-07-17 13:45:00,1.143118382,1.143249154,1.142987847,1.142987847
2026-07-17 14:00:00,1.143379807,1.14351058,1.142987847,1.143249154
2026-07-17 14:15:00,1.142987847,1.143249154,1.142857194,1.143249154
2026-07-17 14:30:00,1.143379807,1.14351058,1.142857194,1.142857194
2026-07-17 14:45:00,1.143903017,1.14403379,1.14351058,1.14351058
2026-07-17 15:00:00,1.143903017,1.14403379,1.143641353,1.143903017
2026-07-17 15:15:00,1.143903017,1.144426703,1.143903017,1.14403379
2026-07-17 15:30:00,1.144557595,1.144557595,1.143903017,1.143903017
2026-07-17 15:45:00,1.144295692,1.144688606,1.144164801,1.144426703
2026-07-17 16:00:00,1.144164801,1.144557595,1.144164801,1.144295692
2026-07-17 16:15:00,1.144557595,1.144688606,1.144295692,1.144295692
2026-07-17 16:30:00,1.144164801,1.144557595,1.144164801,1.144426703
2026-07-17 16:45:00,1.144295692,1.144426703,1.14403379,1.14403379
2026-07-17 17:00:00,1.144295692,1.144295692,1.143772125,1.144295692
2026-07-17 17:15:00,1.144426703,1.144426703,1.144164801,1.144295692
2026-07-17 17:30:00,1.144295692,1.144426703,1.144295692,1.144426703
2026-07-17 17:45:00,1.144164801,1.144295692,1.14403379,1.144295692
2026-07-17 18:00:00,1.143772125,1.144164801,1.143772125,1.144164801
2026-07-17 18:15:00,1.143903017,1.143903017,1.143641353,1.143772125
2026-07-17 18:30:00,1.143772125,1.143903017,1.143772125,1.143903017
2026-07-17 18:45:00,1.143772125,1.143772125,1.143772125,1.143772125
2026-07-17 19:00:00,1.143772125,1.143903017,1.143772125,1.143772125
2026-07-17 19:15:00,1.14403379,1.14403379,1.143772125,1.143903017
2026-07-17 19:30:00,1.143903017,1.14403379,1.143903017,1.14403379
2026-07-17 19:45:00,1.14403379,1.14403379,1.143903017,1.143903017
2026-07-17 20:00:00,1.143903017,1.14403379,1.143903017,1.143903017
2026-07-17 20:15:00,1.14403379,1.14403379,1.143772125,1.143903017
2026-07-17 20:30:00,1.144164801,1.144164801,1.143772125,1.143903017
2026-07-17 20:45:00,1.144426703,1.144426703,1.144164801,1.144164801
2026-07-17 21:00:00,1.144295692,1.144557595,1.144295692,1.144426703
2026-07-17 21:15:00,1.14403379,1.144295692,1.143903017,1.144295692
2026-07-17 21:30:00,1.14403379,1.144164801,1.14403379,1.144164801
2026-07-17 21:45:00,1.14403379,1.144164801,1.14403379,1.14403379
2026-07-17 22:00:00,1.144557595,1.144557595,1.144295692,1.144295692
2026-07-17 22:15:00,1.144557595,1.144557595,1.144557595,1.144557595
2026-07-20 00:00:00,1.142857194,1.142987847,1.142857194,1.142987847
2026-07-20 00:15:00,1.142857194,1.142857194,1.142726541,1.142857194
2026-07-20 00:30:00,1.142987847,1.142987847,1.142857194,1.142857194
2026-07-20 00:45:00,1.142987847,1.143118382,1.142857194,1.142987847
2026-07-20 01:00:00,1.143249154,1.143379807,1.142987847,1.142987847
2026-07-20 01:15:00,1.14351058,1.143641353,1.143379807,1.143379807
2026-07-20 01:30:00,1.14351058,1.14351058,1.143379807,1.14351058
2026-07-20 01:45:00,1.143641353,1.143641353,1.14351058,1.14351058
2026-07-20 02:00:00,1.14351058,1.143903017,1.14351058,1.143772125
2026-07-20 02:15:00,1.143772125,1.143772125,1.14351058,1.14351058
2026-07-20 02:30:00,1.14351058,1.143903017,1.14351058,1.143903017
2026-07-20 02:45:00,1.143903017,1.143903017,1.143641353,1.143641353
2026-07-20 03:00:00,1.14403379,1.144164801,1.143903017,1.143903017
2026-07-20 03:15:00,1.144164801,1.144164801,1.143903017,1.143903017
2026-07-20 03:30:00,1.144557595,1.144557595,1.144164801,1.144164801
2026-07-20 03:45:00,1.144426703,1.144557595,1.144295692,1.144426703
2026-07-20 04:00:00,1.144426703,1.144426703,1.144295692,1.144426703
2026-07-20 04:15:00,1.144426703,1.144426703,1.144426703,1.144426703
2026-07-20 04:30:00,1.144557595,1.144557595,1.144426703,1.144426703
2026-07-20 04:45:00,1.144557595,1.144557595,1.144557595,1.144557595
2026-07-20 05:00:00,1.144557595,1.144557595,1.144426703,1.144557595
2026-07-20 05:15:00,1.144819736,1.144819736,1.144557595,1.144557595
2026-07-20 05:30:00,1.144819736,1.144819736,1.144688606,1.144688606
2026-07-20 05:45:00,1.144819736,1.144819736,1.144688606,1.144819736
2026-07-20 06:00:00,1.144688606,1.144819736,1.144557595,1.144819736
2026-07-20 06:15:00,1.144557595,1.144688606,1.144557595,1.144688606
2026-07-20 06:30:00,1.144426703,1.144557595,1.144426703,1.144557595
2026-07-20 06:45:00,1.144426703,1.144557595,1.144295692,1.144426703
2026-07-20 07:00:00,1.14403379,1.144557595,1.143903017,1.144426703
2026-07-20 07:15:00,1.14403379,1.144295692,1.143903017,1.14403379
2026-07-20 07:30:00,1.143903017,1.144164801,1.143772125,1.14403379
2026-07-20 07:45:00,1.143772125,1.144295692,1.143772125,1.14403379
2026-07-20 08:00:00,1.143772125,1.144295692,1.143772125,1.143772125
2026-07-20 08:15:00,1.144426703,1.144426703,1.143772125,1.143772125
2026-07-20 08:30:00,1.145081878,1.145213008,1.144688606,1.144950747
2026-07-20 08:45:00,1.144688606,1.145081878,1.144557595,1.145081878
2026-07-20 09:00:00,1.144557595,1.144819736,1.144557595,1.144819736
2026-07-20 09:15:00,1.144164801,1.144557595,1.144164801,1.144557595
2026-07-20 09:30:00,1.144557595,1.144688606,1.144164801,1.144164801
2026-07-20 09:45:00,1.144295692,1.144426703,1.144164801,1.144426703
2026-07-20 10:00:00,1.143772125,1.144295692,1.143641353,1.144295692
2026-07-20 10:15:00,1.143379807,1.143772125,1.143379807,1.143772125
2026-07-20 10:30:00,1.14351058,1.14351058,1.143249154,1.143379807
2026-07-20 10:45:00,1.143379807,1.143379807,1.143118382,1.143379807
2026-07-20 11:00:00,1.14351058,1.143641353,1.143249154,1.143379807
2026-07-20 11:15:00,1.143641353,1.143641353,1.14351058,1.14351058
2026-07-20 11:30:00,1.143772125,1.143903017,1.14351058,1.14351058
2026-07-20 11:45:00,1.14351058,1.143772125,1.14351058,1.143772125
2026-07-20 12:00:00,1.143379807,1.143641353,1.143249154,1.14351058
2026-07-20 12:15:00,1.143641353,1.143641353,1.143379807,1.143379807
2026-07-20 12:30:00,1.143903017,1.144295692,1.143903017,1.14403379
2026-07-20 12:45:00,1.143249154,1.143772125,1.143249154,1.143772125
2026-07-20 13:00:00,1.142465472,1.143249154,1.142465472,1.143118382
2026-07-20 13:15:00,1.142204404,1.142465472,1.142073989,1.142465472
2026-07-20 13:30:00,1.142334938,1.142596006,1.142204404,1.142204404
2026-07-20 13:45:00,1.142726541,1.142987847,1.142465472,1.142465472
2026-07-20 14:00:00,1.142334938,1.142726541,1.142204404,1.142726541
2026-07-20 14:15:00,1.142334938,1.142334938,1.142073989,1.142204404
2026-07-20 14:30:00,1.141813159,1.142334938,1.141813159,1.142204404
2026-07-20 14:45:00,1.142073989,1.142073989,1.141813159,1.141813159
2026-07-20 15:00:00,1.141682863,1.141943574,1.141552567,1.141943574
2026-07-20 15:15:00,1.141943574,1.142073989,1.141682863,1.141813159
2026-07-20 15:30:00,1.141031504,1.141943574,1.141031504,1.141943574
2026-07-20 15:45:00,1.141031504,1.141422153,1.140641093,1.140901327
2026-07-20 16:00:00,1.14116168,1.141291857,1.141031504,1.141031504
2026-07-20 16:15:00,1.14116168,1.141291857,1.140901327,1.141031504
2026-07-20 16:30:00,1.141031504,1.141422153,1.141031504,1.141291857
2026-07-20 16:45:00,1.141552567,1.141552567,1.14116168,1.14116168
2026-07-20 17:00:00,1.141943574,1.141943574,1.141422153,1.141422153
2026-07-20 17:15:00,1.141813159,1.141943574,1.141682863,1.141943574
2026-07-20 17:30:00,1.141422153,1.141813159,1.141422153,1.141813159
2026-07-20 17:45:00,1.141422153,1.141422153,1.141291857,1.141422153
2026-07-20 18:00:00,1.141422153,1.141813159,1.141422153,1.141552567
2026-07-20 18:15:00,1.141813159,1.141813159,1.141552567,1.141552567
2026-07-20 18:30:00,1.141682863,1.141813159,1.141682863,1.141682863
2026-07-20 18:45:00,1.141682863,1.141813159,1.141682863,1.141682863
2026-07-20 19:00:00,1.141943574,1.141943574,1.141682863,1.141682863
2026-07-20 19:15:00,1.142073989,1.142204404,1.141943574,1.141943574
2026-07-20 19:30:00,1.141813159,1.142073989,1.141813159,1.142073989
2026-07-20 19:45:00,1.141813159,1.141813159,1.141682863,1.141682863
2026-07-20 20:00:00,1.141813159,1.141943574,1.141813159,1.141943574
2026-07-20 20:15:00,1.141813159,1.141813159,1.141682863,1.141813159
2026-07-20 20:30:00,1.141943574,1.142073989,1.141943574,1.142073989
2026-07-20 20:45:00,1.141943574,1.142073989,1.141813159,1.141943574
2026-07-20 21:00:00,1.141813159,1.141943574,1.141682863,1.141943574
2026-07-20 21:15:00,1.141813159,1.141813159,1.141552567,1.141682863
2026-07-20 21:30:00,1.141682863,1.141813159,1.141682863,1.141813159
2026-07-20 21:45:00,1.141682863,1.141813159,1.141682863,1.141682863
2026-07-20 22:00:00,1.141943574,1.142334938,1.141552567,1.141943574
2026-07-20 22:15:00,1.141682863,1.141943574,1.141552567,1.141682863
2026-07-20 22:30:00,1.141552567,1.141682863,1.141291857,1.141682863
2026-07-20 22:45:00,1.141682863,1.141682863,1.141422153,1.141552567
2026-07-20 23:00:00,1.141552567,1.141552567,1.141291857,1.141422153
2026-07-20 23:15:00,1.141552567,1.141552567,1.141552567,1.141552567
2026-07-20 23:30:00,1.141552567,1.141552567,1.141422153,1.141552567
2026-07-20 23:45:00,1.141682863,1.141682863,1.141552567,1.141552567
2026-07-21 00:00:00,1.141682863,1.141682863,1.141552567,1.141682863
2026-07-21 00:15:00,1.141682863,1.141682863,1.141552567,1.141682863
2026-07-21 00:30:00,1.141682863,1.141682863,1.141682863,1.141682863
2026-07-21 00:45:00,1.141813159,1.141813159,1.141682863,1.141682863
2026-07-21 01:00:00,1.141943574,1.142073989,1.141813159,1.141943574
2026-07-21 01:15:00,1.141552567,1.141943574,1.141552567,1.141943574
2026-07-21 01:30:00,1.141682863,1.141682863,1.141552567,1.141552567
2026-07-21 01:45:00,1.141682863,1.141943574,1.141682863,1.141813159
2026-07-21 02:00:00,1.141682863,1.141813159,1.141552567,1.141552567
2026-07-21 02:15:00,1.141813159,1.141813159,1.141682863,1.141682863
2026-07-21 02:30:00,1.141943574,1.141943574,1.141682863,1.141943574
2026-07-21 02:45:00,1.141813159,1.141943574,1.141813159,1.141813159
2026-07-21 03:00:00,1.141813159,1.141943574,1.141813159,1.141813159
2026-07-21 03:15:00,1.141682863,1.141943574,1.141682863,1.141813159
2026-07-21 03:30:00,1.141682863,1.141813159,1.141682863,1.141682863
2026-07-21 03:45:00,1.141422153,1.141682863,1.141422153,1.141552567
2026-07-21 04:00:00,1.141291857,1.141552567,1.141291857,1.141552567
2026-07-21 04:15:00,1.141422153,1.141422153,1.141291857,1.141291857
2026-07-21 04:30:00,1.141682863,1.141682863,1.141422153,1.141422153
2026-07-21 04:45:00,1.141552567,1.141813159,1.141552567,1.141682863
2026-07-21 05:00:00,1.141813159,1.141813159,1.141552567,1.141552567
2026-07-21 05:15:00,1.141813159,1.141943574,1.141813159,1.141813159
2026-07-21 05:30:00,1.141943574,1.141943574,1.141813159,1.141813159
2026-07-21 05:45:00,1.142073989,1.142073989,1.141943574,1.141943574
2026-07-21 06:00:00,1.141943574,1.142204404,1.141943574,1.142073989
2026-07-21 06:15:00,1.142073989,1.142073989,1.141943574,1.141943574
2026-07-21 06:30:00,1.142465472,1.142465472,1.142073989,1.142073989
2026-07-21 06:45:00,1.142073989,1.142334938,1.142073989,1.142334938
2026-07-21 07:00:00,1.142334938,1.142334938,1.142073989,1.142204404
2026-07-21 07:15:00,1.142334938,1.142465472,1.142204404,1.142204404
2026-07-21 07:30:00,1.142596006,1.142596006,1.142334938,1.142334938
2026-07-21 07:45:00,1.142596006,1.142596006,1.142334938,1.142596006
2026-07-21 08:00:00,1.142596006,1.142987847,1.142596006,1.142596006
2026-07-21 08:15:00,1.142857194,1.142987847,1.142596006,1.142596006
2026-07-21 08:30:00,1.142596006,1.142857194,1.142596006,1.142726541
2026-07-21 08:45:00,1.142596006,1.142596006,1.142465472,1.142596006
2026-07-21 09:00:00,1.142726541,1.142726541,1.142596006,1.142596006
2026-07-21 09:15:00,1.142596006,1.142857194,1.142596006,1.142596006
2026-07-21 09:30:00,1.142596006,1.142596006,1.142334938,1.142465472
2026-07-21 09:45:00,1.142465472,1.142726541,1.142465472,1.142726541
2026-07-21 10:00:00,1.142596006,1.142596006,1.142465472,1.142465472
2026-07-21 10:15:00,1.142465472,1.142857194,1.142465472,1.142596006
2026-07-21 10:30:00,1.142726541,1.143118382,1.142465472,1.142465472
2026-07-21 10:45:00,1.142596006,1.142857194,1.142596006,1.142596006
2026-07-21 11:00:00,1.142726541,1.143118382,1.142596006,1.142596006
2026-07-21 11:15:00,1.142987847,1.142987847,1.142726541,1.142857194
2026-07-21 11:30:00,1.142857194,1.143118382,1.142726541,1.142987847
2026-07-21 11:45:00,1.142465472,1.142726541,1.142334938,1.142726541
2026-07-21 12:00:00,1.142334938,1.142465472,1.142073989,1.142465472
2026-07-21 12:15:00,1.142334938,1.142465472,1.142204404,1.142204404
2026-07-21 12:30:00,1.142596006,1.142596006,1.142334938,1.142465472
2026-07-21 12:45:00,1.142204404,1.142596006,1.142073989,1.142596006
2026-07-21 13:00:00,1.142073989,1.142334938,1.141943574,1.142334938
2026-07-21 13:15:00,1.141943574,1.142073989,1.141943574,1.141943574
2026-07-21 13:30:00,1.141813159,1.142204404,1.141813159,1.142073989
2026-07-21 13:45:00,1.142073989,1.142204404,1.141813159,1.141943574
2026-07-21 14:00:00,1.142073989,1.142073989,1.141813159,1.141943574
2026-07-21 14:15:00,1.141291857,1.141943574,1.141291857,1.141943574
2026-07-21 14:30:00,1.140901327,1.141682863,1.140901327,1.141422153
2026-07-21 14:45:00,1.141552567,1.141552567,1.140901327,1.140901327
2026-07-21 15:00:00,1.142204404,1.142204404,1.141552567,1.141552567
2026-07-21 15:15:00,1.141422153,1.142073989,1.141422153,1.142073989
2026-07-21 15:30:00,1.14116168,1.141291857,1.140771151,1.14116168
2026-07-21 15:45:00,1.140901327,1.141031504,1.140641093,1.141031504
2026-07-21 16:00:00,1.140771151,1.140901327,1.140641093,1.140901327
2026-07-21 16:15:00,1.141291857,1.141422153,1.140901327,1.140901327
2026-07-21 16:30:00,1.141031504,1.141422153,1.141031504,1.141291857
2026-07-21 16:45:00,1.141031504,1.141031504,1.140771151,1.140901327
2026-07-21 17:00:00,1.14116168,1.141291857,1.141031504,1.141031504
2026-07-21 17:15:00,1.14116168,1.14116168,1.141031504,1.14116168
2026-07-21 17:30:00,1.141422153,1.141422153,1.141031504,1.141031504
2026-07-21 17:45:00,1.14116168,1.141291857,1.14116168,1.141291857
2026-07-21 18:00:00,1.141291857,1.141291857,1.141031504,1.14116168
2026-07-21 18:15:00,1.141291857,1.141291857,1.14116168,1.14116168
2026-07-21 18:30:00,1.141031504,1.141291857,1.141031504,1.141291857
2026-07-21 18:45:00,1.141031504,1.14116168,1.141031504,1.141031504
2026-07-21 19:00:00,1.140510917,1.140901327,1.140510917,1.140901327
2026-07-21 19:15:00,1.140510917,1.140641093,1.140250921,1.140510917
2026-07-21 19:30:00,1.140510917,1.140641093,1.140250921,1.140641093
2026-07-21 19:45:00,1.140641093,1.140641093,1.140380859,1.140510917
2026-07-21 20:00:00,1.140380859,1.140771151,1.140380859,1.140771151
2026-07-21 20:15:00,1.140641093,1.140771151,1.140510917,1.140510917
2026-07-21 20:30:00,1.140510917,1.140641093,1.140380859,1.140641093
2026-07-21 20:45:00,1.140380859,1.140641093,1.140380859,1.140510917
2026-07-21 21:00:00,1.140510917,1.140641093,1.140380859,1.140510917
2026-07-21 21:15:00,1.140380859,1.140380859,1.140250921,1.140380859
2026-07-21 21:30:00,1.140380859,1.140380859,1.140380859,1.140380859
2026-07-21 21:45:00,1.140120864,1.140510917,1.140120864,1.140510917
2026-07-21 22:00:00,1.140250921,1.140250921,1.139860868,1.139990926
2026-07-21 22:15:00,1.140250921,1.140380859,1.140120864,1.140120864
2026-07-21 22:30:00,1.140510917,1.140641093,1.140250921,1.140380859
2026-07-21 22:45:00,1.140641093,1.140641093,1.140250921,1.140510917
2026-07-21 23:00:00,1.140250921,1.140380859,1.140250921,1.140380859
2026-07-21 23:15:00,1.140380859,1.140380859,1.140250921,1.140250921
2026-07-21 23:30:00,1.140380859,1.140380859,1.140250921,1.140380859
2026-07-21 23:45:00,1.140250921,1.140380859,1.140250921,1.140380859
2026-07-22 00:00:00,1.140250921,1.140250921,1.140120864,1.140250921
2026-07-22 00:15:00,1.140250921,1.140250921,1.140250921,1.140250921
2026-07-22 00:30:00,1.140380859,1.140380859,1.140250921,1.140250921
2026-07-22 00:45:00,1.140510917,1.140510917,1.140380859,1.140380859
2026-07-22 01:00:00,1.140641093,1.140641093,1.140380859,1.140380859
2026-07-22 01:15:00,1.141031504,1.141031504,1.140641093,1.140641093
2026-07-22 01:30:00,1.140510917,1.141031504,1.140510917,1.141031504
2026-07-22 01:45:00,1.140771151,1.140771151,1.140510917,1.140641093
2026-07-22 02:00:00,1.140901327,1.141031504,1.140641093,1.140771151
2026-07-22 02:15:00,1.140641093,1.140901327,1.140641093,1.140901327
2026-07-22 02:30:00,1.140380859,1.140641093,1.140120864,1.140641093
2026-07-22 02:45:00,1.140641093,1.140641093,1.140510917,1.140510917
2026-07-22 03:00:00,1.140771151,1.140771151,1.140510917,1.140641093
2026-07-22 03:15:00,1.14116168,1.141291857,1.140771151,1.140771151
2026-07-22 03:30:00,1.141031504,1.14116168,1.140901327,1.141031504
2026-07-22 03:45:00,1.140901327,1.141031504,1.140901327,1.141031504
2026-07-22 04:00:00,1.140901327,1.141031504,1.140771151,1.140901327
2026-07-22 04:15:00,1.141031504,1.14116168,1.140901327,1.140901327
2026-07-22 04:30:00,1.140901327,1.14116168,1.140901327,1.14116168
2026-07-22 04:45:00,1.141031504,1.141031504,1.140901327,1.141031504
2026-07-22 05:00:00,1.140901327,1.141031504,1.140901327,1.141031504
2026-07-22 05:15:00,1.141031504,1.141031504,1.140901327,1.141031504
2026-07-22 05:30:00,1.14116168,1.14116168,1.141031504,1.141031504
2026-07-22 05:45:00,1.14116168,1.14116168,1.141031504,1.14116168
2026-07-22 06:00:00,1.14116168,1.141291857,1.14116168,1.14116168
2026-07-22 06:15:00,1.14116168,1.141291857,1.141031504,1.14116168
2026-07-22 06:30:00,1.141031504,1.141031504,1.140901327,1.141031504
2026-07-22 06:45:00,1.141291857,1.141291857,1.140901327,1.141031504
2026-07-22 07:00:00,1.141552567,1.141682863,1.141291857,1.141291857
2026-07-22 07:15:00,1.141031504,1.141552567,1.141031504,1.141422153
2026-07-22 07:30:00,1.141422153,1.141422153,1.141031504,1.141031504
2026-07-22 07:45:00,1.141422153,1.141552567,1.141291857,1.141422153
2026-07-22 08:00:00,1.141422153,1.141552567,1.141291857,1.141422153
2026-07-22 08:15:00,1.141552567,1.141813159,1.141422153,1.141552567
2026-07-22 08:30:00,1.141031504,1.142073989,1.141031504,1.142073989
2026-07-22 08:45:00,1.141291857,1.141422153,1.140771151,1.140901327
2026-07-22 09:00:00,1.140901327,1.141291857,1.140901327,1.141291857
2026-07-22 09:15:00,1.14116168,1.14116168,1.140771151,1.140771151
2026-07-22 09:30:00,1.141552567,1.141552567,1.141291857,1.141291857
2026-07-22 09:45:00,1.141291857,1.141422153,1.14116168,1.141422153
2026-07-22 10:00:00,1.141291857,1.141552567,1.141291857,1.141422153
2026-07-22 10:15:00,1.14116168,1.141291857,1.14116168,1.141291857
2026-07-22 10:30:00,1.141291857,1.141552567,1.14116168,1.141291857
2026-07-22 10:45:00,1.140771151,1.141291857,1.140771151,1.141291857
2026-07-22 11:00:00,1.140641093,1.140901327,1.140380859,1.140771151
2026-07-22 11:15:00,1.140901327,1.141031504,1.140510917,1.140641093
2026-07-22 11:30:00,1.140771151,1.140901327,1.140771151,1.140771151
2026-07-22 11:45:00,1.140641093,1.141031504,1.140641093,1.140771151
2026-07-22 12:00:00,1.140771151,1.140771151,1.140641093,1.140771151
2026-07-22 12:15:00,1.140771151,1.140901327,1.140641093,1.140901327
2026-07-22 12:30:00,1.140771151,1.141031504,1.140771151,1.140771151
2026-07-22 12:45:00,1.140901327,1.141031504,1.140771151,1.140771151
2026-07-22 13:00:00,1.141291857,1.141291857,1.141031504,1.141031504
2026-07-22 13:15:00,1.141291857,1.141422153,1.141291857,1.141422153
2026-07-22 13:30:00,1.141422153,1.141682863,1.141422153,1.141552567
2026-07-22 13:45:00,1.141291857,1.141422153,1.141031504,1.141422153
2026-07-22 14:00:00,1.141291857,1.141552567,1.14116168,1.14116168
2026-07-22 14:15:00,1.141813159,1.141943574,1.141291857,1.141291857
2026-07-22 14:30:00,1.142204404,1.142334938,1.141943574,1.141943574
2026-07-22 14:45:00,1.141682863,1.142073989,1.141682863,1.142073989
2026-07-22 15:00:00,1.142073989,1.142073989,1.141422153,1.141813159
2026-07-22 15:15:00,1.141422153,1.142073989,1.141422153,1.141943574
2026-07-22 15:30:00,1.141552567,1.141552567,1.141291857,1.141422153
2026-07-22 15:45:00,1.141291857,1.141682863,1.14116168,1.141422153
2026-07-22 16:00:00,1.141422153,1.141422153,1.14116168,1.14116168
2026-07-22 16:15:00,1.141682863,1.141682863,1.14116168,1.141291857
2026-07-22 16:30:00,1.141291857,1.141682863,1.14116168,1.141682863
2026-07-22 16:45:00,1.141682863,1.141682863,1.141291857,1.141291857
2026-07-22 17:00:00,1.141031504,1.141682863,1.141031504,1.141682863
2026-07-22 17:15:00,1.141422153,1.141422153,1.141031504,1.14116168
2026-07-22 17:30:00,1.14116168,1.141552567,1.14116168,1.141422153
2026-07-22 17:45:00,1.141291857,1.141291857,1.14116168,1.14116168
2026-07-22 18:00:00,1.141422153,1.141552567,1.141291857,1.141291857
2026-07-22 18:15:00,1.141422153,1.141552567,1.141422153,1.141422153
2026-07-22 18:30:00,1.141291857,1.141422153,1.14116168,1.141422153
2026-07-22 18:45:00,1.141291857,1.141422153,1.141291857,1.141291857
2026-07-22 19:00:00,1.14116168,1.141422153,1.14116168,1.141422153
2026-07-22 19:15:00,1.141291857,1.141422153,1.14116168,1.14116168
2026-07-22 19:30:00,1.141291857,1.141422153,1.141291857,1.141291857
2026-07-22 19:45:00,1.141422153,1.141422153,1.141291857,1.141291857
2026-07-22 20:00:00,1.141291857,1.141552567,1.141291857,1.141422153
2026-07-22 20:15:00,1.141422153,1.141552567,1.141291857,1.141291857
2026-07-22 20:30:00,1.141422153,1.141422153,1.141291857,1.141422153
2026-07-22 20:45:00,1.141422153,1.141552567,1.141291857,1.141552567
2026-07-22 21:00:00,1.141552567,1.141552567,1.141422153,1.141422153
2026-07-22 21:15:00,1.141552567,1.141552567,1.141422153,1.141552567
2026-07-22 21:30:00,1.141552567,1.141552567,1.141422153,1.141552567
2026-07-22 21:45:00,1.141422153,1.141552567,1.141422153,1.141552567
2026-07-22 22:00:00,1.14116168,1.141552567,1.140901327,1.140901327
2026-07-22 22:15:00,1.14116168,1.141552567,1.141031504,1.141552567
2026-07-22 22:30:00,1.141291857,1.141291857,1.140901327,1.14116168
2026-07-22 22:45:00,1.140901327,1.141422153,1.140901327,1.141031504
2026-07-22 23:00:00,1.141031504,1.141291857,1.141031504,1.141291857
2026-07-22 23:15:00,1.141031504,1.14116168,1.141031504,1.14116168
2026-07-22 23:30:00,1.141031504,1.14116168,1.140901327,1.141031504
2026-07-22 23:45:00,1.141031504,1.14116168,1.140901327,1.141031504
2026-07-23 00:00:00,1.141291857,1.141291857,1.14116168,1.14116168
2026-07-23 00:15:00,1.141291857,1.141422153,1.141291857,1.141291857
2026-07-23 00:30:00,1.141422153,1.141422153,1.141291857,1.141291857
2026-07-23 00:45:00,1.141422153,1.141552567,1.141291857,1.141422153
2026-07-23 01:00:00,1.141422153,1.141682863,1.141422153,1.141552567
2026-07-23 01:15:00,1.141552567,1.141682863,1.141422153,1.141422153
2026-07-23 01:30:00,1.141682863,1.141682863,1.141552567,1.141552567
2026-07-23 01:45:00,1.142073989,1.142073989,1.141552567,1.141682863
2026-07-23 02:00:00,1.142073989,1.142334938,1.142073989,1.142073989
2026-07-23 02:15:00,1.142073989,1.142204404,1.142073989,1.142204404
2026-07-23 02:30:00,1.142204404,1.142334938,1.142073989,1.142204404
2026-07-23 02:45:00,1.141943574,1.142073989,1.141943574,1.142073989
2026-07-23 03:00:00,1.142204404,1.142204404,1.141943574,1.141943574
2026-07-23 03:15:00,1.142334938,1.142334938,1.142204404,1.142204404
2026-07-23 03:30:00,1.142857194,1.142987847,1.142465472,1.142465472
2026-07-23 03:45:00,1.143118382,1.143118382,1.142857194,1.142857194
2026-07-23 04:00:00,1.142857194,1.143249154,1.142857194,1.143249154
2026-07-23 04:15:00,1.143249154,1.143249154,1.142726541,1.142726541
2026-07-23 04:30:00,1.143379807,1.143379807,1.143118382,1.143118382
2026-07-23 04:45:00,1.143249154,1.143379807,1.143249154,1.143249154
2026-07-23 05:00:00,1.143641353,1.143903017,1.143118382,1.143118382
2026-07-23 05:15:00,1.143772125,1.143772125,1.143379807,1.143772125
2026-07-23 05:30:00,1.143641353,1.143903017,1.14351058,1.143772125
2026-07-23 05:45:00,1.143641353,1.143772125,1.143379807,1.14351058
2026-07-23 06:00:00,1.143641353,1.143772125,1.143641353,1.143641353
2026-07-23 06:15:00,1.143379807,1.14351058,1.143249154,1.14351058
2026-07-23 06:30:00,1.143249154,1.143379807,1.143249154,1.143379807
2026-07-23 06:45:00,1.143379807,1.14351058,1.143249154,1.143379807
2026-07-23 07:00:00,1.14351058,1.143641353,1.143249154,1.143379807
2026-07-23 07:15:00,1.143118382,1.14351058,1.143118382,1.14351058
2026-07-23 07:30:00,1.142987847,1.143118382,1.142726541,1.143118382
2026-07-23 07:45:00,1.142857194,1.143118382,1.142726541,1.142987847
2026-07-23 08:00:00,1.142857194,1.142857194,1.142596006,1.142726541
2026-07-23 08:15:00,1.142857194,1.142987847,1.142726541,1.142987847
2026-07-23 08:30:00,1.142596006,1.142987847,1.142596006,1.142857194
2026-07-23 08:45:00,1.142726541,1.142857194,1.142465472,1.142596006
2026-07-23 09:00:00,1.142334938,1.142857194,1.142334938,1.142857194
2026-07-23 09:15:00,1.142073989,1.142204404,1.141943574,1.142204404
2026-07-23 09:30:00,1.14116168,1.141943574,1.14116168,1.141943574
2026-07-23 09:45:00,1.141422153,1.141552567,1.14116168,1.141291857
2026-07-23 10:00:00,1.141552567,1.141813159,1.141291857,1.141291857
2026-07-23 10:15:00,1.141291857,1.141552567,1.141291857,1.141422153
2026-07-23 10:30:00,1.141682863,1.141682863,1.141422153,1.141422153
2026-07-23 10:45:00,1.141552567,1.141813159,1.141552567,1.141813159
2026-07-23 11:00:00,1.141291857,1.141682863,1.141291857,1.141682863
2026-07-23 11:15:00,1.14116168,1.141422153,1.141031504,1.141422153
2026-07-23 11:30:00,1.141031504,1.141291857,1.141031504,1.141291857
2026-07-23 11:45:00,1.140771151,1.14116168,1.140771151,1.141031504
2026-07-23 12:00:00,1.140901327,1.140901327,1.140641093,1.140641093
2026-07-23 12:15:00,1.140120864,1.140901327,1.140120864,1.140901327
2026-07-23 12:30:00,1.138952136,1.140120864,1.138822436,1.140120864
2026-07-23 12:45:00,1.139860868,1.139860868,1.139081836,1.139081836
2026-07-23 13:00:00,1.13973105,1.13973105,1.139341474,1.13973105
2026-07-23 13:15:00,1.138952136,1.139471292,1.138433456,1.139471292
2026-07-23 13:30:00,1.138303995,1.138822436,1.138174415,1.138692737
2026-07-23 13:45:00,1.138822436,1.138822436,1.138044834,1.138174415
2026-07-23 14:00:00,1.137268305,1.138952136,1.137268305,1.138952136
2026-07-23 14:15:00,1.138174415,1.138174415,1.137268305,1.137268305
2026-07-23 14:30:00,1.138433456,1.138822436,1.138044834,1.138174415
2026-07-23 14:45:00,1.137785912,1.138174415,1.137785912,1.138174415
2026-07-23 15:00:00,1.137526989,1.137785912,1.137138963,1.137785912
2026-07-23 15:15:00,1.137268305,1.137526989,1.136751175,1.137397647
2026-07-23 15:30:00,1.137138963,1.13765645,1.137138963,1.137397647
2026-07-23 15:45:00,1.137397647,1.137397647,1.136880398,1.13700974
2026-07-23 16:00:00,1.13765645,1.137785912,1.137397647,1.137397647
2026-07-23 16:15:00,1.13765645,1.137785912,1.137268305,1.13765645
2026-07-23 16:30:00,1.13765645,1.137785912,1.13700974,1.137397647
2026-07-23 16:45:00,1.137526989,1.137785912,1.137397647,1.13765645
2026-07-23 17:00:00,1.138044834,1.138044834,1.13765645,1.13765645
2026-07-23 17:15:00,1.138044834,1.138044834,1.137785912,1.137915373
2026-07-23 17:30:00,1.138174415,1.138303995,1.137915373,1.138174415
2026-07-23 17:45:00,1.138303995,1.138303995,1.138044834,1.138174415
2026-07-23 18:00:00,1.138044834,1.138433456,1.138044834,1.138303995
2026-07-23 18:15:00,1.137915373,1.138174415,1.137915373,1.137915373
2026-07-23 18:30:00,1.13765645,1.137915373,1.13765645,1.137915373
2026-07-23 18:45:00,1.137526989,1.137785912,1.137526989,1.13765645
2026-07-23 19:00:00,1.137785912,1.137785912,1.137397647,1.137526989
2026-07-23 19:15:00,1.137785912,1.137785912,1.13765645,1.13765645
2026-07-23 19:30:00,1.137785912,1.137915373,1.13765645,1.137785912
2026-07-23 19:45:00,1.137785912,1.137915373,1.137785912,1.137785912
2026-07-23 20:00:00,1.137785912,1.138174415,1.137785912,1.138174415
2026-07-23 20:15:00,1.137915373,1.137915373,1.137785912,1.137785912
2026-07-23 20:30:00,1.137915373,1.138174415,1.137915373,1.138174415
2026-07-23 20:45:00,1.138044834,1.138174415,1.137785912,1.137915373
2026-07-23 21:00:00,1.138174415,1.138303995,1.138174415,1.138174415
2026-07-23 21:15:00,1.138174415,1.138174415,1.138044834,1.138174415
2026-07-23 21:30:00,1.138174415,1.138303995,1.138044834,1.138303995
2026-07-23 21:45:00,1.138044834,1.138174415,1.138044834,1.138174415
2026-07-23 22:00:00,1.137526989,1.138433456,1.137138963,1.137526989
2026-07-23 22:15:00,1.138044834,1.138174415,1.137785912,1.137785912
2026-07-23 22:30:00,1.138044834,1.138303995,1.137915373,1.138303995
2026-07-23 22:45:00,1.138174415,1.138303995,1.137915373,1.138174415
2026-07-23 23:00:00,1.138174415,1.138174415,1.137915373,1.137915373
2026-07-23 23:15:00,1.138044834,1.138303995,1.138044834,1.138174415
2026-07-23 23:30:00,1.138174415,1.138174415,1.138044834,1.138044834
2026-07-23 23:45:00,1.138303995,1.138303995,1.138174415,1.138174415
2026-07-24 00:00:00,1.138174415,1.138303995,1.138174415,1.138303995
2026-07-24 00:15:00,1.138303995,1.138303995,1.138174415,1.138174415
2026-07-24 00:30:00,1.138044834,1.138303995,1.138044834,1.138174415
2026-07-24 00:45:00,1.138044834,1.138174415,1.137915373,1.138174415
2026-07-24 01:00:00,1.138303995,1.138303995,1.137915373,1.137915373
2026-07-24 01:15:00,1.138303995,1.138303995,1.138174415,1.138174415
2026-07-24 01:30:00,1.138044834,1.138303995,1.138044834,1.138174415
2026-07-24 01:45:00,1.138692737,1.138692737,1.138044834,1.138044834
2026-07-24 02:00:00,1.138692737,1.138952136,1.138563156,1.138822436
2026-07-24 02:15:00,1.138563156,1.138952136,1.138563156,1.138692737
2026-07-24 02:30:00,1.138952136,1.138952136,1.138563156,1.138563156
2026-07-24 02:45:00,1.138692737,1.139081836,1.138692737,1.138952136
2026-07-24 03:00:00,1.138692737,1.138822436,1.138692737,1.138822436
2026-07-24 03:15:00,1.138692737,1.138952136,1.138692737,1.138822436
2026-07-24 03:30:00,1.138822436,1.139081836,1.138822436,1.138822436
2026-07-24 03:45:00,1.138563156,1.138822436,1.138563156,1.138822436
2026-07-24 04:00:00,1.138174415,1.138433456,1.138174415,1.138433456
2026-07-24 04:15:00,1.138174415,1.138303995,1.138174415,1.138174415
2026-07-24 04:30:00,1.138563156,1.138563156,1.138303995,1.138303995
2026-07-24 04:45:00,1.138563156,1.138563156,1.138433456,1.138563156
2026-07-24 05:00:00,1.138692737,1.138692737,1.138563156,1.138563156
2026-07-24 05:15:00,1.138433456,1.138692737,1.138433456,1.138692737
2026-07-24 05:30:00,1.138174415,1.138433456,1.138174415,1.138433456
2026-07-24 05:45:00,1.138174415,1.138174415,1.138044834,1.138174415
2026-07-24 06:00:00,1.138303995,1.138433456,1.138174415,1.138303995
2026-07-24 06:15:00,1.138563156,1.138563156,1.138303995,1.138303995
2026-07-24 06:30:00,1.138433456,1.138692737,1.138433456,1.138563156
2026-07-24 06:45:00,1.138044834,1.138433456,1.138044834,1.138433456
2026-07-24 07:00:00,1.138303995,1.138303995,1.138044834,1.138174415
2026-07-24 07:15:00,1.138822436,1.138952136,1.138303995,1.138303995
2026-07-24 07:30:00,1.138692737,1.138952136,1.138692737,1.138822436
2026-07-24 07:45:00,1.138952136,1.138952136,1.138692737,1.138822436
2026-07-24 08:00:00,1.139860868,1.139860868,1.138952136,1.139081836
2026-07-24 08:15:00,1.140120864,1.140120864,1.139341474,1.13973105
2026-07-24 08:30:00,1.139601111,1.140380859,1.139341474,1.140250921
2026-07-24 08:45:00,1.139341474,1.139601111,1.139341474,1.139471292
2026-07-24 09:00:00,1.139081836,1.139341474,1.138952136,1.139341474
2026-07-24 09:15:00,1.139081836,1.139081836,1.138692737,1.139081836
2026-07-24 09:30:00,1.138952136,1.139081836,1.138822436,1.138952136
2026-07-24 09:45:00,1.138692737,1.138822436,1.138433456,1.138822436
2026-07-24 10:00:00,1.138822436,1.138952136,1.138563156,1.138563156
2026-07-24 10:15:00,1.139081836,1.139081836,1.138692737,1.138822436
2026-07-24 10:30:00,1.138952136,1.139081836,1.138692737,1.138952136
2026-07-24 10:45:00,1.139081836,1.139081836,1.138822436,1.138822436
2026-07-24 11:00:00,1.139211655,1.139341474,1.139081836,1.139211655
2026-07-24 11:15:00,1.139471292,1.139601111,1.139081836,1.139081836
2026-07-24 11:30:00,1.139081836,1.139471292,1.139081836,1.139341474
2026-07-24 11:45:00,1.138692737,1.139081836,1.138563156,1.138952136
2026-07-24 12:00:00,1.138952136,1.138952136,1.138563156,1.138563156
2026-07-24 12:15:00,1.138692737,1.139081836,1.138692737,1.139081836
2026-07-24 12:30:00,1.138303995,1.138563156,1.138174415,1.138563156
2026-07-24 12:45:00,1.137785912,1.138433456,1.137526989,1.138433456
2026-07-24 13:00:00,1.138044834,1.138174415,1.137526989,1.137915373
2026-07-24 13:15:00,1.137785912,1.138044834,1.13765645,1.138044834
2026-07-24 13:30:00,1.137138963,1.137915373,1.137138963,1.137785912
2026-07-24 13:45:00,1.137268305,1.137526989,1.137138963,1.137268305
2026-07-24 14:00:00,1.137397647,1.137526989,1.136880398,1.137397647
2026-07-24 14:15:00,1.137397647,1.13765645,1.137268305,1.137268305
2026-07-24 14:30:00,1.137526989,1.13765645,1.137138963,1.137397647
2026-07-24 14:45:00,1.137915373,1.137915373,1.137268305,1.137526989
2026-07-24 15:00:00,1.137526989,1.138303995,1.137397647,1.138044834
2026-07-24 15:15:00,1.137915373,1.138044834,1.137526989,1.13765645
2026-07-24 15:30:00,1.137915373,1.138174415,1.137915373,1.137915373
2026-07-24 15:45:00,1.138303995,1.138303995,1.137915373,1.137915373
2026-07-24 16:00:00,1.138952136,1.139211655,1.138044834,1.138044834
2026-07-24 16:15:00,1.138822436,1.139341474,1.138822436,1.139211655
2026-07-24 16:30:00,1.138822436,1.139211655,1.138692737,1.138692737
2026-07-24 16:45:00,1.138692737,1.138952136,1.138692737,1.138952136
2026-07-24 17:00:00,1.138952136,1.138952136,1.138563156,1.138692737
2026-07-24 17:15:00,1.138692737,1.138952136,1.138563156,1.138822436
2026-07-24 17:30:00,1.138433456,1.138692737,1.138303995,1.138563156
2026-07-24 17:45:00,1.138174415,1.138303995,1.138174415,1.138303995
2026-07-24 18:00:00,1.137526989,1.138044834,1.137397647,1.138044834
2026-07-24 18:15:00,1.137526989,1.137526989,1.137138963,1.137526989
2026-07-24 18:30:00,1.137268305,1.137526989,1.137138963,1.137526989
2026-07-24 18:45:00,1.137268305,1.137268305,1.137138963,1.137268305
2026-07-24 19:00:00,1.137268305,1.137397647,1.137138963,1.137268305
2026-07-24 19:15:00,1.137268305,1.137397647,1.137138963,1.137397647
2026-07-24 19:30:00,1.137268305,1.137268305,1.13700974,1.137268305
2026-07-24 19:45:00,1.137268305,1.137397647,1.137138963,1.137138963
2026-07-24 20:00:00,1.137397647,1.137397647,1.137268305,1.137397647
2026-07-24 20:15:00,1.137138963,1.137397647,1.137138963,1.137397647
2026-07-24 20:30:00,1.137526989,1.137526989,1.137138963,1.137138963
2026-07-24 20:45:00,1.137397647,1.137526989,1.137268305,1.137397647
2026-07-24 21:00:00,1.137268305,1.137397647,1.137268305,1.137397647
2026-07-24 21:15:00,1.137138963,1.137268305,1.137138963,1.137268305
2026-07-24 21:30:00,1.137268305,1.137268305,1.13700974,1.137138963
2026-07-24 21:45:00,1.137397647,1.13765645,1.137138963,1.137268305
2026-07-24 22:00:00,1.137526989,1.137526989,1.137526989,1.137526989
2026-07-24 22:15:00,1.137526989,1.137526989,1.137526989,1.137526989
2026-07-27 00:00:00,1.139211655,1.139471292,1.139211655,1.139341474
2026-07-27 00:15:00,1.139211655,1.139341474,1.139211655,1.139211655
2026-07-27 00:30:00,1.139601111,1.139601111,1.139211655,1.139211655
2026-07-27 00:45:00,1.139860868,1.139860868,1.139471292,1.139601111
2026-07-27 01:00:00,1.140510917,1.140510917,1.139990926,1.139990926
2026-07-27 01:15:00,1.14116168,1.141291857,1.140510917,1.140510917
2026-07-27 01:30:00,1.140771151,1.141552567,1.140771151,1.141422153
2026-07-27 01:45:00,1.140510917,1.140901327,1.140380859,1.140771151
2026-07-27 02:00:00,1.140901327,1.141031504,1.140641093,1.140641093
2026-07-27 02:15:00,1.140901327,1.141031504,1.140901327,1.140901327
2026-07-27 02:30:00,1.141031504,1.14116168,1.140641093,1.141031504
2026-07-27 02:45:00,1.141682863,1.141682863,1.14116168,1.14116168
2026-07-27 03:00:00,1.141291857,1.141682863,1.141291857,1.141682863
2026-07-27 03:15:00,1.141422153,1.141422153,1.14116168,1.141422153
2026-07-27 03:30:00,1.14116168,1.141422153,1.14116168,1.14116168
2026-07-27 03:45:00,1.140901327,1.14116168,1.140901327,1.14116168
2026-07-27 04:00:00,1.140641093,1.141031504,1.140641093,1.141031504
2026-07-27 04:15:00,1.140771151,1.140771151,1.140641093,1.140641093
2026-07-27 04:30:00,1.140641093,1.140641093,1.140510917,1.140641093
2026-07-27 04:45:00,1.140641093,1.140771151,1.140641093,1.140641093
2026-07-27 05:00:00,1.140641093,1.140771151,1.140641093,1.140641093
2026-07-27 05:15:00,1.140641093,1.140901327,1.140641093,1.140771151
2026-07-27 05:30:00,1.140641093,1.140771151,1.140641093,1.140641093
2026-07-27 05:45:00,1.140771151,1.140771151,1.140510917,1.140641093
2026-07-27 06:00:00,1.140901327,1.140901327,1.140510917,1.140510917
2026-07-27 06:15:00,1.140901327,1.141031504,1.140771151,1.141031504
2026-07-27 06:30:00,1.140771151,1.140901327,1.140771151,1.140901327
2026-07-27 06:45:00,1.140901327,1.141031504,1.140641093,1.140771151
2026-07-27 07:00:00,1.141422153,1.141682863,1.141031504,1.141031504
2026-07-27 07:15:00,1.141552567,1.141682863,1.14116168,1.141552567
2026-07-27 07:30:00,1.141813159,1.142073989,1.141291857,1.141552567
2026-07-27 07:45:00,1.141291857,1.141813159,1.14116168,1.141813159
2026-07-27 08:00:00,1.14116168,1.141291857,1.140771151,1.14116168
2026-07-27 08:15:00,1.14116168,1.14116168,1.140901327,1.14116168
2026-07-27 08:30:00,1.140641093,1.141031504,1.140510917,1.140901327
2026-07-27 08:45:00,1.140250921,1.140641093,1.140250921,1.140641093
2026-07-27 09:00:00,1.139990926,1.140250921,1.139990926,1.140120864
2026-07-27 09:15:00,1.139990926,1.139990926,1.139860868,1.139860868
2026-07-27 09:30:00,1.140250921,1.140380859,1.139860868,1.139860868
2026-07-27 09:45:00,1.140641093,1.140641093,1.139990926,1.140250921
2026-07-27 10:00:00,1.140120864,1.140641093,1.140120864,1.140510917
2026-07-27 10:15:00,1.139990926,1.140250921,1.139990926,1.140120864
2026-07-27 10:30:00,1.139990926,1.140250921,1.139860868,1.139860868
2026-07-27 10:45:00,1.139990926,1.140120864,1.139990926,1.139990926
2026-07-27 11:00:00,1.139860868,1.140380859,1.13973105,1.139860868
2026-07-27 11:15:00,1.140120864,1.140250921,1.139990926,1.139990926
2026-07-27 11:30:00,1.140380859,1.140510917,1.139990926,1.140120864
2026-07-27 11:45:00,1.13973105,1.140380859,1.13973105,1.140380859
2026-07-27 12:00:00,1.139601111,1.139860868,1.139471292,1.139860868
2026-07-27 12:15:00,1.139601111,1.13973105,1.139471292,1.139471292
2026-07-27 12:30:00,1.139601111,1.139860868,1.139601111,1.139601111
2026-07-27 12:45:00,1.138952136,1.139471292,1.138822436,1.139471292
2026-07-27 13:00:00,1.138822436,1.139341474,1.138822436,1.139081836
2026-07-27 13:15:00,1.138692737,1.138952136,1.138692737,1.138822436
2026-07-27 13:30:00,1.138303995,1.138692737,1.138044834,1.138692737
2026-07-27 13:45:00,1.138822436,1.138822436,1.138303995,1.138303995
2026-07-27 14:00:00,1.138822436,1.138952136,1.138303995,1.138563156
2026-07-27 14:15:00,1.138044834,1.138692737,1.138044834,1.138692737
2026-07-27 14:30:00,1.138303995,1.138692737,1.138303995,1.138433456
2026-07-27 14:45:00,1.13765645,1.138303995,1.13765645,1.138303995
2026-07-27 15:00:00,1.137915373,1.137915373,1.137397647,1.137397647
2026-07-27 15:15:00,1.137526989,1.137915373,1.137526989,1.137915373
2026-07-27 15:30:00,1.137397647,1.13765645,1.137397647,1.137397647
2026-07-27 15:45:00,1.137397647,1.137785912,1.137268305,1.137526989
2026-07-27 16:00:00,1.137397647,1.13765645,1.137268305,1.137526989
2026-07-27 16:15:00,1.137915373,1.137915373,1.137397647,1.137397647
2026-07-27 16:30:00,1.137915373,1.137915373,1.137785912,1.137915373
2026-07-27 16:45:00,1.137915373,1.138044834,1.137785912,1.137785912
2026-07-27 17:00:00,1.137915373,1.138044834,1.137785912,1.137785912
2026-07-27 17:15:00,1.138563156,1.138692737,1.137915373,1.137915373
2026-07-27 17:30:00,1.138563156,1.138822436,1.138563156,1.138563156
2026-07-27 17:45:00,1.138303995,1.138563156,1.138303995,1.138563156
2026-07-27 18:00:00,1.137785912,1.138303995,1.13765645,1.138174415
2026-07-27 18:15:00,1.137397647,1.13765645,1.137268305,1.13765645
2026-07-27 18:30:00,1.137268305,1.13765645,1.137268305,1.137268305
2026-07-27 18:45:00,1.13765645,1.13765645,1.137138963,1.137268305
2026-07-27 19:00:00,1.13765645,1.13765645,1.137526989,1.137526989
2026-07-27 19:15:00,1.137268305,1.13765645,1.137268305,1.13765645
2026-07-27 19:30:00,1.137397647,1.137397647,1.137138963,1.137397647
2026-07-27 19:45:00,1.137138963,1.137268305,1.137138963,1.137268305
2026-07-27 20:00:00,1.13700974,1.137268305,1.13700974,1.137268305
2026-07-27 20:15:00,1.137397647,1.137397647,1.137138963,1.137138963
2026-07-27 20:30:00,1.137526989,1.13765645,1.137397647,1.137526989
2026-07-27 20:45:00,1.137397647,1.137526989,1.137397647,1.137526989
2026-07-27 21:00:00,1.137526989,1.137526989,1.137268305,1.137268305
2026-07-27 21:15:00,1.137397647,1.137526989,1.137397647,1.137526989
2026-07-27 21:30:00,1.137138963,1.137397647,1.137138963,1.137397647
2026-07-27 21:45:00,1.137138963,1.137138963,1.13700974,1.13700974
2026-07-27 22:00:00,1.138174415,1.138174415,1.136492848,1.136492848
2026-07-27 22:15:00,1.138044834,1.138174415,1.137915373,1.137915373
2026-07-27 22:30:00,1.137785912,1.138433456,1.137397647,1.138433456
2026-07-27 22:45:00,1.137526989,1.137915373,1.137268305,1.137915373
2026-07-27 23:00:00,1.137268305,1.137526989,1.137268305,1.137268305
2026-07-27 23:15:00,1.137268305,1.137397647,1.137268305,1.137268305
2026-07-27 23:30:00,1.137268305,1.137397647,1.137268305,1.137268305
2026-07-27 23:45:00,1.137268305,1.137268305,1.137268305,1.137268305
2026-07-28 00:00:00,1.137268305,1.137397647,1.137268305,1.137268305
2026-07-28 00:15:00,1.137397647,1.137397647,1.137268305,1.137397647
2026-07-28 00:30:00,1.137268305,1.137397647,1.137268305,1.137397647
2026-07-28 00:45:00,1.137268305,1.137268305,1.137138963,1.137268305
2026-07-28 01:00:00,1.137138963,1.137268305,1.13700974,1.137138963
2026-07-28 01:15:00,1.137526989,1.13765645,1.137138963,1.137138963
2026-07-28 01:30:00,1.137526989,1.13765645,1.137526989,1.137526989
2026-07-28 01:45:00,1.137785912,1.137785912,1.137397647,1.137526989
2026-07-28 02:00:00,1.137785912,1.138044834,1.137785912,1.137785912
2026-07-28 02:15:00,1.137915373,1.137915373,1.137785912,1.137785912
2026-07-28 02:30:00,1.13765645,1.137915373,1.13765645,1.137915373
2026-07-28 02:45:00,1.13765645,1.13765645,1.137397647,1.13765645
2026-07-28 03:00:00,1.13765645,1.137785912,1.137526989,1.13765645
2026-07-28 03:15:00,1.137526989,1.137785912,1.137526989,1.137785912
2026-07-28 03:30:00,1.13765645,1.13765645,1.137526989,1.137526989
2026-07-28 03:45:00,1.138044834,1.138174415,1.13765645,1.13765645
2026-07-28 04:00:00,1.137915373,1.138044834,1.137915373,1.138044834
2026-07-28 04:15:00,1.138044834,1.138174415,1.137915373,1.137915373
2026-07-28 04:30:00,1.137915373,1.138303995,1.137915373,1.138174415
2026-07-28 04:45:00,1.137785912,1.137915373,1.13765645,1.137915373
2026-07-28 05:00:00,1.137397647,1.13765645,1.137397647,1.13765645
2026-07-28 05:15:00,1.137397647,1.137526989,1.137268305,1.137397647
2026-07-28 05:30:00,1.137397647,1.13765645,1.137397647,1.13765645
2026-07-28 05:45:00,1.137268305,1.137526989,1.137138963,1.137397647
2026-07-28 06:00:00,1.136621952,1.137138963,1.136621952,1.137138963
2026-07-28 06:15:00,1.136751175,1.136751175,1.136492848,1.136621952
2026-07-28 06:30:00,1.136880398,1.136880398,1.136621952,1.136880398
2026-07-28 06:45:00,1.13700974,1.13700974,1.136751175,1.136880398
2026-07-28 07:00:00,1.13700974,1.137138963,1.136880398,1.13700974
2026-07-28 07:15:00,1.137397647,1.137397647,1.13700974,1.137138963
2026-07-28 07:30:00,1.137397647,1.137526989,1.137268305,1.137397647
2026-07-28 07:45:00,1.137138963,1.137397647,1.137138963,1.137268305
2026-07-28 08:00:00,1.137526989,1.13765645,1.13700974,1.137138963
2026-07-28 08:15:00,1.137268305,1.13765645,1.137268305,1.13765645
2026-07-28 08:30:00,1.137138963,1.137526989,1.137138963,1.137397647
2026-07-28 08:45:00,1.136880398,1.137138963,1.136751175,1.137138963
2026-07-28 09:00:00,1.137138963,1.137397647,1.136880398,1.136880398
2026-07-28 09:15:00,1.137268305,1.137526989,1.137138963,1.137138963
2026-07-28 09:30:00,1.137397647,1.137397647,1.137138963,1.137397647
2026-07-28 09:45:00,1.137526989,1.137526989,1.137397647,1.137397647
2026-07-28 10:00:00,1.13700974,1.13765645,1.13700974,1.13765645
2026-07-28 10:15:00,1.13700974,1.137138963,1.136880398,1.13700974
2026-07-28 10:30:00,1.136621952,1.136880398,1.136621952,1.136880398
2026-07-28 10:45:00,1.135976434,1.136492848,1.135976434,1.136363626
2026-07-28 11:00:00,1.135976434,1.135976434,1.135718346,1.135976434
2026-07-28 11:15:00,1.135976434,1.136105418,1.13584733,1.13584733
2026-07-28 11:30:00,1.136105418,1.136363626,1.135976434,1.135976434
2026-07-28 11:45:00,1.136363626,1.136621952,1.136105418,1.136105418
2026-07-28 12:00:00,1.136234522,1.136492848,1.136105418,1.136492848
2026-07-28 12:15:00,1.136880398,1.136880398,1.136363626,1.136363626
2026-07-28 12:30:00,1.136751175,1.136880398,1.136751175,1.136880398
2026-07-28 12:45:00,1.13700974,1.137138963,1.136492848,1.136751175
2026-07-28 13:00:00,1.136880398,1.136880398,1.136492848,1.136880398
2026-07-28 13:15:00,1.136621952,1.136880398,1.136621952,1.136880398
2026-07-28 13:30:00,1.136880398,1.136880398,1.136492848,1.136621952
2026-07-28 13:45:00,1.13700974,1.137138963,1.136880398,1.136880398
2026-07-28 14:00:00,1.13700974,1.137268305,1.136880398,1.136880398
2026-07-28 14:15:00,1.137138963,1.137397647,1.13700974,1.13700974
2026-07-28 14:30:00,1.137268305,1.137397647,1.137138963,1.137268305
2026-07-28 14:45:00,1.137397647,1.13765645,1.137138963,1.137138963
2026-07-28 15:00:00,1.13765645,1.137785912,1.137526989,1.137526989
2026-07-28 15:15:00,1.138044834,1.138044834,1.137526989,1.13765645
2026-07-28 15:30:00,1.138303995,1.138303995,1.138044834,1.138174415
2026-07-28 15:45:00,1.138952136,1.138952136,1.138044834,1.138174415
2026-07-28 16:00:00,1.13973105,1.13973105,1.138822436,1.138952136
2026-07-28 16:15:00,1.139990926,1.140120864,1.139601111,1.139860868
2026-07-28 16:30:00,1.140380859,1.140380859,1.139860868,1.139990926
2026-07-28 16:45:00,1.140380859,1.140510917,1.139990926,1.140510917
2026-07-28 17:00:00,1.140641093,1.140641093,1.140250921,1.140380859
2026-07-28 17:15:00,1.140771151,1.140771151,1.140510917,1.140510917
2026-07-28 17:30:00,1.140380859,1.140771151,1.140380859,1.140771151
2026-07-28 17:45:00,1.139990926,1.140380859,1.139990926,1.140380859
2026-07-28 18:00:00,1.13973105,1.139990926,1.13973105,1.139860868
2026-07-28 18:15:00,1.139601111,1.139990926,1.139601111,1.139860868
2026-07-28 18:30:00,1.139471292,1.13973105,1.139471292,1.139601111
2026-07-28 18:45:00,1.139341474,1.139471292,1.139211655,1.139471292
2026-07-28 19:00:00,1.139211655,1.139341474,1.139081836,1.139211655
2026-07-28 19:15:00,1.139081836,1.139471292,1.139081836,1.139341474
2026-07-28 19:30:00,1.139211655,1.139211655,1.139081836,1.139211655
2026-07-28 19:45:00,1.138952136,1.139081836,1.138952136,1.139081836
2026-07-28 20:00:00,1.139081836,1.139341474,1.138952136,1.138952136
2026-07-28 20:15:00,1.139211655,1.139341474,1.139081836,1.139081836
2026-07-28 20:30:00,1.139341474,1.139471292,1.139211655,1.139211655
2026-07-28 20:45:00,1.139081836,1.139471292,1.139081836,1.139341474
2026-07-28 21:00:00,1.139211655,1.139211655,1.139081836,1.139081836
2026-07-28 21:15:00,1.138952136,1.139211655,1.138952136,1.139211655
2026-07-28 21:30:00,1.139081836,1.139081836,1.138822436,1.138952136
2026-07-28 21:45:00,1.138952136,1.139081836,1.138952136,1.139081836
2026-07-28 22:00:00,1.139341474,1.139860868,1.138303995,1.138563156
2026-07-28 22:15:00,1.139471292,1.139601111,1.139211655,1.139471292
2026-07-28 22:30:00,1.139471292,1.139601111,1.139341474,1.139341474
2026-07-28 22:45:00,1.139471292,1.139601111,1.139211655,1.139601111
2026-07-28 23:00:00,1.139211655,1.139471292,1.139211655,1.139211655
2026-07-28 23:15:00,1.138822436,1.139211655,1.138822436,1.139211655
2026-07-28 23:30:00,1.138822436,1.138952136,1.138822436,1.138822436
2026-07-28 23:45:00,1.138822436,1.138822436,1.138822436,1.138822436
2026-07-29 00:00:00,1.138692737,1.138822436,1.138563156,1.138822436
2026-07-29 00:15:00,1.138822436,1.138822436,1.138692737,1.138692737
2026-07-29 00:30:00,1.138822436,1.138822436,1.138822436,1.138822436
2026-07-29 00:45:00,1.138952136,1.138952136,1.138692737,1.138822436
2026-07-29 01:00:00,1.138692737,1.138952136,1.138563156,1.138822436
2026-07-29 01:15:00,1.139211655,1.139341474,1.138692737,1.138692737
2026-07-29 01:30:00,1.139211655,1.139341474,1.139211655,1.139211655
2026-07-29 01:45:00,1.139341474,1.139341474,1.139081836,1.139211655
2026-07-29 02:00:00,1.139211655,1.139471292,1.139211655,1.139471292
2026-07-29 02:15:00,1.139471292,1.139601111,1.139211655,1.139211655
2026-07-29 02:30:00,1.138952136,1.139341474,1.138952136,1.139081836
2026-07-29 02:45:00,1.139471292,1.139471292,1.138952136,1.138952136
2026-07-29 03:00:00,1.13973105,1.13973105,1.139341474,1.139471292
2026-07-29 03:15:00,1.13973105,1.139860868,1.139601111,1.13973105
2026-07-29 03:30:00,1.139860868,1.139860868,1.13973105,1.13973105
2026-07-29 03:45:00,1.13973105,1.139860868,1.139601111,1.13973105
2026-07-29 04:00:00,1.139860868,1.139990926,1.13973105,1.13973105
2026-07-29 04:15:00,1.140250921,1.140250921,1.139860868,1.139860868
2026-07-29 04:30:00,1.140250921,1.140380859,1.140250921,1.140250921
2026-07-29 04:45:00,1.139990926,1.140380859,1.139990926,1.140250921
2026-07-29 05:00:00,1.140250921,1.140250921,1.139990926,1.139990926
2026-07-29 05:15:00,1.140250921,1.140510917,1.140250921,1.140250921
2026-07-29 05:30:00,1.140641093,1.140641093,1.140250921,1.140250921
2026-07-29 05:45:00,1.140510917,1.140641093,1.140250921,1.140641093
2026-07-29 06:00:00,1.140510917,1.140641093,1.140380859,1.140510917
2026-07-29 06:15:00,1.140250921,1.140510917,1.140250921,1.140510917
2026-07-29 06:30:00,1.140250921,1.140250921,1.140120864,1.140250921
2026-07-29 06:45:00,1.140120864,1.140510917,1.140120864,1.140250921
2026-07-29 07:00:00,1.139990926,1.140380859,1.139860868,1.140250921
2026-07-29 07:15:00,1.13973105,1.140120864,1.13973105,1.140120864
2026-07-29 07:30:00,1.13973105,1.13973105,1.139601111,1.139601111
2026-07-29 07:45:00,1.139471292,1.13973105,1.139341474,1.13973105
2026-07-29 08:00:00,1.13973105,1.139990926,1.139471292,1.139471292
2026-07-29 08:15:00,1.139990926,1.140120864,1.13973105,1.13973105
2026-07-29 08:30:00,1.140120864,1.140380859,1.139990926,1.139990926
2026-07-29 08:45:00,1.140120864,1.140380859,1.140120864,1.140120864
2026-07-29 09:00:00,1.139860868,1.140250921,1.139860868,1.140120864
2026-07-29 09:15:00,1.139860868,1.139990926,1.13973105,1.139990926
2026-07-29 09:30:00,1.140120864,1.140120864,1.139601111,1.139860868
2026-07-29 09:45:00,1.139990926,1.140380859,1.139860868,1.140120864
2026-07-29 10:00:00,1.139860868,1.139990926,1.139860868,1.139860868
2026-07-29 10:15:00,1.139860868,1.139990926,1.13973105,1.139860868
2026-07-29 10:30:00,1.13973105,1.139990926,1.139601111,1.139860868
2026-07-29 10:45:00,1.139601111,1.139860868,1.139601111,1.139860868
2026-07-29 11:00:00,1.139471292,1.139601111,1.139341474,1.139471292
2026-07-29 11:15:00,1.139211655,1.139471292,1.139081836,1.139471292
2026-07-29 11:30:00,1.139081836,1.139471292,1.139081836,1.139471292
2026-07-29 11:45:00,1.138822436,1.139081836,1.138692737,1.139081836
2026-07-29 12:00:00,1.139081836,1.139081836,1.138952136,1.138952136
2026-07-29 12:15:00,1.139081836,1.139211655,1.138822436,1.139081836
2026-07-29 12:30:00,1.138563156,1.139081836,1.138563156,1.139081836
2026-07-29 12:45:00,1.138433456,1.138822436,1.138433456,1.138563156
2026-07-29 13:00:00,1.138303995,1.138563156,1.138303995,1.138563156
2026-07-29 13:15:00,1.138044834,1.138303995,1.137915373,1.138174415
2026-07-29 13:30:00,1.138303995,1.138303995,1.137915373,1.137915373
2026-07-29 13:45:00,1.138044834,1.138303995,1.138044834,1.138174415
2026-07-29 14:00:00,1.138303995,1.138303995,1.138044834,1.138303995
2026-07-29 14:15:00,1.138952136,1.138952136,1.138303995,1.138303995
2026-07-29 14:30:00,1.138952136,1.138952136,1.138692737,1.138822436
2026-07-29 14:45:00,1.139341474,1.139471292,1.139081836,1.139081836
2026-07-29 15:00:00,1.139211655,1.139601111,1.139211655,1.139601111
2026-07-29 15:15:00,1.13973105,1.13973105,1.139081836,1.139211655
2026-07-29 15:30:00,1.139471292,1.139990926,1.139471292,1.139860868
2026-07-29 15:45:00,1.138433456,1.139471292,1.138433456,1.139471292
2026-07-29 16:00:00,1.138822436,1.138822436,1.138303995,1.138433456
2026-07-29 16:15:00,1.138433456,1.138822436,1.138174415,1.138822436
2026-07-29 16:30:00,1.138433456,1.138433456,1.138174415,1.138303995
2026-07-29 16:45:00,1.138563156,1.138692737,1.138433456,1.138433456
2026-07-29 17:00:00,1.138303995,1.138563156,1.138174415,1.138563156
2026-07-29 17:15:00,1.138563156,1.138563156,1.138044834,1.138044834
2026-07-29 17:30:00,1.138563156,1.138563156,1.138303995,1.138563156
2026-07-29 17:45:00,1.138822436,1.138822436,1.138563156,1.138563156
2026-07-29 18:00:00,1.139341474,1.139341474,1.138822436,1.138822436
2026-07-29 18:15:00,1.139341474,1.139601111,1.139211655,1.139211655
2026-07-29 18:30:00,1.139860868,1.139860868,1.139341474,1.139341474
2026-07-29 18:45:00,1.139990926,1.140250921,1.139860868,1.139990926
2026-07-29 19:00:00,1.142857194,1.142987847,1.141813159,1.141813159
2026-07-29 19:15:00,1.142334938,1.143249154,1.142073989,1.143249154
2026-07-29 19:30:00,1.143641353,1.143641353,1.14116168,1.142857194
2026-07-29 19:45:00,1.145344257,1.145475388,1.143903017,1.143903017
2026-07-29 20:00:00,1.145344257,1.145737886,1.144688606,1.145606637
2026-07-29 20:15:00,1.145606637,1.146920443,1.145475388,1.145606637
2026-07-29 20:30:00,1.146131754,1.146131754,1.144950747,1.145475388
2026-07-29 20:45:00,1.145213008,1.146000385,1.145213008,1.145869136
2026-07-29 21:00:00,1.145475388,1.145475388,1.145081878,1.145081878
2026-07-29 21:15:00,1.145869136,1.145869136,1.145344257,1.145344257
2026-07-29 21:30:00,1.146920443,1.146920443,1.145869136,1.145869136
2026-07-29 21:45:00,1.14705205,1.147315264,1.146789074,1.146789074
2026-07-29 22:00:00,1.146525979,1.149293184,1.145344257,1.147578597
2026-07-29 22:15:00,1.146789074,1.146920443,1.14639461,1.14639461
2026-07-29 22:30:00,1.146920443,1.146920443,1.146525979,1.146789074
2026-07-29 22:45:00,1.146525979,1.146789074,1.14639461,1.146789074
2026-07-29 23:00:00,1.147183657,1.147183657,1.146920443,1.146920443
2026-07-29 23:15:00,1.14705205,1.147315264,1.14705205,1.147183657
2026-07-29 23:30:00,1.147315264,1.147315264,1.147183657,1.147183657
2026-07-29 23:45:00,1.147446871,1.147446871,1.147315264,1.147315264
2026-07-30 00:00:00,1.147315264,1.14784205,1.147315264,1.147578597
2026-07-30 00:15:00,1.14705205,1.147446871,1.14705205,1.147315264
2026-07-30 00:30:00,1.146920443,1.14705205,1.146920443,1.14705205
2026-07-30 00:45:00,1.14705205,1.147315264,1.146789074,1.146789074
2026-07-30 01:00:00,1.14705205,1.147183657,1.146789074,1.14705205
2026-07-30 01:15:00,1.146131754,1.14705205,1.146000385,1.14705205
2026-07-30 01:30:00,1.146000385,1.146131754,1.146000385,1.146131754
2026-07-30 01:45:00,1.146131754,1.146131754,1.146000385,1.146000385
2026-07-30 02:00:00,1.146263242,1.14639461,1.146131754,1.146131754
2026-07-30 02:15:00,1.145869136,1.146263242,1.145737886,1.146263242
2026-07-30 02:30:00,1.146000385,1.146131754,1.145869136,1.145869136
2026-07-30 02:45:00,1.145606637,1.146131754,1.145606637,1.146000385
2026-07-30 03:00:00,1.145606637,1.145869136,1.145606637,1.145869136
2026-07-30 03:15:00,1.145606637,1.145606637,1.145475388,1.145606637
2026-07-30 03:30:00,1.145737886,1.145869136,1.145606637,1.145606637
2026-07-30 03:45:00,1.145606637,1.145869136,1.145606637,1.145737886
2026-07-30 04:00:00,1.145475388,1.145737886,1.145475388,1.145606637
2026-07-30 04:15:00,1.145344257,1.145475388,1.145213008,1.145475388
2026-07-30 04:30:00,1.145606637,1.145606637,1.145344257,1.145344257
2026-07-30 04:45:00,1.145344257,1.145475388,1.145344257,1.145475388
2026-07-30 05:00:00,1.145606637,1.145606637,1.145213008,1.145213008
2026-07-30 05:15:00,1.145606637,1.145737886,1.145606637,1.145606637
2026-07-30 05:30:00,1.145606637,1.145737886,1.145606637,1.145606637
2026-07-30 05:45:00,1.145344257,1.145606637,1.145344257,1.145606637
2026-07-30 06:00:00,1.145869136,1.145869136,1.145344257,1.145344257
2026-07-30 06:15:00,1.145869136,1.146000385,1.145737886,1.145869136
2026-07-30 06:30:00,1.145475388,1.145869136,1.145475388,1.145869136
2026-07-30 06:45:00,1.145344257,1.145737886,1.145213008,1.145606637
2026-07-30 07:00:00,1.144688606,1.145475388,1.144688606,1.145475388
2026-07-30 07:15:00,1.144819736,1.144950747,1.144688606,1.144950747
2026-07-30 07:30:00,1.145081878,1.145081878,1.144688606,1.144819736
2026-07-30 07:45:00,1.145081878,1.145344257,1.144950747,1.144950747
2026-07-30 08:00:00,1.144557595,1.145475388,1.144557595,1.145081878
2026-07-30 08:15:00,1.14403379,1.144688606,1.14403379,1.144557595
2026-07-30 08:30:00,1.144164801,1.144164801,1.143903017,1.143903017
2026-07-30 08:45:00,1.144164801,1.144164801,1.14403379,1.14403379
2026-07-30 09:00:00,1.145081878,1.145081878,1.144295692,1.144426703
2026-07-30 09:15:00,1.145737886,1.145737886,1.145081878,1.145081878
2026-07-30 09:30:00,1.145344257,1.145737886,1.144950747,1.145737886
2026-07-30 09:45:00,1.145213008,1.145737886,1.145081878,1.145475388
2026-07-30 10:00:00,1.146131754,1.146131754,1.145344257,1.145344257
2026-07-30 10:15:00,1.146657467,1.146657467,1.146131754,1.146131754
2026-07-30 10:30:00,1.146525979,1.146657467,1.14639461,1.14639461
2026-07-30 10:45:00,1.146789074,1.14705205,1.146525979,1.146525979
2026-07-30 11:00:00,1.147315264,1.147315264,1.146525979,1.146789074
2026-07-30 11:15:00,1.147578597,1.147973776,1.147315264,1.147578597
2026-07-30 11:30:00,1.148501158,1.148501158,1.147578597,1.147578597
2026-07-30 11:45:00,1.147710323,1.148633122,1.147710323,1.148501158
2026-07-30 12:00:00,1.147578597,1.147973776,1.147578597,1.14784205
2026-07-30 12:15:00,1.14705205,1.147578597,1.14705205,1.147578597
2026-07-30 12:30:00,1.146920443,1.14705205,1.146920443,1.14705205
2026-07-30 12:45:00,1.14784205,1.14784205,1.146920443,1.146920443
2026-07-30 13:00:00,1.148369312,1.148369312,1.147973776,1.147973776
2026-07-30 13:15:00,1.148105621,1.148237467,1.14784205,1.148237467
2026-07-30 13:30:00,1.148501158,1.148633122,1.147578597,1.148633122
2026-07-30 13:45:00,1.147710323,1.148501158,1.147446871,1.148501158
2026-07-30 14:00:00,1.147710323,1.14784205,1.147315264,1.147710323
2026-07-30 14:15:00,1.148369312,1.148369312,1.147446871,1.147446871
2026-07-30 14:30:00,1.150483251,1.150483251,1.148369312,1.148369312
2026-07-30 14:45:00,1.152604818,1.152604818,1.150350809,1.150615573
2026-07-30 15:00:00,1.152870655,1.153801799,1.152206421,1.152604818
2026-07-30 15:15:00,1.15233922,1.153535604,1.15233922,1.153269529
2026-07-30 15:30:00,1.15141046,1.152472019,1.15141046,1.152472019
2026-07-30 15:45:00,1.150748014,1.151808381,1.150748014,1.151808381
2026-07-30 16:00:00,1.150615573,1.150880456,1.150350809,1.150483251
2026-07-30 16:15:00,1.151808381,1.151808381,1.151145339,1.151145339
2026-07-30 16:30:00,1.152472019,1.152604818,1.151808381,1.151941061
2026-07-30 16:45:00,1.152472019,1.152737737,1.152472019,1.152604818
2026-07-30 17:00:00,1.152737737,1.153136492,1.152737737,1.152737737
2026-07-30 17:15:00,1.153269529,1.153269529,1.152737737,1.152737737
2026-07-30 17:30:00,1.152870655,1.153402567,1.152870655,1.153402567
2026-07-30 17:45:00,1.153136492,1.153136492,1.152737737,1.152870655
2026-07-30 18:00:00,1.152472019,1.153269529,1.152472019,1.153269529
2026-07-30 18:15:00,1.15233922,1.15233922,1.152206421,1.15233922
2026-07-30 18:30:00,1.153136492,1.153136492,1.151941061,1.152206421
2026-07-30 18:45:00,1.153136492,1.153269529,1.153003573,1.153269529
2026-07-30 19:00:00,1.153801799,1.153801799,1.153269529,1.153535604
2026-07-30 19:15:00,1.153269529,1.153801799,1.153136492,1.153801799
2026-07-30 19:30:00,1.153402567,1.153668642,1.153269529,1.153402567
2026-07-30 19:45:00,1.153801799,1.153801799,1.153535604,1.153535604
2026-07-30 20:00:00,1.153402567,1.153934956,1.153136492,1.153934956
2026-07-30 20:15:00,1.153535604,1.153668642,1.153136492,1.153136492
2026-07-30 20:30:00,1.153402567,1.153535604,1.153402567,1.153535604
2026-07-30 20:45:00,1.153535604,1.153535604,1.153269529,1.153535604
2026-07-30 21:00:00,1.153402567,1.153535604,1.153269529,1.153402567
2026-07-30 21:15:00,1.153136492,1.153402567,1.153136492,1.153402567
2026-07-30 21:30:00,1.153003573,1.153269529,1.153003573,1.153003573
2026-07-30 21:45:00,1.153136492,1.153269529,1.153003573,1.153003573
2026-07-30 22:00:00,1.152870655,1.153269529,1.152870655,1.153136492
2026-07-30 22:15:00,1.152737737,1.153003573,1.152737737,1.152870655
2026-07-30 22:30:00,1.153003573,1.153003573,1.152737737,1.152737737
2026-07-30 22:45:00,1.152870655,1.153003573,1.152737737,1.152737737
2026-07-30 23:00:00,1.153003573,1.153269529,1.152870655,1.153003573
2026-07-30 23:15:00,1.153003573,1.153136492,1.152870655,1.153003573
2026-07-30 23:30:00,1.153269529,1.153402567,1.153003573,1.153003573
2026-07-30 23:45:00,1.153136492,1.153402567,1.153136492,1.153269529
2026-07-31 00:00:00,1.152870655,1.153402567,1.152870655,1.153269529
2026-07-31 00:15:00,1.152870655,1.153003573,1.152737737,1.152870655
2026-07-31 00:30:00,1.152737737,1.152870655,1.152604818,1.152737737
2026-07-31 00:45:00,1.152604818,1.152870655,1.152604818,1.152870655
2026-07-31 01:00:00,1.152604818,1.152737737,1.15233922,1.152737737
2026-07-31 01:15:00,1.152604818,1.153003573,1.152604818,1.152604818
2026-07-31 01:30:00,1.151941061,1.152604818,1.151941061,1.152604818
2026-07-31 01:45:00,1.152206421,1.15233922,1.151941061,1.152073741
2026-07-31 02:00:00,1.151941061,1.15233922,1.151941061,1.152206421
2026-07-31 02:15:00,1.152073741,1.152206421,1.151941061,1.151941061
2026-07-31 02:30:00,1.151808381,1.15233922,1.151808381,1.151941061
2026-07-31 02:45:00,1.15141046,1.151808381,1.15141046,1.151808381
2026-07-31 03:00:00,1.151941061,1.151941061,1.15141046,1.15141046
2026-07-31 03:15:00,1.151675701,1.151808381,1.151675701,1.151808381
2026-07-31 03:30:00,1.15154314,1.151808381,1.15154314,1.151675701
2026-07-31 03:45:00,1.15154314,1.15154314,1.15141046,1.15154314
2026-07-31 04:00:00,1.15141046,1.15154314,1.1512779,1.15154314
2026-07-31 04:15:00,1.1512779,1.15141046,1.151145339,1.15141046
2026-07-31 04:30:00,1.151012897,1.1512779,1.151012897,1.1512779
2026-07-31 04:45:00,1.151675701,1.151675701,1.151145339,1.151145339
2026-07-31 05:00:00,1.15154314,1.151675701,1.15154314,1.151675701
2026-07-31 05:15:00,1.15154314,1.151675701,1.15154314,1.15154314
2026-07-31 05:30:00,1.151012897,1.15141046,1.150880456,1.15141046
2026-07-31 05:45:00,1.151145339,1.151145339,1.150880456,1.150880456
2026-07-31 06:00:00,1.151012897,1.1512779,1.151012897,1.151145339
2026-07-31 06:15:00,1.151012897,1.151012897,1.150880456,1.150880456
2026-07-31 06:30:00,1.151012897,1.1512779,1.150880456,1.150880456
2026-07-31 06:45:00,1.151012897,1.151012897,1.150880456,1.151012897
2026-07-31 07:00:00,1.151808381,1.151941061,1.150880456,1.150880456
2026-07-31 07:15:00,1.152472019,1.152472019,1.151808381,1.151808381
2026-07-31 07:30:00,1.15154314,1.152206421,1.15141046,1.152073741
2026-07-31 07:45:00,1.152073741,1.152472019,1.151941061,1.151941061
2026-07-31 08:00:00,1.152073741,1.152073741,1.151808381,1.152073741
2026-07-31 08:15:00,1.151941061,1.151941061,1.151675701,1.151941061
2026-07-31 08:30:00,1.152206421,1.152206421,1.15154314,1.151675701
2026-07-31 08:45:00,1.151675701,1.152737737,1.151675701,1.152206421
2026-07-31 09:00:00,1.15141046,1.151941061,1.151145339,1.151808381
2026-07-31 09:15:00,1.1512779,1.15154314,1.1512779,1.15141046
2026-07-31 09:30:00,1.151145339,1.1512779,1.150880456,1.151145339
2026-07-31 09:45:00,1.152870655,1.152870655,1.1512779,1.1512779
2026-07-31 10:00:00,1.151941061,1.152737737,1.151941061,1.152737737
2026-07-31 10:15:00,1.1512779,1.152073741,1.1512779,1.151808381
2026-07-31 10:30:00,1.150880456,1.15141046,1.150880456,1.1512779
2026-07-31 10:45:00,1.150880456,1.1512779,1.150748014,1.150748014
2026-07-31 11:00:00,1.151145339,1.151145339,1.150748014,1.150748014
2026-07-31 11:15:00,1.150615573,1.151012897,1.150615573,1.151012897
2026-07-31 11:30:00,1.150748014,1.150748014,1.150483251,1.150615573
2026-07-31 11:45:00,1.150483251,1.150748014,1.150483251,1.150615573
2026-07-31 12:00:00,1.150218487,1.150483251,1.150218487,1.150483251
2026-07-31 12:15:00,1.149689674,1.150218487,1.149557471,1.150218487
2026-07-31 12:30:00,1.149425268,1.149557471,1.149293184,1.149557471
2026-07-31 12:45:00,1.148897052,1.149425268,1.148897052,1.149425268
2026-07-31 13:00:00,1.149029136,1.149029136,1.148633122,1.148765087
2026-07-31 13:15:00,1.148765087,1.1491611,1.148765087,1.149029136
2026-07-31 13:30:00,1.148897052,1.149029136,1.148633122,1.148633122
2026-07-31 13:45:00,1.149293184,1.149425268,1.148765087,1.148897052
2026-07-31 14:00:00,1.1491611,1.149425268,1.1491611,1.1491611
2026-07-31 14:15:00,1.150350809,1.150615573,1.149029136,1.1491611
2026-07-31 14:30:00,1.147315264,1.150350809,1.146131754,1.150350809
2026-07-31 14:45:00,1.14705205,1.147710323,1.146920443,1.147183657
2026-07-31 15:00:00,1.147710323,1.147710323,1.146657467,1.14705205
2026-07-31 15:15:00,1.148105621,1.148237467,1.147578597,1.147710323
2026-07-31 15:30:00,1.149293184,1.149293184,1.148369312,1.148369312
2026-07-31 15:45:00,1.150880456,1.150880456,1.149557471,1.149557471
2026-07-31 16:00:00,1.150615573,1.151012897,1.150086284,1.151012897
2026-07-31 16:15:00,1.150615573,1.151145339,1.150350809,1.150748014
2026-07-31 16:30:00,1.1512779,1.1512779,1.150483251,1.150748014
2026-07-31 16:45:00,1.152206421,1.152206421,1.151145339,1.151145339
2026-07-31 17:00:00,1.152206421,1.152206421,1.151675701,1.152073741
2026-07-31 17:15:00,1.151675701,1.152073741,1.151675701,1.151941061
2026-07-31 17:30:00,1.151675701,1.152073741,1.151675701,1.151675701
2026-07-31 17:45:00,1.152073741,1.152073741,1.151808381,1.151808381
2026-07-31 18:00:00,1.152604818,1.152604818,1.152073741,1.152206421
2026-07-31 18:15:00,1.153003573,1.153003573,1.15233922,1.152604818
2026-07-31 18:30:00,1.153801799,1.153801799,1.153136492,1.153136492
2026-07-31 18:45:00,1.153801799,1.154068112,1.153136492,1.153801799
2026-07-31 19:00:00,1.153402567,1.153801799,1.153402567,1.153668642
2026-07-31 19:15:00,1.153269529,1.153402567,1.153136492,1.153136492
2026-07-31 19:30:00,1.153136492,1.153402567,1.153003573,1.153269529
2026-07-31 19:45:00,1.153402567,1.153402567,1.152870655,1.153003573
2026-07-31 20:00:00,1.153535604,1.153668642,1.153535604,1.153535604
2026-07-31 20:15:00,1.153535604,1.153535604,1.153402567,1.153535604
2026-07-31 20:30:00,1.153535604,1.153535604,1.153003573,1.153402567
2026-07-31 20:45:00,1.153402567,1.153934956,1.153402567,1.153668642
2026-07-31 21:00:00,1.153136492,1.153402567,1.152870655,1.153402567
2026-07-31 21:15:00,1.153934956,1.154201269,1.153402567,1.153402567
2026-07-31 21:30:00,1.154334545,1.154334545,1.153801799,1.153934956
2026-07-31 21:45:00,1.153269529,1.155001163,1.153269529,1.154467821
2026-07-31 22:00:00,1.152737737,1.152737737,1.152737737,1.152737737
2026-07-31 22:15:00,1.152737737,1.152737737,1.152737737,1.152737737
2026-08-03 00:00:00,1.154867768,1.155268073,1.154734373,1.155268073
2026-08-03 00:15:00,1.154867768,1.154867768,1.154601097,1.154867768
2026-08-03 00:30:00,1.154734373,1.154867768,1.154601097,1.154867768
2026-08-03 00:45:00,1.154734373,1.154734373,1.154601097,1.154734373
2026-08-03 01:00:00,1.154068112,1.154334545,1.153934956,1.154334545
2026-08-03 01:15:00,1.155134559,1.155134559,1.153934956,1.154068112
2026-08-03 01:30:00,1.155802131,1.155802131,1.155134559,1.155268073
2026-08-03 01:45:00,1.154601097,1.155802131,1.154601097,1.155802131
2026-08-03 02:00:00,1.153934956,1.154734373,1.153934956,1.154334545
2026-08-03 02:15:00,1.153535604,1.153934956,1.153535604,1.153934956
2026-08-03 02:30:00,1.153535604,1.153668642,1.153402567,1.153535604
2026-08-03 02:45:00,1.153535604,1.153535604,1.153402567,1.153535604
2026-08-03 03:00:00,1.153402567,1.153668642,1.153402567,1.153535604
2026-08-03 03:15:00,1.153668642,1.153668642,1.153269529,1.153269529
2026-08-03 03:30:00,1.153535604,1.153801799,1.153535604,1.153668642
2026-08-03 03:45:00,1.153402567,1.153668642,1.153402567,1.153535604
2026-08-03 04:00:00,1.153136492,1.153402567,1.153136492,1.153402567
2026-08-03 04:15:00,1.153269529,1.153269529,1.153003573,1.153003573
2026-08-03 04:30:00,1.153136492,1.153136492,1.153003573,1.153136492
2026-08-03 04:45:00,1.153402567,1.153402567,1.153136492,1.153136492
2026-08-03 05:00:00,1.153535604,1.153535604,1.153269529,1.153402567
2026-08-03 05:15:00,1.153668642,1.153668642,1.153402567,1.153535604
2026-08-03 05:30:00,1.153934956,1.153934956,1.153535604,1.153668642
2026-08-03 05:45:00,1.153801799,1.153801799,1.153668642,1.153801799
2026-08-03 06:00:00,1.153668642,1.153934956,1.153535604,1.153801799
2026-08-03 06:15:00,1.153668642,1.153801799,1.153535604,1.153668642
2026-08-03 06:30:00,1.153934956,1.153934956,1.153668642,1.153801799
2026-08-03 06:45:00,1.154068112,1.154068112,1.153801799,1.153934956
2026-08-03 07:00:00,1.153668642,1.154201269,1.153668642,1.154201269
2026-08-03 07:15:00,1.153668642,1.153801799,1.153535604,1.153668642
2026-08-03 07:30:00,1.152870655,1.153668642,1.152870655,1.153668642
2026-08-03 07:45:00,1.153003573,1.153136492,1.152737737,1.152737737
2026-08-03 08:00:00,1.153269529,1.153269529,1.152604818,1.153136492
2026-08-03 08:15:00,1.153269529,1.153269529,1.152472019,1.153269529
2026-08-03 08:30:00,1.153003573,1.153535604,1.152737737,1.153402567
2026-08-03 08:45:00,1.153003573,1.153003573,1.152737737,1.153003573
2026-08-03 09:00:00,1.153003573,1.153003573,1.152737737,1.152737737
2026-08-03 09:15:00,1.152737737,1.153003573,1.152604818,1.152870655
2026-08-03 09:30:00,1.152870655,1.152870655,1.152737737,1.152737737
2026-08-03 09:45:00,1.152604818,1.152870655,1.152472019,1.152737737
2026-08-03 10:00:00,1.152870655,1.152870655,1.15233922,1.152737737
2026-08-03 10:15:00,1.152737737,1.152737737,1.152472019,1.152737737
2026-08-03 10:30:00,1.153136492,1.153136492,1.152737737,1.152737737
2026-08-03 10:45:00,1.152604818,1.153269529,1.152604818,1.153136492
2026-08-03 11:00:00,1.152737737,1.152737737,1.152472019,1.152472019
2026-08-03 11:15:00,1.152604818,1.152737737,1.152073741,1.152604818
2026-08-03 11:30:00,1.152472019,1.152604818,1.152472019,1.152604818
2026-08-03 11:45:00,1.152604818,1.152737737,1.15233922,1.15233922
2026-08-03 12:00:00,1.152870655,1.153003573,1.152737737,1.152737737
2026-08-03 12:15:00,1.152472019,1.152870655,1.152472019,1.152870655
2026-08-03 12:30:00,1.152870655,1.152870655,1.152604818,1.152604818
2026-08-03 12:45:00,1.153535604,1.153535604,1.153003573,1.153003573
2026-08-03 13:00:00,1.153402567,1.153801799,1.153402567,1.153668642
2026-08-03 13:15:00,1.153402567,1.153668642,1.153269529,1.153535604
2026-08-03 13:30:00,1.152870655,1.153668642,1.152870655,1.153402567
2026-08-03 13:45:00,1.153136492,1.153136492,1.152604818,1.152870655
2026-08-03 14:00:00,1.153269529,1.153668642,1.153136492,1.153269529
2026-08-03 14:15:00,1.153535604,1.153535604,1.152870655,1.153269529
2026-08-03 14:30:00,1.153003573,1.153801799,1.153003573,1.153535604
2026-08-03 14:45:00,1.153003573,1.153269529,1.152604818,1.153269529
2026-08-03 15:00:00,1.151941061,1.153003573,1.151941061,1.152604818
2026-08-03 15:15:00,1.151941061,1.15233922,1.151941061,1.152073741
2026-08-03 15:30:00,1.151675701,1.152073741,1.15141046,1.151808381
2026-08-03 15:45:00,1.151808381,1.151941061,1.15154314,1.151675701
2026-08-03 16:00:00,1.150615573,1.15154314,1.150615573,1.15154314
2026-08-03 16:15:00,1.150748014,1.151012897,1.150615573,1.150748014
2026-08-03 16:30:00,1.150748014,1.150880456,1.150615573,1.150748014
2026-08-03 16:45:00,1.1512779,1.1512779,1.150748014,1.150748014
2026-08-03 17:00:00,1.151145339,1.15141046,1.151012897,1.1512779
2026-08-03 17:15:00,1.150880456,1.151145339,1.150880456,1.151012897
2026-08-03 17:30:00,1.151012897,1.151145339,1.150880456,1.150880456
2026-08-03 17:45:00,1.151012897,1.151145339,1.150880456,1.151012897
2026-08-03 18:00:00,1.150748014,1.150880456,1.150748014,1.150880456
2026-08-03 18:15:00,1.150748014,1.150748014,1.150615573,1.150615573
2026-08-03 18:30:00,1.150748014,1.150748014,1.150615573,1.150748014
2026-08-03 18:45:00,1.150483251,1.150880456,1.150483251,1.150748014
2026-08-03 19:00:00,1.150880456,1.150880456,1.150483251,1.150483251
2026-08-03 19:15:00,1.1512779,1.1512779,1.151012897,1.151012897
2026-08-03 19:30:00,1.15154314,1.15154314,1.1512779,1.1512779
2026-08-03 19:45:00,1.151675701,1.151808381,1.15141046,1.15154314
2026-08-03 20:00:00,1.151675701,1.151808381,1.151675701,1.151675701
2026-08-03 20:15:00,1.151675701,1.151675701,1.15154314,1.151675701
2026-08-03 20:30:00,1.15154314,1.151675701,1.15154314,1.15154314
2026-08-03 20:45:00,1.15141046,1.151675701,1.1512779,1.15154314
2026-08-03 21:00:00,1.151145339,1.15141046,1.151145339,1.15141046
2026-08-03 21:15:00,1.151012897,1.151145339,1.151012897,1.151012897
2026-08-03 21:30:00,1.1512779,1.1512779,1.151145339,1.151145339
2026-08-03 21:45:00,1.151145339,1.1512779,1.151145339,1.1512779
2026-08-03 22:00:00,1.15141046,1.151808381,1.1512779,1.151675701
2026-08-03 22:15:00,1.1512779,1.15154314,1.151012897,1.151012897
2026-08-03 22:30:00,1.15141046,1.15154314,1.1512779,1.15141046
2026-08-03 22:45:00,1.15141046,1.151675701,1.1512779,1.15141046
2026-08-03 23:00:00,1.151012897,1.15154314,1.151012897,1.15154314
2026-08-03 23:15:00,1.151012897,1.151145339,1.151012897,1.151145339
2026-08-03 23:30:00,1.151145339,1.151145339,1.151012897,1.151145339
2026-08-03 23:45:00,1.151145339,1.1512779,1.151145339,1.151145339
2026-08-04 00:00:00,1.1512779,1.1512779,1.151145339,1.1512779
2026-08-04 00:15:00,1.1512779,1.15141046,1.1512779,1.1512779
2026-08-04 00:30:00,1.151145339,1.1512779,1.151012897,1.1512779
2026-08-04 00:45:00,1.151012897,1.151145339,1.151012897,1.151145339
2026-08-04 01:00:00,1.1512779,1.151675701,1.151145339,1.151145339
2026-08-04 01:15:00,1.15154314,1.15154314,1.1512779,1.1512779
2026-08-04 01:30:00,1.15154314,1.151808381,1.15141046,1.15141046
2026-08-04 01:45:00,1.150880456,1.15154314,1.150880456,1.15154314
2026-08-04 02:00:00,1.150880456,1.150880456,1.150615573,1.150748014
2026-08-04 02:15:00,1.151145339,1.1512779,1.150880456,1.150880456
2026-08-04 02:30:00,1.151808381,1.151808381,1.15141046,1.15141046
2026-08-04 02:45:00,1.15154314,1.151808381,1.15154314,1.151675701
2026-08-04 03:00:00,1.15154314,1.151675701,1.1512779,1.151675701
2026-08-04 03:15:00,1.1512779,1.151675701,1.1512779,1.151675701
2026-08-04 03:30:00,1.15154314,1.15154314,1.1512779,1.15141046
2026-08-04 03:45:00,1.151145339,1.15154314,1.151145339,1.15141046
2026-08-04 04:00:00,1.1512779,1.15141046,1.151145339,1.15141046
2026-08-04 04:15:00,1.15154314,1.15154314,1.15141046,1.15141046
2026-08-04 04:30:00,1.151145339,1.15154314,1.151145339,1.15154314
2026-08-04 04:45:00,1.151145339,1.1512779,1.151145339,1.151145339
2026-08-04 05:00:00,1.151012897,1.1512779,1.151012897,1.1512779
2026-08-04 05:15:00,1.151145339,1.151145339,1.151012897,1.151012897
2026-08-04 05:30:00,1.1512779,1.1512779,1.151145339,1.151145339
2026-08-04 05:45:00,1.1512779,1.15141046,1.151145339,1.1512779
2026-08-04 06:00:00,1.151012897,1.15141046,1.151012897,1.1512779
2026-08-04 06:15:00,1.1512779,1.1512779,1.151012897,1.151012897
2026-08-04 06:30:00,1.150880456,1.1512779,1.150880456,1.1512779
2026-08-04 06:45:00,1.151012897,1.151012897,1.150748014,1.150880456
2026-08-04 07:00:00,1.151145339,1.151145339,1.150748014,1.151012897
2026-08-04 07:15:00,1.151012897,1.1512779,1.151012897,1.151145339
2026-08-04 07:30:00,1.150748014,1.151145339,1.150748014,1.151012897
2026-08-04 07:45:00,1.151012897,1.151012897,1.150748014,1.150748014
2026-08-04 08:00:00,1.1512779,1.1512779,1.151145339,1.151145339
2026-08-04 08:15:00,1.15154314,1.151941061,1.15141046,1.15141046
2026-08-04 08:30:00,1.1512779,1.151675701,1.1512779,1.15154314
2026-08-04 08:45:00,1.15141046,1.15154314,1.1512779,1.15141046
2026-08-04 09:00:00,1.1512779,1.151675701,1.1512779,1.15154314
2026-08-04 09:15:00,1.15154314,1.15154314,1.151145339,1.1512779
2026-08-04 09:30:00,1.1512779,1.15141046,1.151012897,1.15141046
2026-08-04 09:45:00,1.151145339,1.1512779,1.151012897,1.151145339
2026-08-04 10:00:00,1.151012897,1.151145339,1.150748014,1.151145339
2026-08-04 10:15:00,1.15141046,1.15141046,1.151012897,1.151012897
2026-08-04 10:30:00,1.151145339,1.15141046,1.151145339,1.1512779
2026-08-04 10:45:00,1.151145339,1.1512779,1.150880456,1.151145339
2026-08-04 11:00:00,1.1512779,1.15141046,1.151145339,1.151145339
2026-08-04 11:15:00,1.1512779,1.1512779,1.151145339,1.1512779
2026-08-04 11:30:00,1.151675701,1.151675701,1.1512779,1.15141046
2026-08-04 11:45:00,1.151675701,1.152206421,1.151675701,1.151941061
2026-08-04 12:00:00,1.151941061,1.151941061,1.15154314,1.151675701
2026-08-04 12:15:00,1.15233922,1.15233922,1.151941061,1.151941061
2026-08-04 12:30:00,1.152604818,1.152604818,1.152206421,1.152206421
2026-08-04 12:45:00,1.151941061,1.152472019,1.151941061,1.152472019
2026-08-04 13:00:00,1.151808381,1.152073741,1.151808381,1.152073741
2026-08-04 13:15:00,1.151808381,1.152073741,1.151675701,1.151675701
2026-08-04 13:30:00,1.152472019,1.152604818,1.151941061,1.151941061
2026-08-04 13:45:00,1.151808381,1.15233922,1.151808381,1.15233922
2026-08-04 14:00:00,1.15154314,1.151808381,1.15154314,1.151808381
2026-08-04 14:15:00,1.151941061,1.152206421,1.15141046,1.151675701
2026-08-04 14:30:00,1.152737737,1.152870655,1.151941061,1.151941061
2026-08-04 14:45:00,1.152737737,1.152870655,1.152604818,1.152604818
2026-08-04 15:00:00,1.153269529,1.153402567,1.152604818,1.152737737
2026-08-04 15:15:00,1.153136492,1.153269529,1.153003573,1.153269529
2026-08-04 15:30:00,1.152737737,1.153136492,1.152737737,1.153003573
2026-08-04 15:45:00,1.152604818,1.152737737,1.15233922,1.152604818
2026-08-04 16:00:00,1.152206421,1.152870655,1.152206421,1.152737737
2026-08-04 16:15:00,1.152073741,1.152073741,1.151808381,1.152073741
2026-08-04 16:30:00,1.152472019,1.152472019,1.151941061,1.152073741
2026-08-04 16:45:00,1.152870655,1.153003573,1.15233922,1.152472019
2026-08-04 17:00:00,1.152472019,1.152870655,1.152472019,1.152870655
2026-08-04 17:15:00,1.15233922,1.152472019,1.15233922,1.152472019
2026-08-04 17:30:00,1.152206421,1.15233922,1.152073741,1.15233922
2026-08-04 17:45:00,1.152206421,1.152206421,1.152073741,1.152206421
2026-08-04 18:00:00,1.152604818,1.152604818,1.15233922,1.15233922
2026-08-04 18:15:00,1.152472019,1.152604818,1.15233922,1.152472019
2026-08-04 18:30:00,1.152870655,1.152870655,1.152472019,1.152472019
2026-08-04 18:45:00,1.152737737,1.152870655,1.152737737,1.152870655
2026-08-04 19:00:00,1.152737737,1.153003573,1.152604818,1.152737737
2026-08-04 19:15:00,1.152870655,1.152870655,1.152604818,1.152737737
2026-08-04 19:30:00,1.153003573,1.153003573,1.152870655,1.152870655
2026-08-04 19:45:00,1.153535604,1.153668642,1.153003573,1.153136492
2026-08-04 20:00:00,1.153402567,1.153668642,1.153402567,1.153535604
2026-08-04 20:15:00,1.153535604,1.153535604,1.153269529,1.153535604
2026-08-04 20:30:00,1.153535604,1.153535604,1.153402567,1.153535604
2026-08-04 20:45:00,1.153402567,1.153535604,1.153269529,1.153535604
2026-08-04 21:00:00,1.153535604,1.153535604,1.153402567,1.153402567
2026-08-04 21:15:00,1.153535604,1.153668642,1.153535604,1.153535604
2026-08-04 21:30:00,1.153402567,1.153668642,1.153402567,1.153535604
2026-08-04 21:45:00,1.153535604,1.153668642,1.153402567,1.153402567
2026-08-04 22:00:00,1.153136492,1.153269529,1.153003573,1.153136492
2026-08-04 22:15:00,1.153136492,1.153402567,1.153136492,1.153136492
2026-08-04 22:30:00,1.153402567,1.153402567,1.153136492,1.153269529
2026-08-04 22:45:00,1.153269529,1.153402567,1.153269529,1.153269529
2026-08-04 23:00:00,1.153535604,1.153535604,1.153402567,1.153402567
2026-08-04 23:15:00,1.153402567,1.153535604,1.153402567,1.153402567
2026-08-04 23:30:00,1.153535604,1.153535604,1.153402567,1.153402567
2026-08-04 23:45:00,1.153535604,1.153535604,1.153402567,1.153535604
2026-08-05 00:00:00,1.153535604,1.153668642,1.153402567,1.153535604
2026-08-05 00:15:00,1.153402567,1.153535604,1.153402567,1.153535604
2026-08-05 00:30:00,1.153402567,1.153402567,1.153269529,1.153402567
2026-08-05 00:45:00,1.153535604,1.153535604,1.153402567,1.153402567
2026-08-05 01:00:00,1.153668642,1.153801799,1.153535604,1.153535604
2026-08-05 01:15:00,1.153801799,1.153801799,1.153668642,1.153668642
2026-08-05 01:30:00,1.153668642,1.153801799,1.153668642,1.153801799
2026-08-05 01:45:00,1.153402567,1.153668642,1.153402567,1.153535604
2026-08-05 02:00:00,1.153402567,1.153535604,1.153269529,1.153269529
2026-08-05 02:15:00,1.153136492,1.153535604,1.153136492,1.153402567
2026-08-05 02:30:00,1.153136492,1.153269529,1.153136492,1.153269529
2026-08-05 02:45:00,1.153003573,1.153136492,1.153003573,1.153136492
2026-08-05 03:00:00,1.153269529,1.153402567,1.153136492,1.153136492
2026-08-05 03:15:00,1.153668642,1.153801799,1.153269529,1.153269529
2026-08-05 03:30:00,1.154334545,1.154334545,1.153668642,1.153668642
2026-08-05 03:45:00,1.153801799,1.154334545,1.153801799,1.154334545
2026-08-05 04:00:00,1.154334545,1.154467821,1.153801799,1.153801799
2026-08-05 04:15:00,1.154068112,1.154334545,1.154068112,1.154334545
2026-08-05 04:30:00,1.153934956,1.154068112,1.153934956,1.153934956
2026-08-05 04:45:00,1.154068112,1.154068112,1.153934956,1.153934956
2026-08-05 05:00:00,1.154201269,1.154201269,1.154068112,1.154068112
2026-08-05 05:15:00,1.154201269,1.154334545,1.154201269,1.154201269
2026-08-05 05:30:00,1.154068112,1.154334545,1.154068112,1.154201269
2026-08-05 05:45:00,1.153934956,1.154068112,1.153801799,1.154068112
2026-08-05 06:00:00,1.153668642,1.153801799,1.153535604,1.153801799
2026-08-05 06:15:00,1.153801799,1.153801799,1.153668642,1.153668642
2026-08-05 06:30:00,1.153934956,1.154068112,1.153801799,1.153801799
2026-08-05 06:45:00,1.153934956,1.154068112,1.153934956,1.153934956
2026-08-05 07:00:00,1.153934956,1.154068112,1.153801799,1.153801799
2026-08-05 07:15:00,1.153801799,1.153934956,1.153535604,1.153934956
2026-08-05 07:30:00,1.154601097,1.154601097,1.153668642,1.153668642
2026-08-05 07:45:00,1.154867768,1.154867768,1.154601097,1.154601097
2026-08-05 08:00:00,1.154201269,1.154867768,1.154068112,1.154867768
2026-08-05 08:15:00,1.153801799,1.154467821,1.153801799,1.154334545
2026-08-05 08:30:00,1.153934956,1.154068112,1.153934956,1.153934956
2026-08-05 08:45:00,1.154201269,1.154201269,1.153801799,1.153801799
2026-08-05 09:00:00,1.154068112,1.154334545,1.153934956,1.154334545
2026-08-05 09:15:00,1.154601097,1.154601097,1.154068112,1.154068112
2026-08-05 09:30:00,1.153801799,1.154734373,1.153668642,1.154734373
2026-08-05 09:45:00,1.153934956,1.154068112,1.153535604,1.153535604
2026-08-05 10:00:00,1.154068112,1.154068112,1.153668642,1.154068112
2026-08-05 10:15:00,1.154334545,1.154467821,1.153934956,1.153934956
2026-08-05 10:30:00,1.154467821,1.154601097,1.154334545,1.154334545
2026-08-05 10:45:00,1.154334545,1.154467821,1.154334545,1.154467821
2026-08-05 11:00:00,1.153934956,1.154334545,1.153801799,1.154334545
2026-08-05 11:15:00,1.154068112,1.154467821,1.153934956,1.153934956
2026-08-05 11:30:00,1.154068112,1.154201269,1.154068112,1.154201269
2026-08-05 11:45:00,1.154334545,1.154467821,1.153934956,1.154068112
2026-08-05 12:00:00,1.154867768,1.154867768,1.154467821,1.154467821
2026-08-05 12:15:00,1.155134559,1.155401587,1.154601097,1.154867768
2026-08-05 12:30:00,1.155668497,1.155802131,1.155134559,1.155134559
2026-08-05 12:45:00,1.155534983,1.155668497,1.155268073,1.155534983
2026-08-05 13:00:00,1.155534983,1.155802131,1.155534983,1.155668497
2026-08-05 13:15:00,1.155668497,1.155935645,1.155668497,1.155802131
2026-08-05 13:30:00,1.155134559,1.155802131,1.155134559,1.155668497
2026-08-05 13:45:00,1.154867768,1.155268073,1.154867768,1.155134559
2026-08-05 14:00:00,1.154867768,1.155134559,1.154601097,1.154734373
2026-08-05 14:15:00,1.155534983,1.155668497,1.155001163,1.155001163
2026-08-05 14:30:00,1.155001163,1.155668497,1.154867768,1.155534983
2026-08-05 14:45:00,1.154734373,1.154867768,1.154467821,1.154734373
2026-08-05 15:00:00,1.155668497,1.155802131,1.154867768,1.155134559
2026-08-05 15:15:00,1.155401587,1.155935645,1.155401587,1.155802131
2026-08-05 15:30:00,1.155534983,1.155534983,1.155134559,1.155268073
2026-08-05 15:45:00,1.155668497,1.155668497,1.155001163,1.155268073
2026-08-05 16:00:00,1.155268073,1.155935645,1.155268073,1.155802131
2026-08-05 16:15:00,1.155001163,1.155134559,1.155001163,1.155134559
2026-08-05 16:30:00,1.155268073,1.155401587,1.154734373,1.154867768
2026-08-05 16:45:00,1.155001163,1.155268073,1.154601097,1.155134559
2026-08-05 17:00:00,1.155001163,1.155134559,1.154734373,1.155134559
2026-08-05 17:15:00,1.155134559,1.155134559,1.155001163,1.155001163
2026-08-05 17:30:00,1.154867768,1.155134559,1.154734373,1.155134559
2026-08-05 17:45:00,1.154867768,1.155001163,1.154734373,1.154867768
2026-08-05 18:00:00,1.154734373,1.155001163,1.154734373,1.155001163
2026-08-05 18:15:00,1.155268073,1.155268073,1.154867768,1.154867768
2026-08-05 18:30:00,1.155668497,1.155668497,1.155134559,1.155134559
2026-08-05 18:45:00,1.155935645,1.156069398,1.155668497,1.155802131
2026-08-05 19:00:00,1.155935645,1.156203032,1.155935645,1.155935645
2026-08-05 19:15:00,1.156203032,1.156203032,1.155802131,1.155802131
2026-08-05 19:30:00,1.155802131,1.156203032,1.155802131,1.156203032
2026-08-05 19:45:00,1.155802131,1.155802131,1.155802131,1.155802131
2026-08-05 20:00:00,1.155534983,1.155802131,1.155401587,1.155802131
2026-08-05 20:15:00,1.155134559,1.155401587,1.155134559,1.155401587
2026-08-05 20:30:00,1.155268073,1.155401587,1.155268073,1.155268073
2026-08-05 20:45:00,1.155401587,1.155534983,1.155268073,1.155401587
2026-08-05 21:00:00,1.155401587,1.155668497,1.155401587,1.155668497
2026-08-05 21:15:00,1.155401587,1.155534983,1.155268073,1.155268073
2026-08-05 21:30:00,1.155534983,1.155668497,1.155534983,1.155534983
2026-08-05 21:45:00,1.155668497,1.155668497,1.155534983,1.155534983
2026-08-05 22:00:00,1.155401587,1.156336784,1.155401587,1.156336784
2026-08-05 22:15:00,1.155668497,1.155802131,1.155401587,1.155534983
2026-08-05 22:30:00,1.155802131,1.155802131,1.155401587,1.155534983
2026-08-05 22:45:00,1.155534983,1.155802131,1.155534983,1.155534983
2026-08-05 23:00:00,1.155668497,1.155802131,1.155534983,1.155668497
2026-08-05 23:15:00,1.155802131,1.155935645,1.155668497,1.155668497
2026-08-05 23:30:00,1.155802131,1.155802131,1.155668497,1.155802131
2026-08-05 23:45:00,1.155802131,1.155802131,1.155802131,1.155802131
2026-08-06 00:00:00,1.155935645,1.155935645,1.155802131,1.155802131
2026-08-06 00:15:00,1.155802131,1.155935645,1.155802131,1.155935645
2026-08-06 00:30:00,1.155935645,1.155935645,1.155802131,1.155802131
2026-08-06 00:45:00,1.156069398,1.156203032,1.155935645,1.156069398
2026-08-06 01:00:00,1.155802131,1.155935645,1.155802131,1.155935645
2026-08-06 01:15:00,1.155935645,1.156069398,1.155935645,1.155935645
2026-08-06 01:30:00,1.155935645,1.156203032,1.155935645,1.155935645
2026-08-06 01:45:00,1.155935645,1.156203032,1.155935645,1.156069398
2026-08-06 02:00:00,1.155935645,1.156069398,1.155668497,1.155935645
2026-08-06 02:15:00,1.155802131,1.156069398,1.155802131,1.155802131
2026-08-06 02:30:00,1.155935645,1.156069398,1.155802131,1.155802131
2026-08-06 02:45:00,1.155802131,1.155935645,1.155802131,1.155935645
2026-08-06 03:00:00,1.155935645,1.156069398,1.155802131,1.155935645
2026-08-06 03:15:00,1.155935645,1.156069398,1.155802131,1.155935645
2026-08-06 03:30:00,1.156069398,1.156069398,1.155802131,1.155802131
2026-08-06 03:45:00,1.155668497,1.156069398,1.155668497,1.156069398
2026-08-06 04:00:00,1.155534983,1.155668497,1.155534983,1.155668497
2026-08-06 04:15:00,1.155401587,1.155534983,1.155268073,1.155534983
2026-08-06 04:30:00,1.155134559,1.155401587,1.155134559,1.155401587
2026-08-06 04:45:00,1.155268073,1.155401587,1.155001163,1.155134559
2026-08-06 05:00:00,1.155268073,1.155268073,1.155134559,1.155134559
2026-08-06 05:15:00,1.155134559,1.155268073,1.155134559,1.155268073
2026-08-06 05:30:00,1.155134559,1.155268073,1.155134559,1.155268073
2026-08-06 05:45:00,1.155268073,1.155268073,1.155001163,1.155134559
2026-08-06 06:00:00,1.154867768,1.155268073,1.154867768,1.155268073
2026-08-06 06:15:00,1.154867768,1.155001163,1.154867768,1.154867768
2026-08-06 06:30:00,1.155268073,1.155268073,1.154867768,1.154867768
2026-08-06 06:45:00,1.155268073,1.155401587,1.155134559,1.155134559
2026-08-06 07:00:00,1.155001163,1.155534983,1.155001163,1.155534983
2026-08-06 07:15:00,1.155001163,1.155134559,1.154867768,1.155001163
2026-08-06 07:30:00,1.154867768,1.155001163,1.154734373,1.155001163
2026-08-06 07:45:00,1.154867768,1.155001163,1.154734373,1.155001163
2026-08-06 08:00:00,1.154867768,1.154867768,1.154601097,1.154867768
2026-08-06 08:15:00,1.154867768,1.155001163,1.154734373,1.154867768
2026-08-06 08:30:00,1.154867768,1.154867768,1.154601097,1.154734373
2026-08-06 08:45:00,1.154734373,1.154867768,1.154467821,1.154601097
2026-08-06 09:00:00,1.154601097,1.154867768,1.154334545,1.154734373
2026-08-06 09:15:00,1.154467821,1.154734373,1.154467821,1.154734373
2026-08-06 09:30:00,1.154601097,1.154734373,1.154334545,1.154467821
2026-08-06 09:45:00,1.154601097,1.154734373,1.154467821,1.154601097
2026-08-06 10:00:00,1.154734373,1.154734373,1.154467821,1.154601097
2026-08-06 10:15:00,1.154601097,1.154601097,1.154467821,1.154601097
2026-08-06 10:30:00,1.154068112,1.154601097,1.154068112,1.154601097
2026-08-06 10:45:00,1.154201269,1.154334545,1.154068112,1.154068112
2026-08-06 11:00:00,1.154068112,1.154334545,1.154068112,1.154201269
2026-08-06 11:15:00,1.154467821,1.154467821,1.153934956,1.153934956
2026-08-06 11:30:00,1.154467821,1.154601097,1.154334545,1.154601097
2026-08-06 11:45:00,1.154467821,1.154601097,1.154334545,1.154467821
2026-08-06 12:00:00,1.154601097,1.154867768,1.154601097,1.154601097
2026-08-06 12:15:00,1.154867768,1.155001163,1.154601097,1.154734373
2026-08-06 12:30:00,1.154201269,1.154867768,1.154201269,1.154867768
2026-08-06 12:45:00,1.154867768,1.154867768,1.154201269,1.154201269
2026-08-06 13:00:00,1.154334545,1.154867768,1.154201269,1.154734373
2026-08-06 13:15:00,1.154601097,1.154734373,1.154467821,1.154467821
2026-08-06 13:30:00,1.154467821,1.154867768,1.154334545,1.154601097
2026-08-06 13:45:00,1.154201269,1.154601097,1.154068112,1.154601097
2026-08-06 14:00:00,1.154201269,1.154467821,1.153934956,1.154334545
2026-08-06 14:15:00,1.154201269,1.154334545,1.154068112,1.154201269
2026-08-06 14:30:00,1.154601097,1.154734373,1.154201269,1.154201269
2026-08-06 14:45:00,1.154734373,1.154734373,1.154201269,1.154467821
2026-08-06 15:00:00,1.153801799,1.154734373,1.153668642,1.154734373
2026-08-06 15:15:00,1.153801799,1.154201269,1.153801799,1.153934956
2026-08-06 15:30:00,1.153934956,1.154068112,1.153668642,1.153934956
2026-08-06 15:45:00,1.153801799,1.153801799,1.153402567,1.153801799
2026-08-06 16:00:00,1.153269529,1.153801799,1.153269529,1.153801799
2026-08-06 16:15:00,1.152737737,1.153136492,1.152472019,1.153136492
2026-08-06 16:30:00,1.152604818,1.152604818,1.15233922,1.152604818
2026-08-06 16:45:00,1.152472019,1.152737737,1.152206421,1.152737737
2026-08-06 17:00:00,1.15233922,1.152604818,1.152206421,1.15233922
2026-08-06 17:15:00,1.15233922,1.15233922,1.151941061,1.152206421
2026-08-06 17:30:00,1.152073741,1.15233922,1.152073741,1.152206421
2026-08-06 17:45:00,1.15233922,1.152472019,1.152206421,1.152206421
2026-08-06 18:00:00,1.15233922,1.152472019,1.152206421,1.152472019
2026-08-06 18:15:00,1.15233922,1.15233922,1.152073741,1.152206421
2026-08-06 18:30:00,1.152206421,1.15233922,1.152206421,1.152206421
2026-08-06 18:45:00,1.152604818,1.152604818,1.152206421,1.152206421
2026-08-06 19:00:00,1.152737737,1.152737737,1.152604818,1.152604818
2026-08-06 19:15:00,1.152604818,1.152737737,1.152604818,1.152737737
2026-08-06 19:30:00,1.152604818,1.152604818,1.152472019,1.152604818
2026-08-06 19:45:00,1.152737737,1.152737737,1.152472019,1.152472019
2026-08-06 20:00:00,1.152604818,1.152870655,1.152604818,1.152737737
2026-08-06 20:15:00,1.152206421,1.152737737,1.152206421,1.152604818
2026-08-06 20:30:00,1.152206421,1.152472019,1.152206421,1.15233922
2026-08-06 20:45:00,1.152604818,1.152870655,1.152206421,1.15233922
2026-08-06 21:00:00,1.152472019,1.152737737,1.152472019,1.152604818
2026-08-06 21:15:00,1.15233922,1.152472019,1.152206421,1.152472019
2026-08-06 21:30:00,1.152472019,1.152604818,1.15233922,1.152472019
2026-08-06 21:45:00,1.152737737,1.152737737,1.152472019,1.152472019
2026-08-06 22:00:00,1.152472019,1.153003573,1.15233922,1.153003573
2026-08-06 22:15:00,1.152737737,1.152737737,1.152206421,1.152472019
2026-08-06 22:30:00,1.152206421,1.152604818,1.152206421,1.152604818
2026-08-06 22:45:00,1.152472019,1.152604818,1.15233922,1.15233922
2026-08-06 23:00:00,1.152472019,1.152604818,1.152472019,1.152604818
2026-08-06 23:15:00,1.152604818,1.152604818,1.152472019,1.152604818
2026-08-06 23:30:00,1.152604818,1.152604818,1.152472019,1.152472019
2026-08-06 23:45:00,1.152472019,1.152604818,1.152472019,1.152604818
2026-08-07 00:00:00,1.152604818,1.152604818,1.152604818,1.152604818
2026-08-07 00:15:00,1.152737737,1.152737737,1.152604818,1.152737737
2026-08-07 00:30:00,1.152737737,1.152737737,1.152604818,1.152604818
2026-08-07 00:45:00,1.152737737,1.152737737,1.152737737,1.152737737
2026-08-07 01:00:00,1.152472019,1.152737737,1.152472019,1.152604818
2026-08-07 01:15:00,1.152472019,1.152604818,1.15233922,1.15233922
2026-08-07 01:30:00,1.152472019,1.152604818,1.15233922,1.152472019
2026-08-07 01:45:00,1.152206421,1.152472019,1.152206421,1.152472019
2026-08-07 02:00:00,1.152604818,1.152604818,1.152206421,1.15233922
2026-08-07 02:15:00,1.152472019,1.152604818,1.152472019,1.152472019
2026-08-07 02:30:00,1.152870655,1.152870655,1.15233922,1.152472019
2026-08-07 02:45:00,1.152472019,1.152870655,1.152472019,1.152870655
2026-08-07 03:00:00,1.152472019,1.152604818,1.152472019,1.152604818
2026-08-07 03:15:00,1.152604818,1.152604818,1.152472019,1.152472019
2026-08-07 03:30:00,1.152472019,1.152604818,1.152472019,1.152472019
2026-08-07 03:45:00,1.152472019,1.152737737,1.152472019,1.152472019
2026-08-07 04:00:00,1.152472019,1.152604818,1.15233922,1.152472019
2026-08-07 04:15:00,1.152472019,1.152472019,1.15233922,1.15233922
2026-08-07 04:30:00,1.152472019,1.152604818,1.152472019,1.152472019
2026-08-07 04:45:00,1.152604818,1.152604818,1.152472019,1.152472019
2026-08-07 05:00:00,1.152604818,1.152604818,1.152472019,1.152604818
2026-08-07 05:15:00,1.152604818,1.152604818,1.152472019,1.152604818
2026-08-07 05:30:00,1.152737737,1.152737737,1.152604818,1.152604818
2026-08-07 05:45:00,1.152737737,1.152737737,1.152604818,1.152737737
2026-08-07 06:00:00,1.152870655,1.152870655,1.152737737,1.152737737
2026-08-07 06:15:00,1.152472019,1.152870655,1.152472019,1.152870655
2026-08-07 06:30:00,1.152604818,1.152737737,1.152472019,1.152472019
2026-08-07 06:45:00,1.152604818,1.152737737,1.152604818,1.152737737
2026-08-07 07:00:00,1.152604818,1.152737737,1.152472019,1.152737737
2026-08-07 07:15:00,1.152737737,1.152870655,1.152604818,1.152737737
2026-08-07 07:30:00,1.152604818,1.152737737,1.152472019,1.152737737
2026-08-07 07:45:00,1.152604818,1.152737737,1.152472019,1.152604818
2026-08-07 08:00:00,1.152604818,1.152737737,1.152206421,1.152472019
2026-08-07 08:15:00,1.152604818,1.152737737,1.152604818,1.152737737
2026-08-07 08:30:00,1.15233922,1.152604818,1.15233922,1.152604818
2026-08-07 08:45:00,1.152604818,1.152604818,1.15233922,1.15233922
2026-08-07 09:00:00,1.152206421,1.152604818,1.152206421,1.152604818
2026-08-07 09:15:00,1.15233922,1.152472019,1.15233922,1.15233922
2026-08-07 09:30:00,1.152737737,1.152737737,1.15233922,1.15233922
2026-08-07 09:45:00,1.152604818,1.152870655,1.152604818,1.152737737
2026-08-07 10:00:00,1.153136492,1.153136492,1.152737737,1.152737737
2026-08-07 10:15:00,1.153136492,1.153269529,1.153003573,1.153269529
2026-08-07 10:30:00,1.153136492,1.153136492,1.153003573,1.153003573
2026-08-07 10:45:00,1.153136492,1.153402567,1.153136492,1.153136492
2026-08-07 11:00:00,1.153003573,1.153269529,1.153003573,1.153269529
2026-08-07 11:15:00,1.153136492,1.153136492,1.153003573,1.153136492
2026-08-07 11:30:00,1.152870655,1.153136492,1.152870655,1.153136492
2026-08-07 11:45:00,1.153003573,1.153269529,1.153003573,1.153003573
2026-08-07 12:00:00,1.153136492,1.153269529,1.153136492,1.153136492
2026-08-07 12:15:00,1.153003573,1.153269529,1.153003573,1.153136492
2026-08-07 12:30:00,1.153535604,1.153535604,1.153003573,1.153003573
2026-08-07 12:45:00,1.153668642,1.153668642,1.153535604,1.153535604
2026-08-07 13:00:00,1.153801799,1.154068112,1.153801799,1.153801799
2026-08-07 13:15:00,1.153402567,1.153801799,1.153269529,1.153801799
2026-08-07 13:30:00,1.157675385,1.157809496,1.156336784,1.156738043
2026-08-07 13:45:00,1.157675385,1.158211708,1.157541394,1.158211708
2026-08-07 14:00:00,1.157809496,1.157809496,1.15713954,1.157675385
2026-08-07 14:15:00,1.157407403,1.157675385,1.157005668,1.157541394
2026-08-07 14:30:00,1.157541394,1.157675385,1.156604171,1.157273531
2026-08-07 14:45:00,1.156069398,1.157541394,1.156069398,1.157541394
2026-08-07 15:00:00,1.156069398,1.156203032,1.155668497,1.156069398
2026-08-07 15:15:00,1.156069398,1.156738043,1.156069398,1.156069398
2026-08-07 15:30:00,1.155534983,1.156336784,1.155534983,1.155935645
2026-08-07 15:45:00,1.155668497,1.155802131,1.155401587,1.155668497
2026-08-07 16:00:00,1.156470418,1.156470418,1.155401587,1.155802131
2026-08-07 16:15:00,1.156069398,1.156738043,1.156069398,1.156336784
2026-08-07 16:30:00,1.156470418,1.156470418,1.155802131,1.155935645
2026-08-07 16:45:00,1.156203032,1.156604171,1.156069398,1.156470418
2026-08-07 17:00:00,1.156871796,1.156871796,1.156203032,1.156203032
2026-08-07 17:15:00,1.156604171,1.156738043,1.156470418,1.156738043
2026-08-07 17:30:00,1.156604171,1.156738043,1.156470418,1.156604171
2026-08-07 17:45:00,1.156203032,1.157005668,1.156203032,1.156738043
2026-08-07 18:00:00,1.156470418,1.156470418,1.156203032,1.156203032
2026-08-07 18:15:00,1.156470418,1.156604171,1.156336784,1.156470418
2026-08-07 18:30:00,1.156604171,1.156604171,1.156336784,1.156470418
2026-08-07 18:45:00,1.156470418,1.156604171,1.156470418,1.156604171
2026-08-07 19:00:00,1.156470418,1.156604171,1.156203032,1.156336784
2026-08-07 19:15:00,1.156470418,1.156604171,1.156336784,1.156470418
2026-08-07 19:30:00,1.156738043,1.156738043,1.156604171,1.156604171
2026-08-07 19:45:00,1.156738043,1.157005668,1.156738043,1.156738043
2026-08-07 20:00:00,1.156738043,1.157005668,1.156738043,1.156871796
2026-08-07 20:15:00,1.157273531,1.157273531,1.156871796,1.156871796
2026-08-07 20:30:00,1.157005668,1.157273531,1.157005668,1.157273531
2026-08-07 20:45:00,1.156470418,1.157005668,1.156470418,1.157005668
2026-08-07 21:00:00,1.156203032,1.156470418,1.156203032,1.156470418
2026-08-07 21:15:00,1.156069398,1.156203032,1.155935645,1.156203032
2026-08-07 21:30:00,1.156203032,1.156203032,1.155935645,1.155935645
2026-08-07 21:45:00,1.156069398,1.156336784,1.155935645,1.156069398
2026-08-07 22:00:00,1.156203032,1.156203032,1.156203032,1.156203032
2026-08-07 22:15:00,1.156203032,1.156203032,1.156203032,1.156203032
2026-08-10 00:00:00,1.156069398,1.156069398,1.155935645,1.155935645
2026-08-10 00:15:00,1.156069398,1.156203032,1.156069398,1.156203032
2026-08-10 00:30:00,1.156069398,1.156069398,1.155802131,1.156069398
2026-08-10 00:45:00,1.155935645,1.156203032,1.155935645,1.156203032
2026-08-10 01:00:00,1.156203032,1.156203032,1.155935645,1.156069398
2026-08-10 01:15:00,1.155935645,1.156203032,1.155802131,1.156203032
2026-08-10 01:30:00,1.155802131,1.155935645,1.155802131,1.155935645
2026-08-10 01:45:00,1.156069398,1.156203032,1.155802131,1.155802131
2026-08-10 02:00:00,1.155802131,1.156203032,1.155668497,1.156203032
2026-08-10 02:15:00,1.155935645,1.155935645,1.155802131,1.155802131
2026-08-10 02:30:00,1.155802131,1.155802131,1.155534983,1.155802131
2026-08-10 02:45:00,1.155668497,1.155802131,1.155668497,1.155668497
2026-08-10 03:00:00,1.155668497,1.155802131,1.155668497,1.155802131
2026-08-10 03:15:00,1.155802131,1.155802131,1.155668497,1.155668497
2026-08-10 03:30:00,1.155534983,1.155802131,1.155534983,1.155802131
2026-08-10 03:45:00,1.155534983,1.155668497,1.155534983,1.155534983
2026-08-10 04:00:00,1.155401587,1.155534983,1.155401587,1.155534983
2026-08-10 04:15:00,1.155401587,1.155534983,1.155401587,1.155401587
2026-08-10 04:30:00,1.155268073,1.155401587,1.155268073,1.155401587
2026-08-10 04:45:00,1.155268073,1.155401587,1.155268073,1.155268073
2026-08-10 05:00:00,1.155268073,1.155268073,1.155134559,1.155268073
2026-08-10 05:15:00,1.155401587,1.155401587,1.155268073,1.155268073
2026-08-10 05:30:00,1.155268073,1.155268073,1.155134559,1.155268073
2026-08-10 05:45:00,1.155534983,1.155534983,1.155401587,1.155401587
2026-08-10 06:00:00,1.155401587,1.155668497,1.155401587,1.155534983
2026-08-10 06:15:00,1.155401587,1.155534983,1.155401587,1.155401587
2026-08-10 06:30:00,1.155534983,1.155668497,1.155401587,1.155401587
2026-08-10 06:45:00,1.155802131,1.155935645,1.155534983,1.155534983
2026-08-10 07:00:00,1.155668497,1.155802131,1.155668497,1.155802131
2026-08-10 07:15:00,1.155935645,1.155935645,1.155802131,1.155802131
2026-08-10 07:30:00,1.155802131,1.155935645,1.155802131,1.155802131
2026-08-10 07:45:00,1.155802131,1.155802131,1.155668497,1.155802131
2026-08-10 08:00:00,1.155802131,1.155935645,1.155534983,1.155668497
2026-08-10 08:15:00,1.155935645,1.156069398,1.155668497,1.155668497
2026-08-10 08:30:00,1.156470418,1.156470418,1.155935645,1.156069398
2026-08-10 08:45:00,1.156470418,1.156871796,1.156203032,1.156871796
2026-08-10 09:00:00,1.156738043,1.156738043,1.156336784,1.156336784
2026-08-10 09:15:00,1.156738043,1.156871796,1.156738043,1.156871796
2026-08-10 09:30:00,1.156604171,1.156871796,1.156604171,1.156871796
2026-08-10 09:45:00,1.156470418,1.156604171,1.156470418,1.156604171
2026-08-10 10:00:00,1.156604171,1.156604171,1.156336784,1.156336784
2026-08-10 10:15:00,1.156604171,1.156738043,1.156470418,1.156738043
2026-08-10 10:30:00,1.156203032,1.156604171,1.156069398,1.156604171
2026-08-10 10:45:00,1.156069398,1.156336784,1.156069398,1.156336784
2026-08-10 11:00:00,1.155935645,1.155935645,1.155802131,1.155935645
2026-08-10 11:15:00,1.155935645,1.156069398,1.155935645,1.155935645
2026-08-10 11:30:00,1.155935645,1.156069398,1.155802131,1.156069398
2026-08-10 11:45:00,1.155935645,1.156069398,1.155802131,1.155935645
2026-08-10 12:00:00,1.155401587,1.155935645,1.155401587,1.155802131
2026-08-10 12:15:00,1.155401587,1.155668497,1.155401587,1.155534983
2026-08-10 12:30:00,1.155534983,1.155534983,1.155401587,1.155401587
2026-08-10 12:45:00,1.155534983,1.155534983,1.155268073,1.155401587
2026-08-10 13:00:00,1.155534983,1.155802131,1.155401587,1.155534983
2026-08-10 13:15:00,1.155134559,1.155534983,1.155134559,1.155401587
2026-08-10 13:30:00,1.155001163,1.155268073,1.155001163,1.155134559
2026-08-10 13:45:00,1.155134559,1.155268073,1.155001163,1.155001163
2026-08-10 14:00:00,1.155534983,1.155534983,1.154867768,1.155134559
2026-08-10 14:15:00,1.155668497,1.155668497,1.155401587,1.155534983
2026-08-10 14:30:00,1.155268073,1.155534983,1.155268073,1.155534983
2026-08-10 14:45:00,1.154867768,1.155134559,1.154734373,1.155134559
2026-08-10 15:00:00,1.155268073,1.155268073,1.154867768,1.154867768
2026-08-10 15:15:00,1.155668497,1.155668497,1.155134559,1.155268073
2026-08-10 15:30:00,1.155802131,1.155802131,1.155534983,1.155534983
2026-08-10 15:45:00,1.155401587,1.155802131,1.155401587,1.155802131
2026-08-10 16:00:00,1.155401587,1.155534983,1.155134559,1.155534983
2026-08-10 16:15:00,1.155134559,1.155668497,1.155001163,1.155534983
2026-08-10 16:30:00,1.155001163,1.155268073,1.155001163,1.155268073
2026-08-10 16:45:00,1.155534983,1.155534983,1.155001163,1.155001163
2026-08-10 17:00:00,1.155668497,1.155802131,1.155534983,1.155534983
2026-08-10 17:15:00,1.155534983,1.155534983,1.155268073,1.155534983
2026-08-10 17:30:00,1.155134559,1.155668497,1.155134559,1.155534983
2026-08-10 17:45:00,1.155134559,1.155134559,1.154867768,1.155001163
2026-08-10 18:00:00,1.154734373,1.155134559,1.154734373,1.155001163
2026-08-10 18:15:00,1.154734373,1.154867768,1.154467821,1.154867768
2026-08-10 18:30:00,1.154867768,1.155001163,1.154867768,1.154867768
2026-08-10 18:45:00,1.154601097,1.154867768,1.154601097,1.154867768
2026-08-10 19:00:00,1.154734373,1.154734373,1.154601097,1.154601097
2026-08-10 19:15:00,1.154601097,1.154734373,1.154467821,1.154734373
2026-08-10 19:30:00,1.154867768,1.154867768,1.154601097,1.154601097
2026-08-10 19:45:00,1.154601097,1.154734373,1.154334545,1.154734373
2026-08-10 20:00:00,1.154467821,1.154467821,1.154334545,1.154467821
2026-08-10 20:15:00,1.154467821,1.154601097,1.154467821,1.154467821
2026-08-10 20:30:00,1.154601097,1.154601097,1.154467821,1.154601097
2026-08-10 20:45:00,1.154467821,1.154601097,1.154467821,1.154601097
2026-08-10 21:00:00,1.154601097,1.154601097,1.154467821,1.154467821
2026-08-10 21:15:00,1.154467821,1.154601097,1.154467821,1.154601097
2026-08-10 21:30:00,1.154601097,1.154601097,1.154467821,1.154467821
2026-08-10 21:45:00,1.154601097,1.154601097,1.154467821,1.154601097
2026-08-10 22:00:00,1.154601097,1.154867768,1.154334545,1.154601097
2026-08-10 22:15:00,1.154734373,1.154734373,1.154601097,1.154734373
2026-08-10 22:30:00,1.154601097,1.154734373,1.154467821,1.154601097
2026-08-10 22:45:00,1.154467821,1.154734373,1.154467821,1.154734373
2026-08-10 23:00:00,1.154601097,1.154734373,1.154601097,1.154734373
2026-08-10 23:15:00,1.154601097,1.154601097,1.154467821,1.154601097
2026-08-10 23:30:00,1.154734373,1.154734373,1.154601097,1.154601097
2026-08-10 23:45:00,1.154734373,1.154734373,1.154601097,1.154601097
2026-08-11 00:00:00,1.154601097,1.154734373,1.154601097,1.154734373
2026-08-11 00:15:00,1.154601097,1.154734373,1.154601097,1.154601097
2026-08-11 00:30:00,1.154601097,1.154601097,1.154601097,1.154601097
2026-08-11 00:45:00,1.155001163,1.155001163,1.154734373,1.154734373
2026-08-11 01:00:00,1.155001163,1.155001163,1.154867768,1.155001163
2026-08-11 01:15:00,1.155134559,1.155134559,1.155001163,1.155001163
2026-08-11 01:30:00,1.155268073,1.155268073,1.155001163,1.155268073
2026-08-11 01:45:00,1.155001163,1.155268073,1.155001163,1.155268073
2026-08-11 02:00:00,1.155001163,1.155001163,1.154601097,1.154867768
2026-08-11 02:15:00,1.155134559,1.155268073,1.155001163,1.155001163
2026-08-11 02:30:00,1.155001163,1.155268073,1.155001163,1.155134559
2026-08-11 02:45:00,1.155001163,1.155268073,1.155001163,1.155001163
2026-08-11 03:00:00,1.154867768,1.155001163,1.154734373,1.155001163
2026-08-11 03:15:00,1.154467821,1.154867768,1.154467821,1.154867768
2026-08-11 03:30:00,1.154601097,1.154601097,1.154467821,1.154467821
2026-08-11 03:45:00,1.154334545,1.154467821,1.154201269,1.154467821
2026-08-11 04:00:00,1.154467821,1.154467821,1.154334545,1.154334545
2026-08-11 04:15:00,1.154734373,1.154734373,1.154467821,1.154467821
2026-08-11 04:30:00,1.154734373,1.154867768,1.154734373,1.154867768
2026-08-11 04:45:00,1.154601097,1.154734373,1.154601097,1.154734373
2026-08-11 05:00:00,1.154734373,1.154734373,1.154601097,1.154601097
2026-08-11 05:15:00,1.154867768,1.154867768,1.154734373,1.154734373
2026-08-11 05:30:00,1.154467821,1.154867768,1.154334545,1.154734373
2026-08-11 05:45:00,1.154601097,1.154601097,1.154334545,1.154467821
2026-08-11 06:00:00,1.154467821,1.154601097,1.154467821,1.154467821
2026-08-11 06:15:00,1.154467821,1.154467821,1.154334545,1.154467821
2026-08-11 06:30:00,1.154601097,1.154601097,1.154467821,1.154467821
2026-08-11 06:45:00,1.154467821,1.154601097,1.154201269,1.154601097
2026-08-11 07:00:00,1.154467821,1.154601097,1.154334545,1.154467821
2026-08-11 07:15:00,1.154068112,1.154467821,1.153934956,1.154467821
2026-08-11 07:30:00,1.154068112,1.154068112,1.153668642,1.154068112
2026-08-11 07:45:00,1.153934956,1.153934956,1.153801799,1.153934956
2026-08-11 08:00:00,1.154201269,1.154334545,1.154068112,1.154068112
2026-08-11 08:15:00,1.154068112,1.154201269,1.153934956,1.154068112
2026-08-11 08:30:00,1.153668642,1.154068112,1.153668642,1.154068112
2026-08-11 08:45:00,1.153535604,1.153801799,1.153535604,1.153668642
2026-08-11 09:00:00,1.153668642,1.153668642,1.153535604,1.153535604
2026-08-11 09:15:00,1.153668642,1.153668642,1.153535604,1.153535604
2026-08-11 09:30:00,1.154068112,1.154201269,1.153801799,1.153801799
2026-08-11 09:45:00,1.153934956,1.154201269,1.153934956,1.154068112
2026-08-11 10:00:00,1.153801799,1.153934956,1.153801799,1.153934956
2026-08-11 10:15:00,1.153668642,1.153801799,1.153668642,1.153801799
2026-08-11 10:30:00,1.153801799,1.153801799,1.153668642,1.153668642
2026-08-11 10:45:00,1.153934956,1.154068112,1.153668642,1.153668642
2026-08-11 11:00:00,1.153934956,1.154201269,1.153801799,1.153934956
2026-08-11 11:15:00,1.153934956,1.154068112,1.153668642,1.153934956
2026-08-11 11:30:00,1.153934956,1.154201269,1.153934956,1.153934956
2026-08-11 11:45:00,1.153934956,1.153934956,1.153801799,1.153934956
2026-08-11 12:00:00,1.154334545,1.154601097,1.153934956,1.153934956
2026-08-11 12:15:00,1.154201269,1.154467821,1.154201269,1.154467821
2026-08-11 12:30:00,1.154068112,1.154201269,1.154068112,1.154201269
2026-08-11 12:45:00,1.154068112,1.154068112,1.153934956,1.153934956
2026-08-11 13:00:00,1.154068112,1.154334545,1.153934956,1.154068112
2026-08-11 13:15:00,1.153934956,1.154201269,1.153801799,1.154068112
2026-08-11 13:30:00,1.154334545,1.154467821,1.154068112,1.154068112
2026-08-11 13:45:00,1.154601097,1.154601097,1.154334545,1.154467821
2026-08-11 14:00:00,1.154467821,1.154734373,1.154467821,1.154734373
2026-08-11 14:15:00,1.154601097,1.154734373,1.154467821,1.154467821
2026-08-11 14:30:00,1.154734373,1.154734373,1.154334545,1.154467821
2026-08-11 14:45:00,1.154734373,1.155134559,1.154734373,1.155001163
2026-08-11 15:00:00,1.154467821,1.154601097,1.154334545,1.154601097
2026-08-11 15:15:00,1.154201269,1.154601097,1.154201269,1.154467821
2026-08-11 15:30:00,1.154601097,1.154601097,1.154201269,1.154201269
2026-08-11 15:45:00,1.154601097,1.154601097,1.154334545,1.154601097
2026-08-11 16:00:00,1.154201269,1.154734373,1.154201269,1.154601097
2026-08-11 16:15:00,1.154334545,1.154334545,1.154068112,1.154068112
2026-08-11 16:30:00,1.154068112,1.154467821,1.154068112,1.154334545
2026-08-11 16:45:00,1.154601097,1.154601097,1.154201269,1.154201269
2026-08-11 17:00:00,1.154467821,1.154601097,1.154334545,1.154601097
2026-08-11 17:15:00,1.154467821,1.154467821,1.154334545,1.154467821
2026-08-11 17:30:00,1.154467821,1.154601097,1.154467821,1.154467821
2026-08-11 17:45:00,1.154334545,1.154467821,1.154334545,1.154467821
2026-08-11 18:00:00,1.153934956,1.154334545,1.153934956,1.154201269
2026-08-11 18:15:00,1.153934956,1.154068112,1.153801799,1.153934956
2026-08-11 18:30:00,1.154068112,1.154201269,1.153801799,1.153934956
2026-08-11 18:45:00,1.154068112,1.154201269,1.154068112,1.154068112
2026-08-11 19:00:00,1.153934956,1.154068112,1.153934956,1.154068112
2026-08-11 19:15:00,1.154068112,1.154068112,1.153934956,1.153934956
2026-08-11 19:30:00,1.154467821,1.154467821,1.153934956,1.153934956
2026-08-11 19:45:00,1.154334545,1.154601097,1.154334545,1.154467821
2026-08-11 20:00:00,1.154601097,1.154601097,1.154334545,1.154467821
2026-08-11 20:15:00,1.154601097,1.154601097,1.154334545,1.154467821
2026-08-11 20:30:00,1.154601097,1.154734373,1.154467821,1.154601097
2026-08-11 20:45:00,1.154601097,1.154601097,1.154601097,1.154601097
2026-08-11 21:00:00,1.154601097,1.154734373,1.154601097,1.154601097
2026-08-11 21:15:00,1.154467821,1.154601097,1.154467821,1.154601097
2026-08-11 21:30:00,1.154334545,1.154467821,1.154334545,1.154467821
2026-08-11 21:45:00,1.154601097,1.154601097,1.154201269,1.154201269
2026-08-11 22:00:00,1.154467821,1.154601097,1.154334545,1.154467821
2026-08-11 22:15:00,1.154334545,1.154601097,1.154334545,1.154467821
2026-08-11 22:30:00,1.154467821,1.154467821,1.154201269,1.154201269
2026-08-11 22:45:00,1.154467821,1.154601097,1.154334545,1.154334545
2026-08-11 23:00:00,1.154601097,1.154601097,1.154467821,1.154601097
2026-08-11 23:15:00,1.154601097,1.154601097,1.154467821,1.154601097
2026-08-11 23:30:00,1.154601097,1.154601097,1.154467821,1.154601097
2026-08-11 23:45:00,1.154734373,1.154734373,1.154601097,1.154601097
2026-08-12 00:00:00,1.154601097,1.154734373,1.154601097,1.154734373
2026-08-12 00:15:00,1.154601097,1.154601097,1.154601097,1.154601097
2026-08-12 00:30:00,1.154601097,1.154601097,1.154467821,1.154601097
2026-08-12 00:45:00,1.154601097,1.154734373,1.154601097,1.154601097
2026-08-12 01:00:00,1.154734373,1.154867768,1.154601097,1.154601097
2026-08-12 01:15:00,1.154734373,1.154734373,1.154734373,1.154734373
2026-08-12 01:30:00,1.154601097,1.154734373,1.154601097,1.154734373
2026-08-12 01:45:00,1.154334545,1.154601097,1.154334545,1.154601097
2026-08-12 02:00:00,1.154068112,1.154334545,1.154068112,1.154334545
2026-08-12 02:15:00,1.154068112,1.154201269,1.154068112,1.154068112
2026-08-12 02:30:00,1.154334545,1.154334545,1.154068112,1.154201269
2026-08-12 02:45:00,1.154201269,1.154334545,1.154201269,1.154334545
2026-08-12 03:00:00,1.154068112,1.154201269,1.154068112,1.154201269
2026-08-12 03:15:00,1.154068112,1.154068112,1.153934956,1.154068112
2026-08-12 03:30:00,1.154201269,1.154334545,1.154068112,1.154068112
2026-08-12 03:45:00,1.154068112,1.154201269,1.154068112,1.154201269
2026-08-12 04:00:00,1.154068112,1.154201269,1.154068112,1.154201269
2026-08-12 04:15:00,1.153934956,1.154068112,1.153934956,1.154068112
2026-08-12 04:30:00,1.153934956,1.154068112,1.153934956,1.153934956
2026-08-12 04:45:00,1.153801799,1.153934956,1.153801799,1.153934956
2026-08-12 05:00:00,1.153801799,1.153934956,1.153801799,1.153934956
2026-08-12 05:15:00,1.153668642,1.153801799,1.153668642,1.153801799
2026-08-12 05:30:00,1.153934956,1.153934956,1.153668642,1.153801799
2026-08-12 05:45:00,1.153934956,1.153934956,1.153801799,1.153934956
2026-08-12 06:00:00,1.153801799,1.153934956,1.153668642,1.153934956
2026-08-12 06:15:00,1.153668642,1.153668642,1.153535604,1.153668642
2026-08-12 06:30:00,1.153801799,1.153801799,1.153668642,1.153668642
2026-08-12 06:45:00,1.153668642,1.153801799,1.153668642,1.153668642
2026-08-12 07:00:00,1.153801799,1.153801799,1.153668642,1.153801799
2026-08-12 07:15:00,1.153934956,1.153934956,1.153801799,1.153801799
2026-08-12 07:30:00,1.153801799,1.153934956,1.153801799,1.153801799
2026-08-12 07:45:00,1.154068112,1.154068112,1.153801799,1.153934956
2026-08-12 08:00:00,1.154201269,1.154201269,1.153934956,1.154068112
2026-08-12 08:15:00,1.154068112,1.154201269,1.154068112,1.154201269
2026-08-12 08:30:00,1.154068112,1.154201269,1.154068112,1.154068112
2026-08-12 08:45:00,1.154068112,1.154201269,1.154068112,1.154068112
2026-08-12 09:00:00,1.153934956,1.154068112,1.153801799,1.154068112
2026-08-12 09:15:00,1.154068112,1.154201269,1.153934956,1.153934956
2026-08-12 09:30:00,1.154334545,1.154334545,1.154068112,1.154201269
2026-08-12 09:45:00,1.154068112,1.154334545,1.154068112,1.154334545
2026-08-12 10:00:00,1.154334545,1.154334545,1.154068112,1.154068112
2026-08-12 10:15:00,1.154601097,1.155268073,1.154334545,1.154467821
2026-08-12 10:30:00,1.154201269,1.154734373,1.154201269,1.154601097
2026-08-12 10:45:00,1.153934956,1.154334545,1.153934956,1.154201269
2026-08-12 11:00:00,1.153934956,1.154201269,1.153934956,1.153934956
2026-08-12 11:15:00,1.154201269,1.154201269,1.153934956,1.153934956
2026-08-12 11:30:00,1.153934956,1.154068112,1.153934956,1.154068112
2026-08-12 11:45:00,1.153801799,1.154068112,1.153535604,1.154068112
2026-08-12 12:00:00,1.153801799,1.154068112,1.153801799,1.153801799
2026-08-12 12:15:00,1.154201269,1.154201269,1.153801799,1.153934956
2026-08-12 12:30:00,1.154334545,1.154334545,1.154201269,1.154201269
2026-08-12 12:45:00,1.154734373,1.154867768,1.154467821,1.154467821
2026-08-12 13:00:00,1.154867768,1.154867768,1.154601097,1.154734373
2026-08-12 13:15:00,1.154734373,1.154867768,1.154601097,1.154867768
2026-08-12 13:30:00,1.156203032,1.156336784,1.153668642,1.153668642
2026-08-12 13:45:00,1.156069398,1.156203032,1.155668497,1.155935645
2026-08-12 14:00:00,1.155534983,1.156470418,1.155534983,1.156336784
2026-08-12 14:15:00,1.155668497,1.155802131,1.155401587,1.155401587
2026-08-12 14:30:00,1.155134559,1.155802131,1.155134559,1.155802131
2026-08-12 14:45:00,1.155534983,1.155668497,1.155001163,1.155001163
2026-08-12 15:00:00,1.155401587,1.155668497,1.155268073,1.155534983
2026-08-12 15:15:00,1.155268073,1.155668497,1.155268073,1.155268073
2026-08-12 15:30:00,1.154867768,1.155401587,1.154867768,1.155401587
2026-08-12 15:45:00,1.154467821,1.155001163,1.154201269,1.154867768
2026-08-12 16:00:00,1.154734373,1.154734373,1.154201269,1.154467821
2026-08-12 16:15:00,1.154334545,1.154601097,1.154334545,1.154467821
2026-08-12 16:30:00,1.153934956,1.154334545,1.153934956,1.154334545
2026-08-12 16:45:00,1.154334545,1.154334545,1.153801799,1.154068112
2026-08-12 17:00:00,1.154068112,1.154334545,1.153668642,1.154201269
2026-08-12 17:15:00,1.153535604,1.153801799,1.153535604,1.153801799
2026-08-12 17:30:00,1.153269529,1.153535604,1.153269529,1.153535604
2026-08-12 17:45:00,1.153136492,1.153402567,1.152870655,1.153402567
2026-08-12 18:00:00,1.153269529,1.153402567,1.153136492,1.153269529
2026-08-12 18:15:00,1.153136492,1.153136492,1.153003573,1.153136492
2026-08-12 18:30:00,1.152737737,1.153136492,1.152737737,1.153136492
2026-08-12 18:45:00,1.152472019,1.152870655,1.152472019,1.152737737
2026-08-12 19:00:00,1.152737737,1.152870655,1.15233922,1.152472019
2026-08-12 19:15:00,1.152870655,1.153003573,1.152737737,1.152737737
2026-08-12 19:30:00,1.152737737,1.152870655,1.152604818,1.152870655
2026-08-12 19:45:00,1.15233922,1.152737737,1.15233922,1.152737737
2026-08-12 20:00:00,1.152604818,1.152604818,1.152472019,1.152472019
2026-08-12 20:15:00,1.152604818,1.152870655,1.152604818,1.152604818
2026-08-12 20:30:00,1.152604818,1.152604818,1.152472019,1.152472019
2026-08-12 20:45:00,1.152604818,1.152604818,1.15233922,1.152604818
2026-08-12 21:00:00,1.152604818,1.152737737,1.152604818,1.152604818
2026-08-12 21:15:00,1.152604818,1.152604818,1.152472019,1.152604818
2026-08-12 21:30:00,1.152737737,1.152737737,1.152604818,1.152604818
2026-08-12 21:45:00,1.152870655,1.152870655,1.152737737,1.152870655
2026-08-12 22:00:00,1.152604818,1.153269529,1.152604818,1.153269529
2026-08-12 22:15:00,1.152737737,1.153003573,1.152472019,1.152472019
2026-08-12 22:30:00,1.152604818,1.152737737,1.152472019,1.152737737
2026-08-12 22:45:00,1.152604818,1.152737737,1.152604818,1.152604818
2026-08-12 23:00:00,1.152870655,1.152870655,1.152604818,1.152870655
2026-08-12 23:15:00,1.152737737,1.152870655,1.152737737,1.152870655
2026-08-12 23:30:00,1.153003573,1.153003573,1.152737737,1.152870655
2026-08-12 23:45:00,1.153003573,1.153003573,1.152870655,1.152870655
2026-08-13 00:00:00,1.153003573,1.153003573,1.153003573,1.153003573
2026-08-13 00:15:00,1.153136492,1.153136492,1.153003573,1.153003573
2026-08-13 00:30:00,1.153003573,1.153136492,1.153003573,1.153003573
2026-08-13 00:45:00,1.153136492,1.153136492,1.153003573,1.153003573
2026-08-13 01:00:00,1.153269529,1.153269529,1.153136492,1.153136492
2026-08-13 01:15:00,1.153269529,1.153269529,1.153136492,1.153136492
2026-08-13 01:30:00,1.153402567,1.153402567,1.153269529,1.153269529
2026-08-13 01:45:00,1.153136492,1.153402567,1.153003573,1.153402567
2026-08-13 02:00:00,1.153269529,1.153269529,1.153136492,1.153269529
2026-08-13 02:15:00,1.153269529,1.153402567,1.153269529,1.153269529
2026-08-13 02:30:00,1.153136492,1.153402567,1.153136492,1.153269529
2026-08-13 02:45:00,1.152737737,1.153136492,1.152737737,1.153136492
2026-08-13 03:00:00,1.152737737,1.152870655,1.152737737,1.152870655
2026-08-13 03:15:00,1.152604818,1.152737737,1.152604818,1.152737737
2026-08-13 03:30:00,1.15233922,1.152604818,1.15233922,1.152472019
2026-08-13 03:45:00,1.152604818,1.152604818,1.152472019,1.152472019
2026-08-13 04:00:00,1.152604818,1.152737737,1.152472019,1.152472019
2026-08-13 04:15:00,1.152604818,1.152604818,1.15233922,1.152472019
2026-08-13 04:30:00,1.152604818,1.152737737,1.152472019,1.152472019
2026-08-13 04:45:00,1.152604818,1.152604818,1.152472019,1.152604818
2026-08-13 05:00:00,1.152472019,1.152604818,1.152472019,1.152604818
2026-08-13 05:15:00,1.152472019,1.152472019,1.15233922,1.152472019
2026-08-13 05:30:00,1.152472019,1.152472019,1.152472019,1.152472019
2026-08-13 05:45:00,1.153003573,1.153003573,1.152604818,1.152604818
2026-08-13 06:00:00,1.152870655,1.153003573,1.152870655,1.152870655
2026-08-13 06:15:00,1.153003573,1.153136492,1.152870655,1.152870655
2026-08-13 06:30:00,1.152737737,1.153003573,1.152737737,1.153003573
2026-08-13 06:45:00,1.152870655,1.152870655,1.152737737,1.152737737
2026-08-13 07:00:00,1.152472019,1.152870655,1.15233922,1.152870655
2026-08-13 07:15:00,1.152073741,1.152604818,1.152073741,1.152472019
2026-08-13 07:30:00,1.151941061,1.151941061,1.15154314,1.151941061
2026-08-13 07:45:00,1.152073741,1.152206421,1.151941061,1.151941061
2026-08-13 08:00:00,1.152073741,1.15233922,1.152073741,1.152073741
2026-08-13 08:15:00,1.152472019,1.152472019,1.152073741,1.152073741
2026-08-13 08:30:00,1.152870655,1.152870655,1.15233922,1.152472019
2026-08-13 08:45:00,1.152870655,1.153136492,1.152737737,1.152870655
2026-08-13 09:00:00,1.152870655,1.152870655,1.152604818,1.152870655
2026-08-13 09:15:00,1.152870655,1.152870655,1.152737737,1.152870655
2026-08-13 09:30:00,1.153003573,1.153003573,1.152737737,1.152870655
2026-08-13 09:45:00,1.152737737,1.153136492,1.152737737,1.153003573
2026-08-13 10:00:00,1.153136492,1.153136492,1.152737737,1.152737737
2026-08-13 10:15:00,1.153402567,1.153535604,1.153136492,1.153136492
2026-08-13 10:30:00,1.153535604,1.153668642,1.153402567,1.153402567
2026-08-13 10:45:00,1.153801799,1.153801799,1.153402567,1.153535604
2026-08-13 11:00:00,1.153934956,1.153934956,1.153801799,1.153801799
2026-08-13 11:15:00,1.153934956,1.154068112,1.153801799,1.153801799
2026-08-13 11:30:00,1.154068112,1.154201269,1.154068112,1.154201269
2026-08-13 11:45:00,1.153934956,1.153934956,1.153801799,1.153934956
2026-08-13 12:00:00,1.154201269,1.154201269,1.153801799,1.153934956
2026-08-13 12:15:00,1.154068112,1.154201269,1.153934956,1.154201269
2026-08-13 12:30:00,1.153934956,1.154068112,1.153934956,1.154068112
2026-08-13 12:45:00,1.153668642,1.153934956,1.153668642,1.153934956
2026-08-13 13:00:00,1.153668642,1.153801799,1.153668642,1.153801799
2026-08-13 13:15:00,1.153402567,1.153535604,1.153402567,1.153535604
2026-08-13 13:30:00,1.153402567,1.153668642,1.152870655,1.153535604
2026-08-13 13:45:00,1.154734373,1.154734373,1.153535604,1.153535604
2026-08-13 14:00:00,1.154068112,1.154867768,1.154068112,1.154601097
2026-08-13 14:15:00,1.153801799,1.154467821,1.153801799,1.154334545
2026-08-13 14:30:00,1.153668642,1.153934956,1.153402567,1.153934956
2026-08-13 14:45:00,1.153801799,1.153801799,1.153535604,1.153801799
2026-08-13 15:00:00,1.154334545,1.154334545,1.153535604,1.153934956
2026-08-13 15:15:00,1.154334545,1.154867768,1.154334545,1.154601097
2026-08-13 15:30:00,1.154467821,1.154467821,1.154068112,1.154068112
2026-08-13 15:45:00,1.154734373,1.154734373,1.154201269,1.154334545
2026-08-13 16:00:00,1.154068112,1.154867768,1.154068112,1.154734373
2026-08-13 16:15:00,1.153668642,1.154201269,1.153668642,1.154201269
2026-08-13 16:30:00,1.153668642,1.153934956,1.153668642,1.153801799
2026-08-13 16:45:00,1.153402567,1.153801799,1.153402567,1.153801799
2026-08-13 17:00:00,1.153136492,1.153535604,1.153136492,1.153402567
2026-08-13 17:15:00,1.153003573,1.153136492,1.152870655,1.153136492
2026-08-13 17:30:00,1.153269529,1.153269529,1.152870655,1.152870655
2026-08-13 17:45:00,1.153269529,1.153402567,1.153269529,1.153269529
2026-08-13 18:00:00,1.153136492,1.153535604,1.153136492,1.153402567
2026-08-13 18:15:00,1.153003573,1.153269529,1.153003573,1.153136492
2026-08-13 18:30:00,1.153269529,1.153269529,1.153003573,1.153003573
2026-08-13 18:45:00,1.153136492,1.153269529,1.153136492,1.153269529
2026-08-13 19:00:00,1.153535604,1.153535604,1.153003573,1.153136492
2026-08-13 19:15:00,1.153269529,1.153535604,1.153269529,1.153535604
2026-08-13 19:30:00,1.153269529,1.153402567,1.153269529,1.153269529
2026-08-13 19:45:00,1.153269529,1.153402567,1.153269529,1.153269529
2026-08-13 20:00:00,1.153269529,1.153402567,1.153269529,1.153269529
2026-08-13 20:15:00,1.153535604,1.153535604,1.153269529,1.153269529
2026-08-13 20:30:00,1.153269529,1.153535604,1.153269529,1.153402567
2026-08-13 20:45:00,1.153136492,1.153269529,1.153136492,1.153136492
2026-08-13 21:00:00,1.153003573,1.153402567,1.153003573,1.153402567
2026-08-13 21:15:00,1.153136492,1.153136492,1.153003573,1.153003573
2026-08-13 21:30:00,1.153136492,1.153136492,1.153136492,1.153136492
2026-08-13 21:45:00,1.153269529,1.153535604,1.153136492,1.153136492
2026-08-13 22:00:00,1.153136492,1.153402567,1.152870655,1.153003573
2026-08-13 22:15:00,1.153269529,1.153269529,1.153003573,1.153003573
2026-08-13 22:30:00,1.153136492,1.153535604,1.153136492,1.153136492
2026-08-13 22:45:00,1.153136492,1.153269529,1.152870655,1.153269529
2026-08-13 23:00:00,1.153269529,1.153402567,1.153269529,1.153269529
2026-08-13 23:15:00,1.153402567,1.153535604,1.153269529,1.153269529
2026-08-13 23:30:00,1.153535604,1.153535604,1.153402567,1.153402567
2026-08-13 23:45:00,1.153535604,1.153535604,1.153402567,1.153535604
2026-08-14 00:00:00,1.153668642,1.153668642,1.153535604,1.153535604
2026-08-14 00:15:00,1.153535604,1.153668642,1.153535604,1.153668642
2026-08-14 00:30:00,1.153668642,1.153801799,1.153535604,1.153535604
2026-08-14 00:45:00,1.153668642,1.153801799,1.153668642,1.153668642
2026-08-14 01:00:00,1.153801799,1.153934956,1.153668642,1.153668642
2026-08-14 01:15:00,1.154068112,1.154068112,1.153801799,1.153801799
2026-08-14 01:30:00,1.154068112,1.154068112,1.153934956,1.153934956
2026-08-14 01:45:00,1.154201269,1.154201269,1.153934956,1.154068112
2026-08-14 02:00:00,1.153668642,1.154201269,1.153668642,1.154201269
2026-08-14 02:15:00,1.153801799,1.153801799,1.153535604,1.153801799
2026-08-14 02:30:00,1.153934956,1.154068112,1.153801799,1.153801799
2026-08-14 02:45:00,1.153801799,1.154068112,1.153801799,1.154068112
2026-08-14 03:00:00,1.153934956,1.153934956,1.153801799,1.153801799
2026-08-14 03:15:00,1.153934956,1.154068112,1.153801799,1.153934956
2026-08-14 03:30:00,1.154068112,1.154068112,1.153934956,1.153934956
2026-08-14 03:45:00,1.153668642,1.154068112,1.153668642,1.154068112
2026-08-14 04:00:00,1.153934956,1.153934956,1.153668642,1.153801799
2026-08-14 04:15:00,1.154201269,1.154201269,1.153934956,1.153934956
2026-08-14 04:30:00,1.154068112,1.154201269,1.154068112,1.154201269
2026-08-14 04:45:00,1.154068112,1.154068112,1.153934956,1.154068112
2026-08-14 05:00:00,1.154334545,1.154334545,1.154068112,1.154068112
2026-08-14 05:15:00,1.154068112,1.154334545,1.154068112,1.154334545
2026-08-14 05:30:00,1.154201269,1.154334545,1.154068112,1.154068112
2026-08-14 05:45:00,1.154201269,1.154334545,1.154201269,1.154201269
2026-08-14 06:00:00,1.154334545,1.154334545,1.154201269,1.154201269
2026-08-14 06:15:00,1.154467821,1.154467821,1.154334545,1.154334545
2026-08-14 06:30:00,1.154467821,1.154601097,1.154334545,1.154334545
2026-08-14 06:45:00,1.154467821,1.154467821,1.154334545,1.154467821
2026-08-14 07:00:00,1.154467821,1.154734373,1.154467821,1.154601097
2026-08-14 07:15:00,1.154334545,1.154467821,1.154201269,1.154334545
2026-08-14 07:30:00,1.154601097,1.154601097,1.154334545,1.154334545
2026-08-14 07:45:00,1.154734373,1.154734373,1.154467821,1.154734373
2026-08-14 08:00:00,1.154867768,1.155001163,1.154601097,1.154734373
2026-08-14 08:15:00,1.155001163,1.155001163,1.154867768,1.154867768
2026-08-14 08:30:00,1.155134559,1.155268073,1.154867768,1.155001163
2026-08-14 08:45:00,1.155401587,1.155401587,1.155268073,1.155268073
2026-08-14 09:00:00,1.155668497,1.155802131,1.155401587,1.155534983
2026-08-14 09:15:00,1.155668497,1.155802131,1.155401587,1.155802131
2026-08-14 09:30:00,1.155802131,1.156069398,1.155401587,1.155668497
2026-08-14 09:45:00,1.155935645,1.155935645,1.155668497,1.155802131
2026-08-14 10:00:00,1.155802131,1.156069398,1.155802131,1.155935645
2026-08-14 10:15:00,1.155802131,1.155935645,1.155668497,1.155802131
2026-08-14 10:30:00,1.155534983,1.155802131,1.155401587,1.155802131
2026-08-14 10:45:00,1.155668497,1.155802131,1.155534983,1.155668497
2026-08-14 11:00:00,1.155802131,1.155802131,1.155534983,1.155668497
2026-08-14 11:15:00,1.155668497,1.155802131,1.155668497,1.155802131
2026-08-14 11:30:00,1.155802131,1.155802131,1.155668497,1.155668497
2026-08-14 11:45:00,1.155802131,1.155935645,1.155802131,1.155802131
2026-08-14 12:00:00,1.156203032,1.156203032,1.155935645,1.155935645
2026-08-14 12:15:00,1.156604171,1.156738043,1.156203032,1.156336784
2026-08-14 12:30:00,1.157273531,1.157407403,1.156604171,1.156604171
2026-08-14 12:45:00,1.156871796,1.157273531,1.156871796,1.157273531
2026-08-14 13:00:00,1.156738043,1.157407403,1.156738043,1.157005668
2026-08-14 13:15:00,1.15713954,1.157407403,1.156871796,1.156871796
2026-08-14 13:30:00,1.157005668,1.158077598,1.157005668,1.157943487
2026-08-14 13:45:00,1.157005668,1.157273531,1.156738043,1.157005668
2026-08-14 14:00:00,1.156604171,1.157005668,1.156604171,1.157005668
2026-08-14 14:15:00,1.15713954,1.157273531,1.156604171,1.156738043
2026-08-14 14:30:00,1.158614278,1.158614278,1.15713954,1.15713954
2026-08-14 14:45:00,1.158211708,1.158748627,1.158077598,1.158480048
2026-08-14 15:00:00,1.158345819,1.158748627,1.158211708,1.158748627
2026-08-14 15:15:00,1.158882856,1.158882856,1.158211708,1.158211708
2026-08-14 15:30:00,1.158480048,1.158748627,1.158211708,1.158748627
2026-08-14 15:45:00,1.158345819,1.158480048,1.158211708,1.158480048
2026-08-14 16:00:00,1.158480048,1.158748627,1.158480048,1.158480048
2026-08-14 16:15:00,1.158345819,1.158480048,1.158077598,1.158345819
2026-08-14 16:30:00,1.158480048,1.158882856,1.158480048,1.158480048
2026-08-14 16:45:00,1.158345819,1.158882856,1.158345819,1.158480048
2026-08-14 17:00:00,1.157943487,1.158480048,1.157943487,1.158480048
2026-08-14 17:15:00,1.157943487,1.158345819,1.157943487,1.158077598
2026-08-14 17:30:00,1.157809496,1.158211708,1.157809496,1.157943487
2026-08-14 17:45:00,1.157407403,1.157809496,1.157407403,1.157809496
2026-08-14 18:00:00,1.157005668,1.157407403,1.157005668,1.157407403
2026-08-14 18:15:00,1.156871796,1.15713954,1.156738043,1.15713954
2026-08-14 18:30:00,1.156738043,1.156871796,1.156738043,1.156871796
2026-08-14 18:45:00,1.156738043,1.156871796,1.156604171,1.156738043
2026-08-14 19:00:00,1.156738043,1.156871796,1.156738043,1.156738043
2026-08-14 19:15:00,1.157005668,1.157005668,1.156604171,1.156738043
2026-08-14 19:30:00,1.156871796,1.157005668,1.156871796,1.157005668
2026-08-14 19:45:00,1.156871796,1.157005668,1.156738043,1.156871796
2026-08-14 20:00:00,1.15713954,1.15713954,1.156871796,1.157005668
2026-08-14 20:15:00,1.15713954,1.15713954,1.157005668,1.157005668
2026-08-14 20:30:00,1.157005668,1.157273531,1.156871796,1.157273531
2026-08-14 20:45:00,1.157005668,1.15713954,1.157005668,1.157005668
2026-08-14 21:00:00,1.15713954,1.157273531,1.15713954,1.15713954
2026-08-14 21:15:00,1.157273531,1.157273531,1.15713954,1.15713954
2026-08-14 21:30:00,1.15713954,1.157273531,1.15713954,1.157273531
2026-08-14 21:45:00,1.157273531,1.157407403,1.15713954,1.15713954
2026-08-14 22:00:00,1.157273531,1.157273531,1.157273531,1.157273531
2026-08-14 22:15:00,1.157273531,1.157273531,1.157273531,1.157273531
2026-08-17 00:00:00,1.157809496,1.157943487,1.157809496,1.157809496
2026-08-17 00:15:00,1.157809496,1.157809496,1.157809496,1.157809496
2026-08-17 00:30:00,1.157809496,1.157809496,1.157809496,1.157809496
2026-08-17 00:45:00,1.157675385,1.157943487,1.157675385,1.157943487
2026-08-17 01:00:00,1.158345819,1.158345819,1.157943487,1.157943487
2026-08-17 01:15:00,1.158345819,1.158345819,1.158211708,1.158211708
2026-08-17 01:30:00,1.158211708,1.158480048,1.158211708,1.158345819
2026-08-17 01:45:00,1.158345819,1.158345819,1.158211708,1.158211708
2026-08-17 02:00:00,1.158345819,1.158345819,1.158211708,1.158345819
2026-08-17 02:15:00,1.158480048,1.158614278,1.158211708,1.158345819
2026-08-17 02:30:00,1.158614278,1.158614278,1.158211708,1.158345819
2026-08-17 02:45:00,1.158614278,1.158748627,1.158480048,1.158614278
2026-08-17 03:00:00,1.158614278,1.158748627,1.158614278,1.158748627
2026-08-17 03:15:00,1.158748627,1.158748627,1.158614278,1.158614278
2026-08-17 03:30:00,1.158480048,1.158748627,1.158345819,1.158748627
2026-08-17 03:45:00,1.158345819,1.158480048,1.158211708,1.158480048
2026-08-17 04:00:00,1.158211708,1.158345819,1.158211708,1.158345819
2026-08-17 04:15:00,1.158345819,1.158345819,1.158211708,1.158345819
2026-08-17 04:30:00,1.158345819,1.158345819,1.158211708,1.158345819
2026-08-17 04:45:00,1.158748627,1.158748627,1.158345819,1.158345819
2026-08-17 05:00:00,1.159017205,1.159151554,1.158614278,1.158614278
2026-08-17 05:15:00,1.159017205,1.159017205,1.158882856,1.159017205
2026-08-17 05:30:00,1.159017205,1.159017205,1.158882856,1.159017205
2026-08-17 05:45:00,1.158882856,1.159017205,1.158748627,1.159017205
2026-08-17 06:00:00,1.158614278,1.158882856,1.158614278,1.158882856
2026-08-17 06:15:00,1.159017205,1.159017205,1.158614278,1.158614278
2026-08-17 06:30:00,1.159017205,1.159017205,1.158882856,1.159017205
2026-08-17 06:45:00,1.159017205,1.159285784,1.159017205,1.159017205
2026-08-17 07:00:00,1.158882856,1.159285784,1.158748627,1.159151554
2026-08-17 07:15:00,1.15955472,1.15955472,1.158882856,1.158882856
2026-08-17 07:30:00,1.159420252,1.159420252,1.159151554,1.159285784
2026-08-17 07:45:00,1.159958243,1.159958243,1.159689188,1.159689188
2026-08-17 08:00:00,1.160092831,1.160092831,1.159823656,1.159958243
2026-08-17 08:15:00,1.161035657,1.161035657,1.160092831,1.160092831
2026-08-17 08:30:00,1.161305308,1.161575079,1.161035657,1.161035657
2026-08-17 08:45:00,1.160900831,1.161170483,1.160900831,1.161170483
2026-08-17 09:00:00,1.161035657,1.161035657,1.160766125,1.161035657
2026-08-17 09:15:00,1.161710024,1.161710024,1.161035657,1.161170483
2026-08-17 09:30:00,1.160900831,1.161710024,1.160900831,1.161710024
2026-08-17 09:45:00,1.160227418,1.160900831,1.159958243,1.160900831
2026-08-17 10:00:00,1.160227418,1.160362005,1.160092831,1.160362005
2026-08-17 10:15:00,1.160496712,1.160496712,1.160227418,1.160227418
2026-08-17 10:30:00,1.160362005,1.160496712,1.160227418,1.160496712
2026-08-17 10:45:00,1.159958243,1.160362005,1.159958243,1.160362005
2026-08-17 11:00:00,1.159823656,1.159958243,1.15955472,1.159823656
2026-08-17 11:15:00,1.160092831,1.160092831,1.159689188,1.159958243
2026-08-17 11:30:00,1.159689188,1.159958243,1.159420252,1.159958243
2026-08-17 11:45:00,1.159420252,1.159689188,1.159285784,1.15955472
2026-08-17 12:00:00,1.159420252,1.159823656,1.159420252,1.159420252
2026-08-17 12:15:00,1.159420252,1.159420252,1.159151554,1.159420252
2026-08-17 12:30:00,1.159151554,1.159420252,1.159151554,1.159285784
2026-08-17 12:45:00,1.15955472,1.15955472,1.159151554,1.159151554
2026-08-17 13:00:00,1.15955472,1.159823656,1.15955472,1.15955472
2026-08-17 13:15:00,1.159420252,1.159823656,1.159285784,1.159420252
2026-08-17 13:30:00,1.159823656,1.159823656,1.159285784,1.159420252
2026-08-17 13:45:00,1.160092831,1.160092831,1.15955472,1.159689188
2026-08-17 14:00:00,1.159958243,1.160227418,1.159958243,1.160092831
2026-08-17 14:15:00,1.159958243,1.160227418,1.159823656,1.159958243
2026-08-17 14:30:00,1.159420252,1.160227418,1.159420252,1.160092831
2026-08-17 14:45:00,1.159823656,1.159823656,1.159151554,1.159285784
2026-08-17 15:00:00,1.159958243,1.159958243,1.159689188,1.159689188
2026-08-17 15:15:00,1.159689188,1.160227418,1.159420252,1.160092831
2026-08-17 15:30:00,1.159151554,1.159689188,1.159017205,1.15955472
2026-08-17 15:45:00,1.159017205,1.159285784,1.159017205,1.159151554
2026-08-17 16:00:00,1.158882856,1.159017205,1.158748627,1.159017205
2026-08-17 16:15:00,1.158882856,1.158882856,1.158614278,1.158882856
2026-08-17 16:30:00,1.158480048,1.158882856,1.158480048,1.158882856
2026-08-17 16:45:00,1.159285784,1.159285784,1.158480048,1.158480048
2026-08-17 17:00:00,1.159017205,1.159285784,1.158882856,1.159285784
2026-08-17 17:15:00,1.159151554,1.159420252,1.159151554,1.159151554
2026-08-17 17:30:00,1.159420252,1.15955472,1.159151554,1.159285784
2026-08-17 17:45:00,1.159151554,1.159420252,1.159151554,1.159285784
2026-08-17 18:00:00,1.159017205,1.159285784,1.159017205,1.159151554
2026-08-17 18:15:00,1.158748627,1.158882856,1.158614278,1.158882856
2026-08-17 18:30:00,1.158345819,1.158748627,1.158077598,1.158748627
2026-08-17 18:45:00,1.158077598,1.158345819,1.158077598,1.158345819
2026-08-17 19:00:00,1.158077598,1.158077598,1.157943487,1.157943487
2026-08-17 19:15:00,1.157809496,1.158077598,1.157675385,1.158077598
2026-08-17 19:30:00,1.157541394,1.157675385,1.157407403,1.157675385
2026-08-17 19:45:00,1.157541394,1.157675385,1.157541394,1.157541394
2026-08-17 20:00:00,1.158077598,1.158077598,1.157541394,1.157675385
2026-08-17 20:15:00,1.158211708,1.158211708,1.158077598,1.158077598
2026-08-17 20:30:00,1.158345819,1.158345819,1.158077598,1.158211708
2026-08-17 20:45:00,1.158211708,1.158345819,1.158077598,1.158345819
2026-08-17 21:00:00,1.158077598,1.158345819,1.158077598,1.158345819
2026-08-17 21:15:00,1.158077598,1.158211708,1.158077598,1.158077598
2026-08-17 21:30:00,1.158211708,1.158211708,1.158077598,1.158077598
2026-08-17 21:45:00,1.158345819,1.158345819,1.158211708,1.158211708
2026-08-17 22:00:00,1.158480048,1.158748627,1.158211708,1.158614278
2026-08-17 22:15:00,1.158211708,1.159017205,1.158211708,1.159017205
2026-08-17 22:30:00,1.158211708,1.158345819,1.157809496,1.157809496
2026-08-17 22:45:00,1.158077598,1.158345819,1.157809496,1.158077598
2026-08-17 23:00:00,1.158211708,1.158345819,1.158077598,1.158211708
2026-08-17 23:15:00,1.158345819,1.158345819,1.158077598,1.158211708
2026-08-17 23:30:00,1.158211708,1.158345819,1.158211708,1.158345819
2026-08-17 23:45:00,1.158211708,1.158345819,1.158211708,1.158211708
2026-08-18 00:00:00,1.158345819,1.158345819,1.158211708,1.158211708
2026-08-18 00:15:00,1.158480048,1.158480048,1.158345819,1.158345819
2026-08-18 00:30:00,1.158614278,1.158614278,1.158480048,1.158480048
2026-08-18 00:45:00,1.158614278,1.158748627,1.158614278,1.158614278
2026-08-18 01:00:00,1.158614278,1.158748627,1.158614278,1.158614278
2026-08-18 01:15:00,1.158345819,1.158748627,1.158345819,1.158614278
2026-08-18 01:30:00,1.158480048,1.158480048,1.158077598,1.158211708
2026-08-18 01:45:00,1.158614278,1.158614278,1.158345819,1.158345819
2026-08-18 02:00:00,1.158882856,1.158882856,1.158480048,1.158614278
2026-08-18 02:15:00,1.158480048,1.158748627,1.158345819,1.158748627
2026-08-18 02:30:00,1.158480048,1.158748627,1.158480048,1.158480048
2026-08-18 02:45:00,1.158211708,1.158480048,1.158211708,1.158345819
2026-08-18 03:00:00,1.158077598,1.158211708,1.158077598,1.158211708
2026-08-18 03:15:00,1.158077598,1.158077598,1.157943487,1.158077598
2026-08-18 03:30:00,1.157943487,1.158077598,1.157943487,1.157943487
2026-08-18 03:45:00,1.158345819,1.158345819,1.157943487,1.157943487
2026-08-18 04:00:00,1.158077598,1.158211708,1.158077598,1.158211708
2026-08-18 04:15:00,1.157943487,1.158077598,1.157809496,1.158077598
2026-08-18 04:30:00,1.157675385,1.157809496,1.157541394,1.157809496
2026-08-18 04:45:00,1.157675385,1.157675385,1.157541394,1.157675385
2026-08-18 05:00:00,1.157407403,1.157675385,1.157407403,1.157675385
2026-08-18 05:15:00,1.157541394,1.157675385,1.157407403,1.157407403
2026-08-18 05:30:00,1.157675385,1.157675385,1.157407403,1.157541394
2026-08-18 05:45:00,1.157541394,1.157809496,1.157541394,1.157675385
2026-08-18 06:00:00,1.157273531,1.157541394,1.157273531,1.157407403
2026-08-18 06:15:00,1.157675385,1.157675385,1.157407403,1.157407403
2026-08-18 06:30:00,1.157675385,1.157675385,1.157407403,1.157541394
2026-08-18 06:45:00,1.157675385,1.157809496,1.157541394,1.157541394
2026-08-18 07:00:00,1.157273531,1.157541394,1.15713954,1.157541394
2026-08-18 07:15:00,1.157541394,1.157541394,1.157273531,1.157273531
2026-08-18 07:30:00,1.157407403,1.157541394,1.15713954,1.157407403
2026-08-18 07:45:00,1.157541394,1.157541394,1.157273531,1.157273531
2026-08-18 08:00:00,1.157407403,1.157809496,1.157407403,1.157675385
2026-08-18 08:15:00,1.157809496,1.157809496,1.157273531,1.157541394
2026-08-18 08:30:00,1.157943487,1.157943487,1.157675385,1.157809496
2026-08-18 08:45:00,1.157675385,1.158077598,1.157675385,1.157943487
2026-08-18 09:00:00,1.157541394,1.157675385,1.157407403,1.157541394
2026-08-18 09:15:00,1.157541394,1.157541394,1.157273531,1.157407403
2026-08-18 09:30:00,1.157809496,1.157809496,1.157541394,1.157541394
2026-08-18 09:45:00,1.157943487,1.158077598,1.157809496,1.157809496
2026-08-18 10:00:00,1.157809496,1.157943487,1.157675385,1.157809496
2026-08-18 10:15:00,1.158077598,1.158077598,1.157675385,1.157675385
2026-08-18 10:30:00,1.157943487,1.158211708,1.157675385,1.158211708
2026-08-18 10:45:00,1.158211708,1.158211708,1.157943487,1.157943487
2026-08-18 11:00:00,1.157809496,1.158211708,1.157809496,1.158211708
2026-08-18 11:15:00,1.157943487,1.157943487,1.157809496,1.157809496
2026-08-18 11:30:00,1.157809496,1.158077598,1.157809496,1.158077598
2026-08-18 11:45:00,1.157943487,1.158077598,1.157809496,1.157943487
2026-08-18 12:00:00,1.157809496,1.157943487,1.157809496,1.157943487
2026-08-18 12:15:00,1.157675385,1.157809496,1.157675385,1.157809496
2026-08-18 12:30:00,1.157809496,1.157809496,1.157541394,1.157809496
2026-08-18 12:45:00,1.158077598,1.158077598,1.157675385,1.157809496
2026-08-18 13:00:00,1.158077598,1.158211708,1.157943487,1.157943487
2026-08-18 13:15:00,1.157809496,1.158211708,1.157809496,1.158077598
2026-08-18 13:30:00,1.157809496,1.157809496,1.157541394,1.157675385
2026-08-18 13:45:00,1.157809496,1.158211708,1.157675385,1.157675385
2026-08-18 14:00:00,1.158211708,1.158345819,1.157943487,1.157943487
2026-08-18 14:15:00,1.157809496,1.158077598,1.157809496,1.158077598
2026-08-18 14:30:00,1.158345819,1.158748627,1.157675385,1.157675385
2026-08-18 14:45:00,1.158345819,1.158614278,1.158211708,1.158345819
2026-08-18 15:00:00,1.158614278,1.159017205,1.158480048,1.158748627
2026-08-18 15:15:00,1.158748627,1.159151554,1.158614278,1.158748627
2026-08-18 15:30:00,1.158748627,1.158882856,1.158480048,1.158748627
2026-08-18 15:45:00,1.158480048,1.159151554,1.158480048,1.158882856
2026-08-18 16:00:00,1.158077598,1.158882856,1.158077598,1.158480048
2026-08-18 16:15:00,1.158211708,1.158480048,1.158077598,1.158077598
2026-08-18 16:30:00,1.158211708,1.158345819,1.158077598,1.158077598
2026-08-18 16:45:00,1.158211708,1.158480048,1.158211708,1.158345819
2026-08-18 17:00:00,1.158614278,1.158748627,1.158211708,1.158480048
2026-08-18 17:15:00,1.158480048,1.158882856,1.158480048,1.158614278
2026-08-18 17:30:00,1.158480048,1.158480048,1.158211708,1.158480048
2026-08-18 17:45:00,1.158345819,1.158614278,1.158345819,1.158480048
2026-08-18 18:00:00,1.157943487,1.158345819,1.157943487,1.158345819
2026-08-18 18:15:00,1.158077598,1.158077598,1.157943487,1.157943487
2026-08-18 18:30:00,1.158077598,1.158077598,1.157809496,1.157809496
2026-08-18 18:45:00,1.158077598,1.158077598,1.157943487,1.157943487
2026-08-18 19:00:00,1.158077598,1.158077598,1.157809496,1.157943487
2026-08-18 19:15:00,1.158077598,1.158211708,1.158077598,1.158077598
2026-08-18 19:30:00,1.157809496,1.158077598,1.157809496,1.158077598
2026-08-18 19:45:00,1.157943487,1.157943487,1.157809496,1.157809496
2026-08-18 20:00:00,1.158077598,1.158077598,1.157809496,1.157943487
2026-08-18 20:15:00,1.157943487,1.158077598,1.157943487,1.158077598
2026-08-18 20:30:00,1.158211708,1.158345819,1.158077598,1.158077598
2026-08-18 20:45:00,1.157809496,1.158211708,1.157809496,1.158211708
2026-08-18 21:00:00,1.157675385,1.157809496,1.157541394,1.157675385
2026-08-18 21:15:00,1.157675385,1.157675385,1.157541394,1.157675385
2026-08-18 21:30:00,1.157675385,1.157809496,1.157675385,1.157675385
2026-08-18 21:45:00,1.157943487,1.157943487,1.157675385,1.157675385
2026-08-18 22:00:00,1.158077598,1.158077598,1.157675385,1.157675385
2026-08-18 22:15:00,1.158211708,1.158345819,1.157943487,1.158077598
2026-08-18 22:30:00,1.157943487,1.158211708,1.157943487,1.158211708
2026-08-18 22:45:00,1.157943487,1.157943487,1.157675385,1.157943487
2026-08-18 23:00:00,1.157809496,1.157943487,1.157809496,1.157943487
2026-08-18 23:15:00,1.157943487,1.157943487,1.157809496,1.157809496
2026-08-18 23:30:00,1.157809496,1.157943487,1.157809496,1.157943487
2026-08-18 23:45:00,1.157943487,1.158077598,1.157943487,1.157943487
2026-08-19 00:00:00,1.158077598,1.158211708,1.158077598,1.158077598
2026-08-19 00:15:00,1.157809496,1.158077598,1.157809496,1.158077598
2026-08-19 00:30:00,1.157675385,1.157943487,1.157675385,1.157809496
2026-08-19 00:45:00,1.157943487,1.157943487,1.157809496,1.157809496
2026-08-19 01:00:00,1.158345819,1.158480048,1.157943487,1.157943487
2026-08-19 01:15:00,1.158211708,1.158480048,1.158211708,1.158345819
2026-08-19 01:30:00,1.157809496,1.158345819,1.157809496,1.158345819
2026-08-19 01:45:00,1.157809496,1.158077598,1.157675385,1.157809496
2026-08-19 02:00:00,1.157541394,1.157809496,1.157541394,1.157809496
2026-08-19 02:15:00,1.157675385,1.157675385,1.157407403,1.157541394
2026-08-19 02:30:00,1.158077598,1.158077598,1.157809496,1.157809496
2026-08-19 02:45:00,1.158077598,1.158077598,1.157809496,1.158077598
2026-08-19 03:00:00,1.158345819,1.158345819,1.157943487,1.158077598
2026-08-19 03:15:00,1.158614278,1.158748627,1.158077598,1.158077598
2026-08-19 03:30:00,1.158882856,1.158882856,1.158480048,1.158614278
2026-08-19 03:45:00,1.158614278,1.159017205,1.158480048,1.158882856
2026-08-19 04:00:00,1.158748627,1.158748627,1.158614278,1.158614278
2026-08-19 04:15:00,1.158748627,1.158882856,1.158614278,1.158882856
2026-08-19 04:30:00,1.158614278,1.158748627,1.158480048,1.158748627
2026-08-19 04:45:00,1.158480048,1.158614278,1.158480048,1.158614278
2026-08-19 05:00:00,1.158748627,1.158748627,1.158480048,1.158480048
2026-08-19 05:15:00,1.158614278,1.158748627,1.158614278,1.158748627
2026-08-19 05:30:00,1.158614278,1.158882856,1.158614278,1.158748627
2026-08-19 05:45:00,1.158882856,1.158882856,1.158614278,1.158614278
2026-08-19 06:00:00,1.159017205,1.159017205,1.158748627,1.159017205
2026-08-19 06:15:00,1.159017205,1.159017205,1.158882856,1.159017205
2026-08-19 06:30:00,1.159151554,1.159151554,1.158882856,1.159017205
2026-08-19 06:45:00,1.159151554,1.159285784,1.159017205,1.159017205
2026-08-19 07:00:00,1.159285784,1.159420252,1.159285784,1.159285784
2026-08-19 07:15:00,1.160092831,1.160092831,1.159420252,1.159420252
2026-08-19 07:30:00,1.159958243,1.160092831,1.159823656,1.160092831
2026-08-19 07:45:00,1.159823656,1.160092831,1.159823656,1.159958243
2026-08-19 08:00:00,1.159689188,1.159958243,1.15955472,1.159958243
2026-08-19 08:15:00,1.159823656,1.159823656,1.15955472,1.15955472
2026-08-19 08:30:00,1.159689188,1.160092831,1.159689188,1.159958243
2026-08-19 08:45:00,1.159958243,1.160092831,1.159689188,1.159689188
2026-08-19 09:00:00,1.160766125,1.160766125,1.159958243,1.159958243
2026-08-19 09:15:00,1.160227418,1.160766125,1.160092831,1.160766125
2026-08-19 09:30:00,1.160496712,1.160496712,1.160092831,1.160227418
2026-08-19 09:45:00,1.160092831,1.160631418,1.160092831,1.160631418
2026-08-19 10:00:00,1.160362005,1.160496712,1.159958243,1.160092831
2026-08-19 10:15:00,1.160766125,1.160766125,1.160227418,1.160362005
2026-08-19 10:30:00,1.160900831,1.160900831,1.160766125,1.160766125
2026-08-19 10:45:00,1.161035657,1.161035657,1.160900831,1.160900831
2026-08-19 11:00:00,1.161305308,1.161305308,1.160900831,1.160900831
2026-08-19 11:15:00,1.161440134,1.161440134,1.161305308,1.161305308
2026-08-19 11:30:00,1.161440134,1.161440134,1.161305308,1.161440134
2026-08-19 11:45:00,1.161035657,1.161575079,1.161035657,1.161440134
2026-08-19 12:00:00,1.160900831,1.161170483,1.160631418,1.161035657
2026-08-19 12:15:00,1.160766125,1.160900831,1.160766125,1.160900831
2026-08-19 12:30:00,1.160362005,1.160900831,1.160362005,1.160900831
2026-08-19 12:45:00,1.160631418,1.160766125,1.160496712,1.160496712
2026-08-19 13:00:00,1.160900831,1.160900831,1.160631418,1.160766125
2026-08-19 13:15:00,1.161035657,1.161305308,1.160900831,1.160900831
2026-08-19 13:30:00,1.163061261,1.163196445,1.161035657,1.161035657
2026-08-19 13:45:00,1.164008856,1.164551139,1.163196445,1.163331747
2026-08-19 14:00:00,1.165229559,1.165365338,1.164279938,1.164279938
2026-08-19 14:15:00,1.165637016,1.165637016,1.16482234,1.16509378
2026-08-19 14:30:00,1.165908813,1.166044831,1.165229559,1.165908813
2026-08-19 14:45:00,1.166044831,1.166044831,1.165501237,1.165637016
2026-08-19 15:00:00,1.166725039,1.166997313,1.165772915,1.166044831
2026-08-19 15:15:00,1.167406082,1.167406082,1.166861176,1.166861176
2026-08-19 15:30:00,1.167951465,1.16808784,1.167406082,1.167406082
2026-08-19 15:45:00,1.166588902,1.167951465,1.166588902,1.167951465
2026-08-19 16:00:00,1.166725039,1.166861176,1.166316748,1.166725039
2026-08-19 16:15:00,1.166316748,1.166861176,1.166044831,1.166861176
2026-08-19 16:30:00,1.167133451,1.167133451,1.166316748,1.166316748
2026-08-19 16:45:00,1.166725039,1.166997313,1.166452885,1.166861176
2026-08-19 17:00:00,1.167406082,1.167406082,1.166861176,1.166861176
2026-08-19 17:15:00,1.167133451,1.167406082,1.166997313,1.167406082
2026-08-19 17:30:00,1.167269707,1.167406082,1.167133451,1.167133451
2026-08-19 17:45:00,1.167406082,1.167406082,1.167269707,1.167269707
