datetime,close,high,low,open
28/05/2026 00:00,1.163061261,1.163196445,1.162925959,1.162925959
28/05/2026 00:15,1.162520409,1.163331747,1.162520409,1.163061261
28/05/2026 00:30,1.162520409,1.162655592,1.162385225,1.162520409
28/05/2026 00:45,1.162115097,1.162520409,1.161980033,1.162520409
28/05/2026 01:00,1.162385225,1.162385225,1.161980033,1.161980033
28/05/2026 01:15,1.162655592,1.162655592,1.162385225,1.162385225
28/05/2026 01:30,1.162385225,1.162520409,1.162385225,1.162520409
28/05/2026 01:45,1.162520409,1.162520409,1.162115097,1.162250042
28/05/2026 02:00,1.162385225,1.162385225,1.162115097,1.162385225
28/05/2026 02:15,1.162250042,1.162385225,1.162250042,1.162385225
28/05/2026 02:30,1.161980033,1.162250042,1.161980033,1.162250042
28/05/2026 02:45,1.161305308,1.161710024,1.161305308,1.161575079
28/05/2026 03:00,1.161575079,1.161575079,1.161305308,1.161440134
28/05/2026 03:15,1.161710024,1.161844969,1.161575079,1.161575079
28/05/2026 03:30,1.161575079,1.161844969,1.161575079,1.161844969
28/05/2026 03:45,1.161575079,1.161575079,1.161440134,1.161440134
28/05/2026 04:00,1.160900831,1.161710024,1.160900831,1.161575079
28/05/2026 04:15,1.160496712,1.160900831,1.160496712,1.160900831
28/05/2026 04:30,1.15955472,1.160362005,1.15955472,1.160362005
28/05/2026 04:45,1.159151554,1.159823656,1.159151554,1.159689188
28/05/2026 05:00,1.159420252,1.159420252,1.159017205,1.159151554
28/05/2026 05:15,1.159151554,1.15955472,1.159151554,1.159420252
28/05/2026 05:30,1.159420252,1.15955472,1.159151554,1.159151554
28/05/2026 05:45,1.15955472,1.15955472,1.159420252,1.15955472
28/05/2026 06:00,1.159420252,1.15955472,1.159285784,1.15955472
28/05/2026 06:15,1.159823656,1.159823656,1.159420252,1.159420252
28/05/2026 06:30,1.160227418,1.160362005,1.159958243,1.159958243
28/05/2026 06:45,1.160227418,1.160496712,1.160227418,1.160362005
28/05/2026 07:00,1.160766125,1.160766125,1.160227418,1.160227418
28/05/2026 07:15,1.161035657,1.161305308,1.160631418,1.160766125
28/05/2026 07:30,1.160900831,1.161305308,1.160900831,1.160900831
28/05/2026 07:45,1.161440134,1.161575079,1.160900831,1.161035657
28/05/2026 08:00,1.162115097,1.162115097,1.161575079,1.161575079
28/05/2026 08:15,1.161575079,1.161844969,1.161575079,1.161844969
28/05/2026 08:30,1.161575079,1.161710024,1.161440134,1.161710024
28/05/2026 08:45,1.161440134,1.161710024,1.161440134,1.161575079
28/05/2026 09:00,1.161305308,1.161844969,1.161305308,1.161575079
28/05/2026 09:15,1.161305308,1.161440134,1.161035657,1.161305308
28/05/2026 09:30,1.161440134,1.161440134,1.161305308,1.161305308
28/05/2026 09:45,1.161980033,1.161980033,1.161440134,1.161440134
28/05/2026 10:00,1.162115097,1.162115097,1.161844969,1.161980033
28/05/2026 10:15,1.162115097,1.162250042,1.161980033,1.162115097
28/05/2026 10:30,1.161980033,1.162115097,1.161844969,1.162115097
28/05/2026 10:45,1.161575079,1.162115097,1.161575079,1.161844969
28/05/2026 11:00,1.161575079,1.161710024,1.161305308,1.161710024
28/05/2026 11:15,1.161710024,1.161844969,1.161305308,1.161710024
28/05/2026 11:30,1.160900831,1.161844969,1.160900831,1.161710024
28/05/2026 11:45,1.160766125,1.161305308,1.160766125,1.161170483
28/05/2026 12:00,1.161035657,1.161170483,1.160766125,1.160766125
28/05/2026 12:15,1.161440134,1.161440134,1.161170483,1.161170483
28/05/2026 12:30,1.161575079,1.161575079,1.161170483,1.161305308
28/05/2026 12:45,1.162115097,1.162520409,1.161440134,1.161440134
28/05/2026 13:00,1.162250042,1.162250042,1.161980033,1.162115097
28/05/2026 13:15,1.162790656,1.162790656,1.162250042,1.162250042
28/05/2026 13:30,1.163602591,1.163737893,1.163061261,1.163061261
28/05/2026 13:45,1.164008856,1.164008856,1.163602591,1.163737893
28/05/2026 14:00,1.163602591,1.164551139,1.163602591,1.164144278
28/05/2026 14:15,1.163737893,1.163873315,1.163602591,1.163602591
28/05/2026 14:30,1.164144278,1.164144278,1.163602591,1.163602591
28/05/2026 14:45,1.163331747,1.164144278,1.163331747,1.164144278
28/05/2026 15:00,1.16509378,1.16509378,1.163061261,1.163196445
28/05/2026 15:15,1.165637016,1.166044831,1.164958119,1.164958119
28/05/2026 15:30,1.165365338,1.166044831,1.16509378,1.166044831
28/05/2026 15:45,1.164958119,1.165908813,1.16468668,1.165772915
28/05/2026 16:00,1.165637016,1.165772915,1.165365338,1.165365338
28/05/2026 16:15,1.165637016,1.165772915,1.165501237,1.165637016
28/05/2026 16:30,1.165501237,1.165908813,1.165365338,1.165637016
28/05/2026 16:45,1.165229559,1.165637016,1.165229559,1.165365338
28/05/2026 17:00,1.165365338,1.165501237,1.164958119,1.165229559
28/05/2026 17:15,1.166044831,1.166316748,1.165501237,1.165501237
28/05/2026 17:30,1.166044831,1.166316748,1.165772915,1.166044831
28/05/2026 17:45,1.166044831,1.16618073,1.165772915,1.166044831
28/05/2026 18:00,1.165908813,1.166044831,1.165637016,1.166044831
28/05/2026 18:15,1.165501237,1.165772915,1.165501237,1.165772915
28/05/2026 18:30,1.165501237,1.165772915,1.165501237,1.165501237
28/05/2026 18:45,1.165772915,1.165772915,1.165501237,1.165501237
28/05/2026 19:00,1.165501237,1.165772915,1.165365338,1.165637016
28/05/2026 19:15,1.165229559,1.165637016,1.165229559,1.165637016
28/05/2026 19:30,1.16509378,1.165229559,1.164958119,1.165229559
28/05/2026 19:45,1.16509378,1.165365338,1.16509378,1.16509378
28/05/2026 20:00,1.16509378,1.165229559,1.16509378,1.16509378
28/05/2026 20:15,1.165229559,1.165229559,1.16509378,1.16509378
28/05/2026 20:30,1.165365338,1.165501237,1.165365338,1.165365338
28/05/2026 20:45,1.16509378,1.165501237,1.16509378,1.165365338
28/05/2026 21:00,1.16509378,1.16509378,1.16482234,1.164958119
28/05/2026 21:15,1.164958119,1.16509378,1.164958119,1.16509378
28/05/2026 21:30,1.16509378,1.16509378,1.164958119,1.164958119
28/05/2026 21:45,1.165365338,1.165365338,1.16509378,1.16509378
28/05/2026 22:00,1.165365338,1.165637016,1.165229559,1.165365338
28/05/2026 22:15,1.165365338,1.165501237,1.16509378,1.165365338
28/05/2026 22:30,1.165637016,1.165637016,1.165229559,1.165229559
28/05/2026 22:45,1.165365338,1.165637016,1.16509378,1.165501237
28/05/2026 23:00,1.165501237,1.165637016,1.165365338,1.165501237
28/05/2026 23:15,1.165501237,1.165501237,1.165501237,1.165501237
28/05/2026 23:30,1.165365338,1.165501237,1.165365338,1.165365338
28/05/2026 23:45,1.165365338,1.165501237,1.165365338,1.165365338
29/05/2026 00:00,1.165501237,1.165637016,1.165365338,1.165365338
29/05/2026 00:15,1.165501237,1.165501237,1.165501237,1.165501237
29/05/2026 00:30,1.165501237,1.165501237,1.165365338,1.165501237
29/05/2026 00:45,1.165637016,1.165637016,1.165501237,1.165501237
29/05/2026 01:00,1.165637016,1.165772915,1.165637016,1.165637016
29/05/2026 01:15,1.165772915,1.165908813,1.165637016,1.165637016
29/05/2026 01:30,1.165501237,1.165637016,1.165365338,1.165637016
29/05/2026 01:45,1.165229559,1.165501237,1.16509378,1.165501237
29/05/2026 02:00,1.165908813,1.165908813,1.16509378,1.165229559
29/05/2026 02:15,1.165772915,1.166044831,1.165772915,1.165908813
29/05/2026 02:30,1.165365338,1.165772915,1.165365338,1.165772915
29/05/2026 02:45,1.16482234,1.165229559,1.16468668,1.165229559
29/05/2026 03:00,1.16509378,1.16509378,1.16482234,1.164958119
29/05/2026 03:15,1.164958119,1.16509378,1.164958119,1.16509378
29/05/2026 03:30,1.165229559,1.165229559,1.164958119,1.164958119
29/05/2026 03:45,1.16482234,1.165365338,1.16482234,1.165365338
29/05/2026 04:00,1.164415479,1.16482234,1.164415479,1.16482234
29/05/2026 04:15,1.164415479,1.164415479,1.164415479,1.164415479
29/05/2026 04:30,1.164144278,1.164551139,1.164008856,1.164551139
29/05/2026 04:45,1.164008856,1.164144278,1.164008856,1.164144278
29/05/2026 05:00,1.164144278,1.164279938,1.164144278,1.164144278
29/05/2026 05:15,1.163873315,1.164144278,1.163873315,1.164144278
29/05/2026 05:30,1.164279938,1.164279938,1.163873315,1.163873315
29/05/2026 05:45,1.164279938,1.164279938,1.164008856,1.164279938
29/05/2026 06:00,1.164551139,1.164551139,1.164144278,1.164279938
29/05/2026 06:15,1.164415479,1.16468668,1.164415479,1.164551139
29/05/2026 06:30,1.164415479,1.164551139,1.164279938,1.164551139
29/05/2026 06:45,1.164551139,1.164551139,1.164279938,1.164415479
29/05/2026 07:00,1.16509378,1.16509378,1.164551139,1.164551139
29/05/2026 07:15,1.16482234,1.16509378,1.16482234,1.164958119
29/05/2026 07:30,1.165229559,1.165365338,1.164958119,1.164958119
29/05/2026 07:45,1.165772915,1.165772915,1.165229559,1.165229559
29/05/2026 08:00,1.165229559,1.165637016,1.165229559,1.165501237
29/05/2026 08:15,1.16468668,1.165365338,1.164551139,1.165229559
29/05/2026 08:30,1.164551139,1.16468668,1.164144278,1.164415479
29/05/2026 08:45,1.164551139,1.16468668,1.164279938,1.16468668
29/05/2026 09:00,1.163873315,1.164144278,1.163737893,1.164008856
29/05/2026 09:15,1.164144278,1.164144278,1.163873315,1.163873315
29/05/2026 09:30,1.164008856,1.164279938,1.164008856,1.164144278
29/05/2026 09:45,1.163196445,1.164008856,1.162925959,1.164008856
29/05/2026 10:00,1.164008856,1.164008856,1.163061261,1.163061261
29/05/2026 10:15,1.164008856,1.164144278,1.163737893,1.163873315
29/05/2026 10:30,1.164008856,1.164008856,1.163737893,1.164008856
29/05/2026 10:45,1.164551139,1.164551139,1.164008856,1.164008856
29/05/2026 11:00,1.16482234,1.16482234,1.164144278,1.164415479
29/05/2026 11:15,1.164551139,1.16482234,1.164415479,1.16482234
29/05/2026 11:30,1.164551139,1.16482234,1.164551139,1.16468668
29/05/2026 11:45,1.16468668,1.16468668,1.164551139,1.16468668
29/05/2026 12:00,1.164551139,1.16482234,1.164415479,1.164551139
29/05/2026 12:15,1.16468668,1.16468668,1.164415479,1.164551139
29/05/2026 12:30,1.164958119,1.164958119,1.164415479,1.164415479
29/05/2026 12:45,1.165229559,1.165229559,1.16468668,1.164958119
29/05/2026 13:00,1.164958119,1.165229559,1.16468668,1.165229559
29/05/2026 13:15,1.164958119,1.16509378,1.16482234,1.16509378
29/05/2026 13:30,1.16482234,1.164958119,1.164551139,1.164958119
29/05/2026 13:45,1.165229559,1.165229559,1.16482234,1.16482234
29/05/2026 14:00,1.16509378,1.165229559,1.164958119,1.16509378
29/05/2026 14:15,1.165229559,1.165501237,1.165229559,1.165229559
29/05/2026 14:30,1.165365338,1.165637016,1.16509378,1.165365338
29/05/2026 14:45,1.16509378,1.165365338,1.16482234,1.165365338
29/05/2026 15:00,1.16482234,1.165365338,1.16482234,1.16509378
29/05/2026 15:15,1.164958119,1.164958119,1.164551139,1.164551139
29/05/2026 15:30,1.164958119,1.16509378,1.164415479,1.164958119
29/05/2026 15:45,1.167542338,1.167678595,1.165229559,1.165229559
29/05/2026 16:00,1.167951465,1.167951465,1.167133451,1.167133451
29/05/2026 16:15,1.167951465,1.168360829,1.16781497,1.16781497
29/05/2026 16:30,1.167951465,1.168770432,1.167951465,1.167951465
29/05/2026 16:45,1.16808784,1.168360829,1.16808784,1.168224335
29/05/2026 17:00,1.167406082,1.16808784,1.167269707,1.16808784
29/05/2026 17:15,1.167406082,1.167406082,1.167133451,1.167269707
29/05/2026 17:30,1.167406082,1.167678595,1.167133451,1.167269707
29/05/2026 17:45,1.167542338,1.167542338,1.167269707,1.167406082
29/05/2026 18:00,1.167269707,1.167678595,1.167269707,1.167542338
29/05/2026 18:15,1.167133451,1.167406082,1.166997313,1.167269707
29/05/2026 18:30,1.166725039,1.167133451,1.166725039,1.167133451
29/05/2026 18:45,1.166588902,1.166861176,1.166588902,1.166725039
29/05/2026 19:00,1.166725039,1.166725039,1.166588902,1.166588902
29/05/2026 19:15,1.166725039,1.166861176,1.166588902,1.166861176
29/05/2026 19:30,1.166861176,1.167133451,1.166861176,1.166861176
29/05/2026 19:45,1.166861176,1.167133451,1.166588902,1.166725039
29/05/2026 20:00,1.167133451,1.167269707,1.166861176,1.166861176
29/05/2026 20:15,1.166997313,1.167269707,1.166997313,1.167133451
29/05/2026 20:30,1.167133451,1.167269707,1.166997313,1.167269707
29/05/2026 20:45,1.166725039,1.167133451,1.166725039,1.166997313
29/05/2026 21:00,1.166588902,1.166725039,1.166588902,1.166725039
29/05/2026 21:15,1.166452885,1.166588902,1.166452885,1.166588902
29/05/2026 21:30,1.166588902,1.166588902,1.166316748,1.166452885
29/05/2026 21:45,1.16618073,1.166452885,1.16618073,1.166452885
29/05/2026 22:00,1.165908813,1.165908813,1.165908813,1.165908813
29/05/2026 22:15,1.165908813,1.165908813,1.165908813,1.165908813
1/06/2026 00:00,1.165772915,1.165908813,1.165772915,1.165772915
1/06/2026 00:15,1.165908813,1.165908813,1.165637016,1.165772915
1/06/2026 00:30,1.165637016,1.165908813,1.165637016,1.165908813
1/06/2026 00:45,1.165229559,1.165501237,1.165229559,1.165501237
1/06/2026 01:00,1.165501237,1.165637016,1.165229559,1.165229559
1/06/2026 01:15,1.16509378,1.165501237,1.164958119,1.165501237
1/06/2026 01:30,1.16509378,1.16509378,1.164958119,1.16509378
1/06/2026 01:45,1.16509378,1.16509378,1.16482234,1.16509378
1/06/2026 02:00,1.164958119,1.164958119,1.164958119,1.164958119
1/06/2026 02:15,1.16468668,1.164958119,1.16468668,1.16482234
1/06/2026 02:30,1.16468668,1.16482234,1.16468668,1.16468668
1/06/2026 02:45,1.16482234,1.16482234,1.164551139,1.16468668
1/06/2026 03:00,1.16482234,1.16482234,1.16468668,1.16482234
1/06/2026 03:15,1.16482234,1.16482234,1.16482234,1.16482234
1/06/2026 03:30,1.16482234,1.164958119,1.16468668,1.16468668
1/06/2026 03:45,1.164958119,1.164958119,1.16482234,1.16482234
1/06/2026 04:00,1.164958119,1.165229559,1.164958119,1.164958119
1/06/2026 04:15,1.16509378,1.16509378,1.16468668,1.164958119
1/06/2026 04:30,1.164551139,1.16509378,1.164551139,1.16509378
1/06/2026 04:45,1.16468668,1.16468668,1.16468668,1.16468668
1/06/2026 05:00,1.16482234,1.164958119,1.16468668,1.16468668
1/06/2026 05:15,1.16509378,1.16509378,1.164958119,1.164958119
1/06/2026 05:30,1.16509378,1.165229559,1.16509378,1.16509378
1/06/2026 05:45,1.16509378,1.16509378,1.164958119,1.16509378
1/06/2026 06:00,1.165501237,1.165637016,1.165229559,1.165229559
1/06/2026 06:15,1.165501237,1.165637016,1.165501237,1.165501237
1/06/2026 06:30,1.165637016,1.165637016,1.165365338,1.165501237
1/06/2026 06:45,1.165365338,1.165637016,1.165365338,1.165501237
1/06/2026 07:00,1.165772915,1.165908813,1.165637016,1.165637016
1/06/2026 07:15,1.165365338,1.165908813,1.165365338,1.165772915
1/06/2026 07:30,1.165772915,1.165772915,1.165501237,1.165501237
1/06/2026 07:45,1.166861176,1.166861176,1.165637016,1.165772915
1/06/2026 08:00,1.166316748,1.166588902,1.166044831,1.166588902
1/06/2026 08:15,1.16618073,1.166452885,1.166044831,1.166316748
1/06/2026 08:30,1.165772915,1.16618073,1.165637016,1.16618073
1/06/2026 08:45,1.166044831,1.16618073,1.165501237,1.165637016
1/06/2026 09:00,1.16618073,1.16618073,1.165908813,1.165908813
1/06/2026 09:15,1.166316748,1.166316748,1.165908813,1.16618073
1/06/2026 09:30,1.16618073,1.166316748,1.166044831,1.16618073
1/06/2026 09:45,1.16618073,1.166316748,1.165637016,1.166316748
1/06/2026 10:00,1.165637016,1.166316748,1.165501237,1.166316748
1/06/2026 10:15,1.165229559,1.165772915,1.165229559,1.165637016
1/06/2026 10:30,1.165229559,1.165365338,1.165229559,1.165229559
1/06/2026 10:45,1.165365338,1.165365338,1.165229559,1.165229559
1/06/2026 11:00,1.165229559,1.165365338,1.165229559,1.165365338
1/06/2026 11:15,1.165229559,1.165229559,1.16509378,1.165229559
1/06/2026 11:30,1.165229559,1.165365338,1.16509378,1.165365338
1/06/2026 11:45,1.16509378,1.165229559,1.164958119,1.165229559
1/06/2026 12:00,1.16482234,1.16509378,1.164551139,1.16509378
1/06/2026 12:15,1.164958119,1.164958119,1.16482234,1.164958119
1/06/2026 12:30,1.164958119,1.164958119,1.16468668,1.164958119
1/06/2026 12:45,1.164958119,1.16509378,1.16482234,1.164958119
1/06/2026 13:00,1.164958119,1.165229559,1.164958119,1.16509378
1/06/2026 13:15,1.165365338,1.165365338,1.164958119,1.164958119
1/06/2026 13:30,1.165229559,1.165365338,1.164958119,1.165229559
1/06/2026 13:45,1.16509378,1.16509378,1.164958119,1.16509378
1/06/2026 14:00,1.163602591,1.16509378,1.163196445,1.16509378
1/06/2026 14:15,1.163061261,1.164008856,1.162925959,1.163737893
1/06/2026 14:30,1.162385225,1.163196445,1.162385225,1.162790656
1/06/2026 14:45,1.161440134,1.162520409,1.161440134,1.162520409
1/06/2026 15:00,1.161710024,1.161844969,1.161035657,1.161170483
1/06/2026 15:15,1.161575079,1.162115097,1.161575079,1.161710024
1/06/2026 15:30,1.162115097,1.162115097,1.161575079,1.161844969
1/06/2026 15:45,1.161980033,1.162115097,1.161440134,1.161980033
1/06/2026 16:00,1.162115097,1.162250042,1.161844969,1.162115097
1/06/2026 16:15,1.162520409,1.162520409,1.161980033,1.162115097
1/06/2026 16:30,1.162790656,1.163061261,1.162655592,1.163061261
1/06/2026 16:45,1.162655592,1.162790656,1.162655592,1.162790656
1/06/2026 17:00,1.162250042,1.162790656,1.162115097,1.162790656
1/06/2026 17:15,1.162520409,1.162520409,1.161980033,1.162115097
1/06/2026 17:30,1.162520409,1.162790656,1.162520409,1.162520409
1/06/2026 17:45,1.163331747,1.163331747,1.162520409,1.162520409
1/06/2026 18:00,1.162925959,1.163331747,1.162925959,1.163331747
1/06/2026 18:15,1.163061261,1.163061261,1.162925959,1.162925959
1/06/2026 18:30,1.163873315,1.164008856,1.163331747,1.163331747
1/06/2026 18:45,1.163873315,1.164008856,1.163737893,1.164008856
1/06/2026 19:00,1.163737893,1.163873315,1.163737893,1.163873315
1/06/2026 19:15,1.163737893,1.163873315,1.163737893,1.163737893
1/06/2026 19:30,1.163873315,1.163873315,1.163602591,1.163602591
1/06/2026 19:45,1.163467169,1.163873315,1.163467169,1.163873315
1/06/2026 20:00,1.163467169,1.163737893,1.163467169,1.163467169
1/06/2026 20:15,1.163602591,1.163737893,1.163467169,1.163467169
1/06/2026 20:30,1.163467169,1.163602591,1.163467169,1.163602591
1/06/2026 20:45,1.163467169,1.163602591,1.163061261,1.163467169
1/06/2026 21:00,1.163467169,1.163737893,1.163467169,1.163602591
1/06/2026 21:15,1.163467169,1.163602591,1.163331747,1.163602591
1/06/2026 21:30,1.163737893,1.163737893,1.163467169,1.163467169
1/06/2026 21:45,1.163602591,1.163602591,1.163467169,1.163602591
1/06/2026 22:00,1.163467169,1.164415479,1.163331747,1.163737893
1/06/2026 22:15,1.163873315,1.163873315,1.163467169,1.163467169
1/06/2026 22:30,1.163737893,1.164008856,1.163467169,1.163602591
1/06/2026 22:45,1.163873315,1.163873315,1.163602591,1.163737893
1/06/2026 23:00,1.163737893,1.163873315,1.163602591,1.163737893
1/06/2026 23:15,1.163602591,1.163737893,1.163602591,1.163737893
1/06/2026 23:30,1.163737893,1.163737893,1.163602591,1.163737893
1/06/2026 23:45,1.163737893,1.163873315,1.163737893,1.163737893
2/06/2026 00:00,1.163873315,1.164008856,1.163873315,1.163873315
2/06/2026 00:15,1.163873315,1.163873315,1.163873315,1.163873315
2/06/2026 00:30,1.163873315,1.164008856,1.163602591,1.163873315
2/06/2026 00:45,1.163873315,1.164008856,1.163737893,1.164008856
2/06/2026 01:00,1.163737893,1.163873315,1.163331747,1.163873315
2/06/2026 01:15,1.163602591,1.163737893,1.163467169,1.163737893
2/06/2026 01:30,1.163602591,1.163737893,1.163467169,1.163602591
2/06/2026 01:45,1.163467169,1.163602591,1.163331747,1.163602591
2/06/2026 02:00,1.163873315,1.164144278,1.163602591,1.163602591
2/06/2026 02:15,1.163737893,1.164008856,1.163737893,1.163873315
2/06/2026 02:30,1.163602591,1.163873315,1.163602591,1.163737893
2/06/2026 02:45,1.163467169,1.163467169,1.163196445,1.163467169
2/06/2026 03:00,1.163467169,1.163467169,1.163467169,1.163467169
2/06/2026 03:15,1.163737893,1.163737893,1.163467169,1.163467169
2/06/2026 03:30,1.163467169,1.163737893,1.163467169,1.163737893
2/06/2026 03:45,1.163467169,1.163467169,1.163467169,1.163467169
2/06/2026 04:00,1.163602591,1.163602591,1.163467169,1.163467169
2/06/2026 04:15,1.163602591,1.163602591,1.163467169,1.163602591
2/06/2026 04:30,1.163737893,1.163737893,1.163602591,1.163602591
2/06/2026 04:45,1.163737893,1.163873315,1.163737893,1.163737893
2/06/2026 05:00,1.163737893,1.163873315,1.163737893,1.163737893
2/06/2026 05:15,1.164008856,1.164008856,1.163873315,1.164008856
2/06/2026 05:30,1.164008856,1.164008856,1.164008856,1.164008856
2/06/2026 05:45,1.164144278,1.164279938,1.164008856,1.164008856
2/06/2026 06:00,1.164279938,1.164279938,1.164144278,1.164144278
2/06/2026 06:15,1.164144278,1.164279938,1.164144278,1.164279938
2/06/2026 06:30,1.164144278,1.164279938,1.164144278,1.164279938
2/06/2026 06:45,1.164008856,1.164279938,1.164008856,1.164144278
2/06/2026 07:00,1.16482234,1.164958119,1.164144278,1.164144278
2/06/2026 07:15,1.165229559,1.165365338,1.16482234,1.16482234
2/06/2026 07:30,1.165229559,1.165501237,1.165229559,1.165365338
2/06/2026 07:45,1.165365338,1.165365338,1.165229559,1.165229559
2/06/2026 08:00,1.164958119,1.165365338,1.164958119,1.165229559
2/06/2026 08:15,1.16509378,1.16509378,1.16482234,1.164958119
2/06/2026 08:30,1.16509378,1.165229559,1.164958119,1.164958119
2/06/2026 08:45,1.165229559,1.165229559,1.16509378,1.16509378
2/06/2026 09:00,1.164958119,1.165501237,1.164958119,1.165229559
2/06/2026 09:15,1.164958119,1.16509378,1.164958119,1.164958119
2/06/2026 09:30,1.16482234,1.16509378,1.16482234,1.164958119
2/06/2026 09:45,1.16468668,1.16482234,1.164551139,1.16482234
2/06/2026 10:00,1.164415479,1.164551139,1.164415479,1.164551139
2/06/2026 10:15,1.16468668,1.16468668,1.164415479,1.164415479
2/06/2026 10:30,1.16468668,1.16482234,1.16468668,1.16468668
2/06/2026 10:45,1.16468668,1.16482234,1.164415479,1.16468668
2/06/2026 11:00,1.16468668,1.16482234,1.164551139,1.164551139
2/06/2026 11:15,1.164551139,1.16468668,1.164279938,1.16468668
2/06/2026 11:30,1.16468668,1.16468668,1.164551139,1.16468668
2/06/2026 11:45,1.16468668,1.164958119,1.16468668,1.16482234
2/06/2026 12:00,1.16482234,1.164958119,1.16468668,1.16468668
2/06/2026 12:15,1.164958119,1.164958119,1.16468668,1.16468668
2/06/2026 12:30,1.165365338,1.165365338,1.164958119,1.16509378
2/06/2026 12:45,1.165365338,1.165637016,1.165365338,1.165365338
2/06/2026 13:00,1.165229559,1.165365338,1.165229559,1.165365338
2/06/2026 13:15,1.165501237,1.165637016,1.165229559,1.165229559
2/06/2026 13:30,1.165501237,1.165908813,1.165365338,1.165365338
2/06/2026 13:45,1.165365338,1.165501237,1.165365338,1.165501237
2/06/2026 14:00,1.165229559,1.165501237,1.16509378,1.165501237
2/06/2026 14:15,1.164958119,1.165365338,1.164958119,1.165229559
2/06/2026 14:30,1.16482234,1.16509378,1.16482234,1.16482234
2/06/2026 14:45,1.16468668,1.16482234,1.164279938,1.16468668
2/06/2026 15:00,1.164551139,1.164551139,1.164008856,1.164008856
2/06/2026 15:15,1.164279938,1.164551139,1.164144278,1.164551139
2/06/2026 15:30,1.164958119,1.165229559,1.164415479,1.164415479
2/06/2026 15:45,1.16468668,1.164958119,1.16468668,1.164958119
2/06/2026 16:00,1.164415479,1.16468668,1.164279938,1.16468668
2/06/2026 16:15,1.164008856,1.16482234,1.164008856,1.164551139
2/06/2026 16:30,1.164415479,1.164415479,1.164008856,1.164144278
2/06/2026 16:45,1.164415479,1.164415479,1.164279938,1.164279938
2/06/2026 17:00,1.164144278,1.164279938,1.164008856,1.164144278
2/06/2026 17:15,1.163467169,1.164144278,1.163467169,1.164144278
2/06/2026 17:30,1.163196445,1.163467169,1.163061261,1.163467169
2/06/2026 17:45,1.163196445,1.163331747,1.163061261,1.163196445
2/06/2026 18:00,1.162925959,1.163331747,1.162790656,1.163331747
2/06/2026 18:15,1.162790656,1.163061261,1.162655592,1.163061261
2/06/2026 18:30,1.162655592,1.162790656,1.162520409,1.162790656
2/06/2026 18:45,1.162520409,1.162655592,1.162385225,1.162655592
2/06/2026 19:00,1.162250042,1.162520409,1.162115097,1.162520409
2/06/2026 19:15,1.162385225,1.162385225,1.161710024,1.162115097
2/06/2026 19:30,1.162790656,1.162925959,1.162520409,1.162655592
2/06/2026 19:45,1.163196445,1.163331747,1.162925959,1.162925959
2/06/2026 20:00,1.163602591,1.163602591,1.163196445,1.163331747
2/06/2026 20:15,1.163467169,1.163602591,1.163467169,1.163602591
2/06/2026 20:30,1.163467169,1.163602591,1.163467169,1.163467169
2/06/2026 20:45,1.163602591,1.163602591,1.163467169,1.163602591
2/06/2026 21:00,1.163602591,1.163737893,1.163602591,1.163602591
2/06/2026 21:15,1.163467169,1.163737893,1.163467169,1.163602591
2/06/2026 21:30,1.163467169,1.163602591,1.163331747,1.163467169
2/06/2026 21:45,1.163467169,1.163467169,1.163467169,1.163467169
2/06/2026 22:00,1.163467169,1.163602591,1.163061261,1.163196445
2/06/2026 22:15,1.163602591,1.163602591,1.163467169,1.163602591
2/06/2026 22:30,1.163602591,1.163737893,1.163467169,1.163467169
2/06/2026 22:45,1.163331747,1.163602591,1.163331747,1.163602591
2/06/2026 23:00,1.163061261,1.163467169,1.163061261,1.163331747
2/06/2026 23:15,1.163196445,1.163196445,1.163061261,1.163061261
2/06/2026 23:30,1.163196445,1.163196445,1.163196445,1.163196445
2/06/2026 23:45,1.163061261,1.163196445,1.163061261,1.163196445
3/06/2026 00:00,1.162790656,1.163061261,1.162790656,1.163061261
3/06/2026 00:15,1.162655592,1.162925959,1.162520409,1.162925959
3/06/2026 00:30,1.162520409,1.162655592,1.162250042,1.162655592
3/06/2026 00:45,1.162520409,1.162520409,1.162250042,1.162385225
3/06/2026 01:00,1.162655592,1.162655592,1.162520409,1.162520409
3/06/2026 01:15,1.163061261,1.163061261,1.162655592,1.162655592
3/06/2026 01:30,1.163196445,1.163331747,1.163061261,1.163061261
3/06/2026 01:45,1.163196445,1.163331747,1.163061261,1.163196445
3/06/2026 02:00,1.163196445,1.163196445,1.162925959,1.163061261
3/06/2026 02:15,1.163331747,1.163331747,1.163061261,1.163196445
3/06/2026 02:30,1.163467169,1.163602591,1.163331747,1.163331747
3/06/2026 02:45,1.163331747,1.163602591,1.163196445,1.163467169
3/06/2026 03:00,1.163467169,1.163602591,1.163331747,1.163331747
3/06/2026 03:15,1.163196445,1.163467169,1.163196445,1.163467169
3/06/2026 03:30,1.163196445,1.163331747,1.163061261,1.163061261
3/06/2026 03:45,1.163196445,1.163196445,1.162925959,1.163061261
3/06/2026 04:00,1.163196445,1.163331747,1.163061261,1.163061261
3/06/2026 04:15,1.163061261,1.163196445,1.163061261,1.163196445
3/06/2026 04:30,1.163196445,1.163331747,1.163061261,1.163061261
3/06/2026 04:45,1.163061261,1.163196445,1.163061261,1.163196445
3/06/2026 05:00,1.162925959,1.163061261,1.162925959,1.163061261
3/06/2026 05:15,1.162790656,1.162925959,1.162790656,1.162925959
3/06/2026 05:30,1.162925959,1.162925959,1.162790656,1.162790656
3/06/2026 05:45,1.162925959,1.162925959,1.162790656,1.162925959
3/06/2026 06:00,1.163061261,1.163061261,1.162790656,1.162925959
3/06/2026 06:15,1.162520409,1.163061261,1.162520409,1.163061261
3/06/2026 06:30,1.162520409,1.162655592,1.162520409,1.162520409
3/06/2026 06:45,1.162250042,1.162655592,1.162250042,1.162520409
3/06/2026 07:00,1.161980033,1.162520409,1.161844969,1.162250042
3/06/2026 07:15,1.161980033,1.162115097,1.161710024,1.162115097
3/06/2026 07:30,1.161710024,1.162115097,1.161710024,1.161980033
3/06/2026 07:45,1.161980033,1.161980033,1.161710024,1.161710024
3/06/2026 08:00,1.162250042,1.162385225,1.161710024,1.161844969
3/06/2026 08:15,1.161710024,1.162250042,1.161710024,1.162250042
3/06/2026 08:30,1.162385225,1.162520409,1.161710024,1.161710024
3/06/2026 08:45,1.161980033,1.162520409,1.161980033,1.162385225
3/06/2026 09:00,1.161575079,1.161980033,1.161575079,1.161844969
3/06/2026 09:15,1.161575079,1.161575079,1.161305308,1.161305308
3/06/2026 09:30,1.161035657,1.161844969,1.160900831,1.161575079
3/06/2026 09:45,1.161170483,1.161305308,1.161035657,1.161035657
3/06/2026 10:00,1.161575079,1.161710024,1.161305308,1.161305308
3/06/2026 10:15,1.161575079,1.161980033,1.161440134,1.161440134
3/06/2026 10:30,1.161710024,1.161710024,1.161305308,1.161575079
3/06/2026 10:45,1.161710024,1.161844969,1.161440134,1.161710024
3/06/2026 11:00,1.161980033,1.162520409,1.161710024,1.161710024
3/06/2026 11:15,1.161844969,1.161980033,1.161710024,1.161844969
3/06/2026 11:30,1.161980033,1.162115097,1.161844969,1.161980033
3/06/2026 11:45,1.161980033,1.161980033,1.161844969,1.161980033
3/06/2026 12:00,1.162115097,1.162250042,1.161980033,1.161980033
3/06/2026 12:15,1.162385225,1.162385225,1.162115097,1.162250042
3/06/2026 12:30,1.162115097,1.162385225,1.162115097,1.162385225
3/06/2026 12:45,1.162115097,1.162520409,1.162115097,1.162250042
3/06/2026 13:00,1.161710024,1.161980033,1.161575079,1.161980033
3/06/2026 13:15,1.161035657,1.161710024,1.161035657,1.161575079
3/06/2026 13:30,1.160900831,1.160900831,1.160092831,1.160900831
3/06/2026 13:45,1.160362005,1.160766125,1.160092831,1.160766125
3/06/2026 14:00,1.160496712,1.160631418,1.160362005,1.160362005
3/06/2026 14:15,1.160766125,1.160766125,1.160092831,1.160496712
3/06/2026 14:30,1.160631418,1.160900831,1.160631418,1.160900831
3/06/2026 14:45,1.160631418,1.160766125,1.160362005,1.160766125
3/06/2026 15:00,1.161035657,1.161170483,1.160362005,1.160900831
3/06/2026 15:15,1.160766125,1.160900831,1.160496712,1.160900831
3/06/2026 15:30,1.159958243,1.160496712,1.159958243,1.160496712
3/06/2026 15:45,1.161575079,1.161575079,1.159823656,1.159958243
3/06/2026 16:00,1.161035657,1.161440134,1.160631418,1.161440134
3/06/2026 16:15,1.161035657,1.161305308,1.161035657,1.161170483
3/06/2026 16:30,1.160900831,1.161305308,1.160766125,1.161035657
3/06/2026 16:45,1.160766125,1.161035657,1.160766125,1.161035657
3/06/2026 17:00,1.160092831,1.160766125,1.160092831,1.160766125
3/06/2026 17:15,1.160227418,1.160362005,1.159958243,1.160092831
3/06/2026 17:30,1.159958243,1.160227418,1.159823656,1.160227418
3/06/2026 17:45,1.160362005,1.160496712,1.159958243,1.160092831
3/06/2026 18:00,1.160362005,1.160631418,1.160227418,1.160362005
3/06/2026 18:15,1.160092831,1.160362005,1.160092831,1.160362005
3/06/2026 18:30,1.160227418,1.160362005,1.160092831,1.160092831
3/06/2026 18:45,1.160227418,1.160227418,1.160092831,1.160227418
3/06/2026 19:00,1.159958243,1.160227418,1.159958243,1.160227418
3/06/2026 19:15,1.160092831,1.160092831,1.159958243,1.159958243
3/06/2026 19:30,1.160092831,1.160092831,1.159958243,1.160092831
3/06/2026 19:45,1.160227418,1.160227418,1.160092831,1.160227418
3/06/2026 20:00,1.160092831,1.160227418,1.160092831,1.160227418
3/06/2026 20:15,1.160092831,1.160362005,1.160092831,1.160092831
3/06/2026 20:30,1.160227418,1.160227418,1.160092831,1.160092831
3/06/2026 20:45,1.160092831,1.160227418,1.160092831,1.160092831
3/06/2026 21:00,1.160227418,1.160227418,1.160092831,1.160227418
3/06/2026 21:15,1.160362005,1.160362005,1.160092831,1.160227418
3/06/2026 21:30,1.160227418,1.160362005,1.160092831,1.160362005
3/06/2026 21:45,1.160227418,1.160227418,1.160092831,1.160227418
3/06/2026 22:00,1.160766125,1.160766125,1.160227418,1.160496712
3/06/2026 22:15,1.160227418,1.160496712,1.160092831,1.160362005
3/06/2026 22:30,1.160227418,1.160362005,1.160092831,1.160362005
3/06/2026 22:45,1.160227418,1.160496712,1.160092831,1.160092831
3/06/2026 23:00,1.159958243,1.160227418,1.159823656,1.160227418
3/06/2026 23:15,1.160092831,1.160092831,1.159823656,1.159958243
3/06/2026 23:30,1.160092831,1.160227418,1.160092831,1.160092831
3/06/2026 23:45,1.160766125,1.161035657,1.160092831,1.160092831
4/06/2026 00:00,1.160766125,1.161035657,1.160496712,1.160900831
4/06/2026 00:15,1.160900831,1.160900831,1.160766125,1.160766125
4/06/2026 00:30,1.161035657,1.161035657,1.160766125,1.160900831
4/06/2026 00:45,1.161305308,1.161440134,1.161170483,1.161170483
4/06/2026 01:00,1.161170483,1.161305308,1.160900831,1.161305308
4/06/2026 01:15,1.161305308,1.161575079,1.161170483,1.161170483
4/06/2026 01:30,1.161440134,1.161440134,1.161170483,1.161170483
4/06/2026 01:45,1.161035657,1.161440134,1.160900831,1.161440134
4/06/2026 02:00,1.161035657,1.161035657,1.160766125,1.160766125
4/06/2026 02:15,1.161035657,1.161170483,1.160900831,1.160900831
4/06/2026 02:30,1.161170483,1.161305308,1.161035657,1.161170483
4/06/2026 02:45,1.161305308,1.161305308,1.161035657,1.161170483
4/06/2026 03:00,1.161170483,1.161305308,1.161170483,1.161305308
4/06/2026 03:15,1.161035657,1.161170483,1.161035657,1.161035657
4/06/2026 03:30,1.161305308,1.161305308,1.161170483,1.161170483
4/06/2026 03:45,1.161305308,1.161440134,1.161305308,1.161305308
4/06/2026 04:00,1.160766125,1.161305308,1.160766125,1.161170483
4/06/2026 04:15,1.160631418,1.161035657,1.160631418,1.160766125
4/06/2026 04:30,1.160631418,1.160766125,1.160631418,1.160631418
4/06/2026 04:45,1.160900831,1.160900831,1.160631418,1.160631418
4/06/2026 05:00,1.160766125,1.160900831,1.160766125,1.160900831
4/06/2026 05:15,1.160900831,1.160900831,1.160900831,1.160900831
4/06/2026 05:30,1.161440134,1.161440134,1.161035657,1.161035657
4/06/2026 05:45,1.161305308,1.161440134,1.161170483,1.161440134
4/06/2026 06:00,1.161170483,1.161305308,1.161035657,1.161305308
4/06/2026 06:15,1.160900831,1.161305308,1.160900831,1.161170483
4/06/2026 06:30,1.161170483,1.161170483,1.160900831,1.160900831
4/06/2026 06:45,1.161305308,1.161305308,1.161170483,1.161170483
4/06/2026 07:00,1.161575079,1.161575079,1.161305308,1.161305308
4/06/2026 07:15,1.161440134,1.161575079,1.161035657,1.161575079
4/06/2026 07:30,1.161710024,1.161844969,1.161305308,1.161305308
4/06/2026 07:45,1.161440134,1.161575079,1.161170483,1.161575079
4/06/2026 08:00,1.161440134,1.161575079,1.161305308,1.161440134
4/06/2026 08:15,1.161035657,1.161440134,1.160766125,1.161440134
4/06/2026 08:30,1.160496712,1.161035657,1.160227418,1.161035657
4/06/2026 08:45,1.160766125,1.160766125,1.160362005,1.160362005
4/06/2026 09:00,1.160766125,1.161035657,1.160766125,1.160766125
4/06/2026 09:15,1.161305308,1.161575079,1.160900831,1.160900831
4/06/2026 09:30,1.161035657,1.161575079,1.161035657,1.161575079
4/06/2026 09:45,1.161710024,1.161710024,1.161170483,1.161170483
4/06/2026 10:00,1.162250042,1.162250042,1.161844969,1.161844969
4/06/2026 10:15,1.162385225,1.162520409,1.162250042,1.162250042
4/06/2026 10:30,1.163061261,1.163061261,1.162385225,1.162385225
4/06/2026 10:45,1.162925959,1.163061261,1.162790656,1.163061261
4/06/2026 11:00,1.163331747,1.163331747,1.162925959,1.162925959
4/06/2026 11:15,1.163196445,1.163331747,1.162925959,1.163331747
4/06/2026 11:30,1.163602591,1.163602591,1.163196445,1.163196445
4/06/2026 11:45,1.163467169,1.163737893,1.163196445,1.163602591
4/06/2026 12:00,1.163873315,1.164008856,1.163602591,1.163602591
4/06/2026 12:15,1.164415479,1.164551139,1.164008856,1.164008856
4/06/2026 12:30,1.16468668,1.16468668,1.164144278,1.164279938
4/06/2026 12:45,1.164551139,1.16482234,1.164551139,1.16468668
4/06/2026 13:00,1.164144278,1.16482234,1.163873315,1.16482234
4/06/2026 13:15,1.164144278,1.164279938,1.164008856,1.164144278
4/06/2026 13:30,1.164279938,1.164415479,1.164279938,1.164279938
4/06/2026 13:45,1.164144278,1.164551139,1.164144278,1.164279938
4/06/2026 14:00,1.163873315,1.164279938,1.163873315,1.164008856
4/06/2026 14:15,1.164008856,1.164144278,1.163737893,1.163873315
4/06/2026 14:30,1.164144278,1.164144278,1.163873315,1.164008856
4/06/2026 14:45,1.164008856,1.164279938,1.164008856,1.164144278
4/06/2026 15:00,1.163737893,1.164279938,1.163602591,1.164279938
4/06/2026 15:15,1.163467169,1.163873315,1.163467169,1.163737893
4/06/2026 15:30,1.163467169,1.163602591,1.163331747,1.163331747
4/06/2026 15:45,1.163467169,1.163602591,1.163331747,1.163467169
4/06/2026 16:00,1.162790656,1.163467169,1.162655592,1.163467169
4/06/2026 16:15,1.162655592,1.162925959,1.162655592,1.162790656
4/06/2026 16:30,1.162655592,1.162925959,1.162655592,1.162790656
4/06/2026 16:45,1.163196445,1.163331747,1.162655592,1.162655592
4/06/2026 17:00,1.163061261,1.163196445,1.163061261,1.163196445
4/06/2026 17:15,1.163196445,1.163331747,1.163061261,1.163196445
4/06/2026 17:30,1.163061261,1.163196445,1.162925959,1.163196445
4/06/2026 17:45,1.162655592,1.162925959,1.162655592,1.162790656
4/06/2026 18:00,1.162520409,1.162655592,1.162520409,1.162655592
4/06/2026 18:15,1.162385225,1.162520409,1.162385225,1.162520409
4/06/2026 18:30,1.162385225,1.162520409,1.162385225,1.162385225
4/06/2026 18:45,1.162385225,1.162385225,1.162385225,1.162385225
4/06/2026 19:00,1.162385225,1.162520409,1.162385225,1.162385225
4/06/2026 19:15,1.161980033,1.162385225,1.161980033,1.162385225
4/06/2026 19:30,1.161980033,1.162115097,1.161844969,1.161980033
4/06/2026 19:45,1.161844969,1.162115097,1.161710024,1.161980033
4/06/2026 20:00,1.161575079,1.161980033,1.161440134,1.161844969
4/06/2026 20:15,1.161575079,1.161710024,1.161575079,1.161575079
4/06/2026 20:30,1.161440134,1.161575079,1.161440134,1.161575079
4/06/2026 20:45,1.161575079,1.161575079,1.161440134,1.161440134
4/06/2026 21:00,1.161440134,1.161710024,1.161440134,1.161575079
4/06/2026 21:15,1.161305308,1.161440134,1.161170483,1.161440134
4/06/2026 21:30,1.161440134,1.161440134,1.161170483,1.161305308
4/06/2026 21:45,1.161440134,1.161575079,1.161305308,1.161440134
4/06/2026 22:00,1.161844969,1.162115097,1.161440134,1.161440134
4/06/2026 22:15,1.161710024,1.161844969,1.161575079,1.161575079
4/06/2026 22:30,1.161575079,1.161980033,1.161575079,1.161844969
4/06/2026 22:45,1.161575079,1.162115097,1.161575079,1.161980033
4/06/2026 23:00,1.161575079,1.161710024,1.161575079,1.161575079
4/06/2026 23:15,1.161575079,1.161710024,1.161575079,1.161575079
4/06/2026 23:30,1.161440134,1.161710024,1.161440134,1.161710024
4/06/2026 23:45,1.161575079,1.161575079,1.161440134,1.161440134
5/06/2026 00:00,1.161575079,1.161575079,1.161575079,1.161575079
5/06/2026 00:15,1.161710024,1.161710024,1.161575079,1.161710024
5/06/2026 00:30,1.161575079,1.161575079,1.161575079,1.161575079
5/06/2026 00:45,1.161575079,1.161710024,1.161575079,1.161575079
5/06/2026 01:00,1.161440134,1.161710024,1.161440134,1.161575079
5/06/2026 01:15,1.161575079,1.161710024,1.161440134,1.161575079
5/06/2026 01:30,1.161575079,1.161710024,1.161575079,1.161710024
5/06/2026 01:45,1.161710024,1.161710024,1.161440134,1.161440134
5/06/2026 02:00,1.161575079,1.161710024,1.161440134,1.161575079
5/06/2026 02:15,1.161440134,1.161710024,1.161305308,1.161575079
5/06/2026 02:30,1.161710024,1.161710024,1.161440134,1.161440134
5/06/2026 02:45,1.161710024,1.161844969,1.161710024,1.161710024
5/06/2026 03:00,1.161844969,1.161980033,1.161575079,1.161710024
5/06/2026 03:15,1.161980033,1.161980033,1.161844969,1.161980033
5/06/2026 03:30,1.161710024,1.161980033,1.161710024,1.161844969
5/06/2026 03:45,1.161844969,1.161844969,1.161710024,1.161844969
5/06/2026 04:00,1.161710024,1.161844969,1.161710024,1.161710024
5/06/2026 04:15,1.161844969,1.161844969,1.161710024,1.161844969
5/06/2026 04:30,1.161710024,1.161844969,1.161710024,1.161844969
5/06/2026 04:45,1.161844969,1.161844969,1.161710024,1.161710024
5/06/2026 05:00,1.161844969,1.161844969,1.161844969,1.161844969
5/06/2026 05:15,1.161710024,1.161980033,1.161710024,1.161844969
5/06/2026 05:30,1.161844969,1.161980033,1.161710024,1.161710024
5/06/2026 05:45,1.161980033,1.161980033,1.161844969,1.161844969
5/06/2026 06:00,1.161844969,1.161980033,1.161844969,1.161980033
5/06/2026 06:15,1.161980033,1.161980033,1.161844969,1.161980033
5/06/2026 06:30,1.161980033,1.162250042,1.161980033,1.161980033
5/06/2026 06:45,1.161980033,1.162250042,1.161980033,1.162250042
5/06/2026 07:00,1.161844969,1.161844969,1.161710024,1.161844969
5/06/2026 07:15,1.162115097,1.162115097,1.161710024,1.161710024
5/06/2026 07:30,1.162520409,1.162655592,1.162115097,1.162250042
5/06/2026 07:45,1.162520409,1.162655592,1.162250042,1.162520409
5/06/2026 08:00,1.162925959,1.163061261,1.162655592,1.162655592
5/06/2026 08:15,1.163331747,1.163331747,1.162925959,1.163196445
5/06/2026 08:30,1.163602591,1.164008856,1.163331747,1.163331747
5/06/2026 08:45,1.163602591,1.163873315,1.163602591,1.163737893
5/06/2026 09:00,1.164279938,1.164279938,1.163737893,1.163737893
5/06/2026 09:15,1.164008856,1.164279938,1.164008856,1.164279938
5/06/2026 09:30,1.164144278,1.164279938,1.164008856,1.164144278
5/06/2026 09:45,1.164008856,1.164144278,1.164008856,1.164144278
5/06/2026 10:00,1.164551139,1.164551139,1.163873315,1.163873315
5/06/2026 10:15,1.164279938,1.16468668,1.164279938,1.164551139
5/06/2026 10:30,1.164144278,1.164415479,1.164144278,1.164415479
5/06/2026 10:45,1.164279938,1.164279938,1.164144278,1.164144278
5/06/2026 11:00,1.164279938,1.164415479,1.164144278,1.164279938
5/06/2026 11:15,1.164551139,1.164551139,1.164279938,1.164279938
5/06/2026 11:30,1.164415479,1.16468668,1.164415479,1.16468668
5/06/2026 11:45,1.164415479,1.164551139,1.164279938,1.164551139
5/06/2026 12:00,1.163873315,1.164415479,1.163873315,1.164415479
5/06/2026 12:15,1.164279938,1.164279938,1.163873315,1.163873315
5/06/2026 12:30,1.163873315,1.164279938,1.163737893,1.164279938
5/06/2026 12:45,1.164415479,1.164551139,1.164008856,1.164008856
5/06/2026 13:00,1.164415479,1.164551139,1.164144278,1.164551139
5/06/2026 13:15,1.163873315,1.164279938,1.163873315,1.164279938
5/06/2026 13:30,1.161170483,1.162115097,1.161035657,1.162115097
5/06/2026 13:45,1.159017205,1.161035657,1.159017205,1.161035657
5/06/2026 14:00,1.159958243,1.160092831,1.159017205,1.159017205
5/06/2026 14:15,1.158748627,1.160092831,1.158748627,1.159689188
5/06/2026 14:30,1.158480048,1.158882856,1.158077598,1.158614278
5/06/2026 14:45,1.157541394,1.158882856,1.157541394,1.158614278
5/06/2026 15:00,1.156604171,1.158211708,1.156604171,1.157407403
5/06/2026 15:15,1.155935645,1.156336784,1.155802131,1.156336784
5/06/2026 15:30,1.155401587,1.156470418,1.155401587,1.156203032
5/06/2026 15:45,1.156203032,1.156203032,1.155668497,1.155668497
5/06/2026 16:00,1.155001163,1.156203032,1.155001163,1.156203032
5/06/2026 16:15,1.155001163,1.155268073,1.154734373,1.154867768
5/06/2026 16:30,1.153934956,1.155134559,1.153934956,1.155134559
5/06/2026 16:45,1.153535604,1.153934956,1.153535604,1.153801799
5/06/2026 17:00,1.153269529,1.153535604,1.153003573,1.153402567
5/06/2026 17:15,1.153003573,1.153269529,1.152604818,1.153003573
5/06/2026 17:30,1.152870655,1.153003573,1.152604818,1.153003573
5/06/2026 17:45,1.153535604,1.153535604,1.152870655,1.152870655
5/06/2026 18:00,1.153269529,1.153535604,1.153003573,1.153535604
5/06/2026 18:15,1.153003573,1.153269529,1.153003573,1.153269529
5/06/2026 18:30,1.152604818,1.153003573,1.152604818,1.153003573
5/06/2026 18:45,1.152737737,1.152870655,1.15233922,1.152604818
5/06/2026 19:00,1.152472019,1.152870655,1.15233922,1.152737737
5/06/2026 19:15,1.152604818,1.152870655,1.15233922,1.15233922
5/06/2026 19:30,1.152604818,1.153003573,1.152604818,1.152604818
5/06/2026 19:45,1.152604818,1.153003573,1.152472019,1.152604818
5/06/2026 20:00,1.15233922,1.152604818,1.152206421,1.152604818
5/06/2026 20:15,1.152472019,1.152472019,1.152206421,1.152206421
5/06/2026 20:30,1.152870655,1.152870655,1.15233922,1.152472019
5/06/2026 20:45,1.152870655,1.153003573,1.152737737,1.152870655
5/06/2026 21:00,1.152206421,1.152870655,1.152206421,1.152870655
5/06/2026 21:15,1.152737737,1.152737737,1.152206421,1.152206421
5/06/2026 21:30,1.152604818,1.152870655,1.152604818,1.152737737
5/06/2026 21:45,1.152737737,1.152737737,1.152206421,1.152604818
5/06/2026 22:00,1.152737737,1.152737737,1.152737737,1.152737737
5/06/2026 22:15,1.152737737,1.152737737,1.152737737,1.152737737
8/06/2026 00:00,1.152073741,1.152073741,1.151808381,1.151808381
8/06/2026 00:15,1.152206421,1.15233922,1.152206421,1.152206421
8/06/2026 00:30,1.15233922,1.15233922,1.152206421,1.152206421
8/06/2026 00:45,1.152604818,1.152604818,1.152206421,1.15233922
8/06/2026 01:00,1.152604818,1.152737737,1.152472019,1.152604818
8/06/2026 01:15,1.152604818,1.152737737,1.152472019,1.152604818
8/06/2026 01:30,1.153136492,1.153136492,1.152604818,1.152604818
8/06/2026 01:45,1.153535604,1.153535604,1.153136492,1.153136492
8/06/2026 02:00,1.153535604,1.153801799,1.153535604,1.153668642
8/06/2026 02:15,1.152206421,1.153402567,1.152206421,1.153402567
8/06/2026 02:30,1.152737737,1.152737737,1.15154314,1.152206421
8/06/2026 02:45,1.152870655,1.153003573,1.152604818,1.152737737
8/06/2026 03:00,1.152604818,1.153003573,1.152472019,1.153003573
8/06/2026 03:15,1.153136492,1.153269529,1.152737737,1.152737737
8/06/2026 03:30,1.153269529,1.153269529,1.152870655,1.153269529
8/06/2026 03:45,1.153269529,1.153402567,1.153136492,1.153136492
8/06/2026 04:00,1.153003573,1.153269529,1.153003573,1.153269529
8/06/2026 04:15,1.153003573,1.153136492,1.153003573,1.153003573
8/06/2026 04:30,1.153269529,1.153269529,1.153136492,1.153136492
8/06/2026 04:45,1.153535604,1.153535604,1.153269529,1.153402567
8/06/2026 05:00,1.153535604,1.153535604,1.153402567,1.153535604
8/06/2026 05:15,1.153668642,1.153668642,1.153402567,1.153668642
8/06/2026 05:30,1.153402567,1.153668642,1.153402567,1.153668642
8/06/2026 05:45,1.153402567,1.153535604,1.153402567,1.153402567
8/06/2026 06:00,1.153535604,1.153801799,1.153535604,1.153535604
8/06/2026 06:15,1.153801799,1.154334545,1.153668642,1.153668642
8/06/2026 06:30,1.153136492,1.153801799,1.152870655,1.153801799
8/06/2026 06:45,1.152206421,1.153269529,1.152073741,1.153136492
8/06/2026 07:00,1.152206421,1.152604818,1.152073741,1.152206421
8/06/2026 07:15,1.152737737,1.152737737,1.152206421,1.152206421
8/06/2026 07:30,1.15233922,1.152604818,1.151941061,1.152604818
8/06/2026 07:45,1.151941061,1.152472019,1.151675701,1.152206421
8/06/2026 08:00,1.152870655,1.152870655,1.151808381,1.151941061
8/06/2026 08:15,1.152870655,1.153003573,1.152472019,1.152472019
8/06/2026 08:30,1.152737737,1.152870655,1.15233922,1.152604818
8/06/2026 08:45,1.152073741,1.152870655,1.152073741,1.152870655
8/06/2026 09:00,1.152206421,1.152472019,1.151808381,1.151941061
8/06/2026 09:15,1.152073741,1.152206421,1.151808381,1.152206421
8/06/2026 09:30,1.151675701,1.15233922,1.15154314,1.152206421
8/06/2026 09:45,1.15141046,1.151941061,1.1512779,1.151941061
8/06/2026 10:00,1.150880456,1.15141046,1.150880456,1.151145339
8/06/2026 10:15,1.150615573,1.151145339,1.150615573,1.151012897
8/06/2026 10:30,1.150880456,1.1512779,1.150350809,1.150483251
8/06/2026 10:45,1.151675701,1.151675701,1.150880456,1.150880456
8/06/2026 11:00,1.151941061,1.152073741,1.15141046,1.15154314
8/06/2026 11:15,1.151941061,1.15233922,1.151808381,1.152073741
8/06/2026 11:30,1.152870655,1.152870655,1.151941061,1.152073741
8/06/2026 11:45,1.152870655,1.153136492,1.152737737,1.152870655
8/06/2026 12:00,1.153269529,1.153402567,1.152737737,1.152737737
8/06/2026 12:15,1.154201269,1.154334545,1.153535604,1.153801799
8/06/2026 12:30,1.153934956,1.154601097,1.153934956,1.154467821
8/06/2026 12:45,1.153934956,1.154201269,1.153668642,1.153934956
8/06/2026 13:00,1.154334545,1.154734373,1.154068112,1.154068112
8/06/2026 13:15,1.154334545,1.154334545,1.154068112,1.154068112
8/06/2026 13:30,1.154467821,1.154601097,1.154068112,1.154334545
8/06/2026 13:45,1.154467821,1.154467821,1.153934956,1.154467821
8/06/2026 14:00,1.154734373,1.154867768,1.154467821,1.154601097
8/06/2026 14:15,1.155268073,1.155802131,1.154601097,1.154734373
8/06/2026 14:30,1.154867768,1.155534983,1.154867768,1.155401587
8/06/2026 14:45,1.154601097,1.155134559,1.154601097,1.155001163
8/06/2026 15:00,1.154201269,1.154734373,1.154201269,1.154467821
8/06/2026 15:15,1.153934956,1.154201269,1.153668642,1.154201269
8/06/2026 15:30,1.153801799,1.154201269,1.153801799,1.153934956
8/06/2026 15:45,1.154467821,1.154467821,1.153801799,1.153934956
8/06/2026 16:00,1.155001163,1.155001163,1.154467821,1.154734373
8/06/2026 16:15,1.154334545,1.155001163,1.154334545,1.154867768
8/06/2026 16:30,1.154334545,1.154334545,1.154068112,1.154334545
8/06/2026 16:45,1.154867768,1.155001163,1.154334545,1.154334545
8/06/2026 17:00,1.154601097,1.154867768,1.154601097,1.154734373
8/06/2026 17:15,1.154601097,1.154734373,1.154467821,1.154734373
8/06/2026 17:30,1.154467821,1.154601097,1.154467821,1.154601097
8/06/2026 17:45,1.154334545,1.154601097,1.154334545,1.154601097
8/06/2026 18:00,1.154334545,1.154467821,1.154201269,1.154334545
8/06/2026 18:15,1.154334545,1.154467821,1.154201269,1.154467821
8/06/2026 18:30,1.154334545,1.154334545,1.153934956,1.154334545
8/06/2026 18:45,1.154201269,1.154334545,1.154201269,1.154334545
8/06/2026 19:00,1.154334545,1.154601097,1.154201269,1.154201269
8/06/2026 19:15,1.154334545,1.154334545,1.154201269,1.154334545
8/06/2026 19:30,1.154068112,1.154467821,1.154068112,1.154467821
8/06/2026 19:45,1.153269529,1.153934956,1.153269529,1.153934956
8/06/2026 20:00,1.153535604,1.153668642,1.153136492,1.153136492
8/06/2026 20:15,1.153535604,1.153535604,1.153402567,1.153402567
8/06/2026 20:30,1.153535604,1.153801799,1.153535604,1.153535604
8/06/2026 20:45,1.153402567,1.153535604,1.153402567,1.153535604
8/06/2026 21:00,1.153535604,1.153535604,1.153402567,1.153402567
8/06/2026 21:15,1.153535604,1.153668642,1.153402567,1.153535604
8/06/2026 21:30,1.153535604,1.153668642,1.153402567,1.153668642
8/06/2026 21:45,1.153535604,1.153535604,1.153402567,1.153535604
8/06/2026 22:00,1.153668642,1.154201269,1.153136492,1.153668642
8/06/2026 22:15,1.153801799,1.154334545,1.153535604,1.153535604
8/06/2026 22:30,1.154068112,1.154201269,1.153801799,1.153801799
8/06/2026 22:45,1.154068112,1.154201269,1.153934956,1.154068112
8/06/2026 23:00,1.153668642,1.153801799,1.153668642,1.153801799
8/06/2026 23:15,1.153668642,1.153801799,1.153668642,1.153668642
8/06/2026 23:30,1.153668642,1.153668642,1.153668642,1.153668642
8/06/2026 23:45,1.153668642,1.153668642,1.153535604,1.153668642
9/06/2026 00:00,1.153668642,1.153801799,1.153668642,1.153668642
9/06/2026 00:15,1.153402567,1.153801799,1.153402567,1.153801799
9/06/2026 00:30,1.153402567,1.153402567,1.153269529,1.153402567
9/06/2026 00:45,1.153136492,1.153402567,1.153136492,1.153402567
9/06/2026 01:00,1.153269529,1.153402567,1.153136492,1.153136492
9/06/2026 01:15,1.153269529,1.153269529,1.153136492,1.153136492
9/06/2026 01:30,1.153402567,1.153402567,1.153136492,1.153269529
9/06/2026 01:45,1.153402567,1.153402567,1.153136492,1.153402567
9/06/2026 02:00,1.153668642,1.153668642,1.153402567,1.153402567
9/06/2026 02:15,1.153934956,1.153934956,1.153668642,1.153668642
9/06/2026 02:30,1.153934956,1.154068112,1.153801799,1.153801799
9/06/2026 02:45,1.154201269,1.154201269,1.154068112,1.154068112
9/06/2026 03:00,1.154334545,1.154334545,1.154201269,1.154334545
9/06/2026 03:15,1.154201269,1.154201269,1.154068112,1.154201269
9/06/2026 03:30,1.154201269,1.154334545,1.154068112,1.154201269
9/06/2026 03:45,1.154068112,1.154201269,1.154068112,1.154201269
9/06/2026 04:00,1.154201269,1.154334545,1.153934956,1.154068112
9/06/2026 04:15,1.154068112,1.154334545,1.153801799,1.154334545
9/06/2026 04:30,1.154068112,1.154068112,1.153934956,1.154068112
9/06/2026 04:45,1.154068112,1.154068112,1.153934956,1.154068112
9/06/2026 05:00,1.154334545,1.154334545,1.154068112,1.154201269
9/06/2026 05:15,1.154467821,1.154467821,1.154201269,1.154334545
9/06/2026 05:30,1.154867768,1.155001163,1.154334545,1.154467821
9/06/2026 05:45,1.154867768,1.155134559,1.154867768,1.154867768
9/06/2026 06:00,1.154334545,1.154867768,1.154334545,1.154867768
9/06/2026 06:15,1.154601097,1.154601097,1.154334545,1.154334545
9/06/2026 06:30,1.154867768,1.155001163,1.154467821,1.154601097
9/06/2026 06:45,1.154734373,1.155134559,1.154734373,1.154867768
9/06/2026 07:00,1.155268073,1.155268073,1.154734373,1.154734373
9/06/2026 07:15,1.155268073,1.155534983,1.155268073,1.155268073
9/06/2026 07:30,1.154867768,1.155268073,1.154867768,1.155268073
9/06/2026 07:45,1.154734373,1.155001163,1.154734373,1.155001163
9/06/2026 08:00,1.154467821,1.154867768,1.154467821,1.154867768
9/06/2026 08:15,1.154467821,1.154601097,1.154068112,1.154334545
9/06/2026 08:30,1.154467821,1.154467821,1.154201269,1.154334545
9/06/2026 08:45,1.154334545,1.154601097,1.154334545,1.154467821
9/06/2026 09:00,1.154334545,1.154467821,1.154068112,1.154201269
9/06/2026 09:15,1.154867768,1.154867768,1.154334545,1.154334545
9/06/2026 09:30,1.155001163,1.155001163,1.154734373,1.154867768
9/06/2026 09:45,1.155401587,1.155534983,1.154867768,1.155001163
9/06/2026 10:00,1.155935645,1.155935645,1.155401587,1.155401587
9/06/2026 10:15,1.155935645,1.156203032,1.155935645,1.155935645
9/06/2026 10:30,1.156336784,1.156336784,1.155935645,1.155935645
9/06/2026 10:45,1.156470418,1.156604171,1.156336784,1.156336784
9/06/2026 11:00,1.156470418,1.156604171,1.156470418,1.156470418
9/06/2026 11:15,1.156871796,1.157005668,1.156604171,1.156604171
9/06/2026 11:30,1.15713954,1.15713954,1.156871796,1.156871796
9/06/2026 11:45,1.156871796,1.157273531,1.156871796,1.15713954
9/06/2026 12:00,1.15713954,1.157273531,1.156871796,1.156871796
9/06/2026 12:15,1.157541394,1.157541394,1.15713954,1.15713954
9/06/2026 12:30,1.15713954,1.157541394,1.15713954,1.157541394
9/06/2026 12:45,1.157541394,1.157675385,1.15713954,1.15713954
9/06/2026 13:00,1.157407403,1.157809496,1.157407403,1.157675385
9/06/2026 13:15,1.157407403,1.157541394,1.157273531,1.157541394
9/06/2026 13:30,1.157675385,1.157675385,1.157273531,1.157273531
9/06/2026 13:45,1.157809496,1.157809496,1.157541394,1.157675385
9/06/2026 14:00,1.158077598,1.158077598,1.157809496,1.157943487
9/06/2026 14:15,1.157541394,1.157943487,1.157541394,1.157943487
9/06/2026 14:30,1.156871796,1.157541394,1.156738043,1.157541394
9/06/2026 14:45,1.15713954,1.157809496,1.156738043,1.156738043
9/06/2026 15:00,1.157005668,1.157675385,1.157005668,1.15713954
9/06/2026 15:15,1.156738043,1.157005668,1.156336784,1.156738043
9/06/2026 15:30,1.156738043,1.157273531,1.156604171,1.156738043
9/06/2026 15:45,1.156604171,1.156871796,1.156470418,1.156604171
9/06/2026 16:00,1.156738043,1.157005668,1.156470418,1.156604171
9/06/2026 16:15,1.156069398,1.156738043,1.156069398,1.156738043
9/06/2026 16:30,1.155534983,1.156336784,1.155001163,1.156336784
9/06/2026 16:45,1.155935645,1.155935645,1.155534983,1.155668497
9/06/2026 17:00,1.155134559,1.156069398,1.155134559,1.155935645
9/06/2026 17:15,1.155001163,1.155001163,1.154601097,1.155001163
9/06/2026 17:30,1.153934956,1.155134559,1.153269529,1.154867768
9/06/2026 17:45,1.154201269,1.154201269,1.153668642,1.153934956
9/06/2026 18:00,1.154601097,1.154734373,1.154467821,1.154467821
9/06/2026 18:15,1.155401587,1.155534983,1.154601097,1.154601097
9/06/2026 18:30,1.155534983,1.155534983,1.155134559,1.155401587
9/06/2026 18:45,1.155134559,1.155401587,1.155001163,1.155401587
9/06/2026 19:00,1.155268073,1.155268073,1.155001163,1.155134559
9/06/2026 19:15,1.155534983,1.155668497,1.155134559,1.155268073
9/06/2026 19:30,1.155401587,1.155668497,1.155268073,1.155534983
9/06/2026 19:45,1.155268073,1.155401587,1.155134559,1.155268073
9/06/2026 20:00,1.155001163,1.155268073,1.155001163,1.155268073
9/06/2026 20:15,1.154601097,1.155001163,1.154601097,1.155001163
9/06/2026 20:30,1.154467821,1.154734373,1.154467821,1.154601097
9/06/2026 20:45,1.154467821,1.154601097,1.154334545,1.154467821
9/06/2026 21:00,1.154601097,1.154734373,1.154467821,1.154467821
9/06/2026 21:15,1.154734373,1.154867768,1.154601097,1.154601097
9/06/2026 21:30,1.154734373,1.154734373,1.154601097,1.154734373
9/06/2026 21:45,1.154734373,1.154734373,1.154601097,1.154734373
9/06/2026 22:00,1.154867768,1.155134559,1.154467821,1.154601097
9/06/2026 22:15,1.154334545,1.154867768,1.154334545,1.154867768
9/06/2026 22:30,1.154068112,1.154467821,1.153934956,1.154467821
9/06/2026 22:45,1.154201269,1.154334545,1.153934956,1.153934956
9/06/2026 23:00,1.154334545,1.154334545,1.153934956,1.154201269
9/06/2026 23:15,1.154334545,1.154334545,1.154201269,1.154201269
9/06/2026 23:30,1.154201269,1.154467821,1.154201269,1.154467821
9/06/2026 23:45,1.154068112,1.154068112,1.153934956,1.154068112
10/06/2026 00:00,1.154201269,1.154201269,1.153934956,1.153934956
10/06/2026 00:15,1.153934956,1.154201269,1.153801799,1.154201269
10/06/2026 00:30,1.154068112,1.154068112,1.153801799,1.153801799
10/06/2026 00:45,1.153801799,1.153934956,1.153801799,1.153934956
10/06/2026 01:00,1.154334545,1.154334545,1.153668642,1.153801799
10/06/2026 01:15,1.154467821,1.154467821,1.154201269,1.154467821
10/06/2026 01:30,1.153668642,1.154467821,1.153668642,1.154467821
10/06/2026 01:45,1.154601097,1.154601097,1.153668642,1.153801799
10/06/2026 02:00,1.154334545,1.154601097,1.154201269,1.154467821
10/06/2026 02:15,1.154334545,1.154601097,1.154201269,1.154201269
10/06/2026 02:30,1.154201269,1.154334545,1.154068112,1.154201269
10/06/2026 02:45,1.154068112,1.154334545,1.153934956,1.154201269
10/06/2026 03:00,1.154334545,1.154334545,1.154068112,1.154201269
10/06/2026 03:15,1.154601097,1.154601097,1.154334545,1.154334545
10/06/2026 03:30,1.154601097,1.154734373,1.154601097,1.154734373
10/06/2026 03:45,1.154601097,1.154734373,1.154467821,1.154734373
10/06/2026 04:00,1.155134559,1.155134559,1.154601097,1.154601097
10/06/2026 04:15,1.155001163,1.155268073,1.155001163,1.155134559
10/06/2026 04:30,1.154867768,1.155134559,1.154867768,1.155001163
10/06/2026 04:45,1.155401587,1.155401587,1.154867768,1.154867768
10/06/2026 05:00,1.155134559,1.155401587,1.155134559,1.155401587
10/06/2026 05:15,1.155268073,1.155268073,1.155001163,1.155134559
10/06/2026 05:30,1.155001163,1.155134559,1.154867768,1.155134559
10/06/2026 05:45,1.154867768,1.155001163,1.154867768,1.155001163
10/06/2026 06:00,1.155134559,1.155268073,1.154867768,1.155001163
10/06/2026 06:15,1.155268073,1.155268073,1.154867768,1.155001163
10/06/2026 06:30,1.155802131,1.155802131,1.155401587,1.155401587
10/06/2026 06:45,1.155668497,1.155802131,1.155668497,1.155802131
10/06/2026 07:00,1.156069398,1.156069398,1.155802131,1.155802131
10/06/2026 07:15,1.155802131,1.156069398,1.155668497,1.155935645
10/06/2026 07:30,1.155802131,1.155935645,1.155802131,1.155935645
10/06/2026 07:45,1.155401587,1.155935645,1.155401587,1.155802131
10/06/2026 08:00,1.155802131,1.155802131,1.155134559,1.155134559
10/06/2026 08:15,1.155668497,1.156203032,1.155668497,1.155935645
10/06/2026 08:30,1.155668497,1.155802131,1.155668497,1.155668497
10/06/2026 08:45,1.155668497,1.155802131,1.155668497,1.155802131
10/06/2026 09:00,1.155401587,1.155668497,1.155268073,1.155668497
10/06/2026 09:15,1.155534983,1.155534983,1.155268073,1.155268073
10/06/2026 09:30,1.155534983,1.155668497,1.155401587,1.155668497
10/06/2026 09:45,1.155534983,1.155534983,1.155268073,1.155401587
10/06/2026 10:00,1.155534983,1.155935645,1.155534983,1.155668497
10/06/2026 10:15,1.155534983,1.155668497,1.155401587,1.155401587
10/06/2026 10:30,1.155935645,1.156069398,1.155668497,1.155668497
10/06/2026 10:45,1.156069398,1.156203032,1.155935645,1.156069398
10/06/2026 11:00,1.155935645,1.156203032,1.155935645,1.156069398
10/06/2026 11:15,1.156069398,1.156069398,1.155802131,1.156069398
10/06/2026 11:30,1.155668497,1.156069398,1.155668497,1.155935645
10/06/2026 11:45,1.155534983,1.155668497,1.155534983,1.155668497
10/06/2026 12:00,1.154867768,1.155534983,1.154068112,1.155534983
10/06/2026 12:15,1.154601097,1.155134559,1.154467821,1.155134559
10/06/2026 12:30,1.154201269,1.154734373,1.153934956,1.154734373
10/06/2026 12:45,1.154068112,1.154334545,1.154068112,1.154068112
10/06/2026 13:00,1.154334545,1.154334545,1.153934956,1.154068112
10/06/2026 13:15,1.154867768,1.154867768,1.154334545,1.154334545
10/06/2026 13:30,1.155935645,1.156203032,1.154734373,1.155534983
10/06/2026 13:45,1.155401587,1.156604171,1.155401587,1.156336784
10/06/2026 14:00,1.155668497,1.155668497,1.155134559,1.155268073
10/06/2026 14:15,1.156069398,1.156336784,1.155668497,1.155802131
10/06/2026 14:30,1.157273531,1.157273531,1.156069398,1.156069398
10/06/2026 14:45,1.156604171,1.157541394,1.156604171,1.157407403
10/06/2026 15:00,1.157005668,1.157005668,1.156336784,1.156470418
10/06/2026 15:15,1.155935645,1.156604171,1.155935645,1.156604171
10/06/2026 15:30,1.156069398,1.156336784,1.155935645,1.156069398
10/06/2026 15:45,1.155534983,1.156069398,1.155401587,1.156069398
10/06/2026 16:00,1.155401587,1.155802131,1.155134559,1.155534983
10/06/2026 16:15,1.155802131,1.155935645,1.155134559,1.155401587
10/06/2026 16:30,1.155534983,1.155935645,1.155534983,1.155802131
10/06/2026 16:45,1.155134559,1.155668497,1.154734373,1.155668497
10/06/2026 17:00,1.156069398,1.156069398,1.155401587,1.155401587
10/06/2026 17:15,1.155935645,1.156069398,1.155802131,1.156069398
10/06/2026 17:30,1.155935645,1.156203032,1.155935645,1.156069398
10/06/2026 17:45,1.155668497,1.155935645,1.155534983,1.155935645
10/06/2026 18:00,1.155401587,1.155935645,1.155268073,1.155668497
10/06/2026 18:15,1.155401587,1.155401587,1.155268073,1.155401587
10/06/2026 18:30,1.154867768,1.155268073,1.154867768,1.155268073
10/06/2026 18:45,1.155668497,1.155668497,1.154867768,1.154867768
10/06/2026 19:00,1.155802131,1.156069398,1.155668497,1.155668497
10/06/2026 19:15,1.155534983,1.155802131,1.155401587,1.155802131
10/06/2026 19:30,1.155401587,1.155401587,1.155134559,1.155401587
10/06/2026 19:45,1.155268073,1.155534983,1.155268073,1.155268073
10/06/2026 20:00,1.154734373,1.155134559,1.154734373,1.155134559
10/06/2026 20:15,1.154734373,1.154867768,1.154601097,1.154734373
10/06/2026 20:30,1.155001163,1.155001163,1.154734373,1.154734373
10/06/2026 20:45,1.154467821,1.155001163,1.154467821,1.155001163
10/06/2026 21:00,1.154068112,1.154467821,1.154068112,1.154467821
10/06/2026 21:15,1.154334545,1.154334545,1.154068112,1.154068112
10/06/2026 21:30,1.154068112,1.154334545,1.154068112,1.154201269
10/06/2026 21:45,1.153934956,1.154068112,1.153801799,1.154068112
10/06/2026 22:00,1.154467821,1.154467821,1.153934956,1.153934956
10/06/2026 22:15,1.154068112,1.155134559,1.154068112,1.154201269
10/06/2026 22:30,1.154068112,1.154334545,1.153934956,1.153934956
10/06/2026 22:45,1.153801799,1.154467821,1.153801799,1.154201269
10/06/2026 23:00,1.153136492,1.153934956,1.153136492,1.153801799
10/06/2026 23:15,1.153402567,1.153535604,1.153269529,1.153402567
10/06/2026 23:30,1.153801799,1.153801799,1.153402567,1.153402567
10/06/2026 23:45,1.153535604,1.153801799,1.153535604,1.153801799
11/06/2026 00:00,1.153003573,1.153402567,1.153003573,1.153269529
11/06/2026 00:15,1.153934956,1.153934956,1.153003573,1.153003573
11/06/2026 00:30,1.153934956,1.154068112,1.153535604,1.153934956
11/06/2026 00:45,1.153801799,1.153934956,1.153668642,1.153934956
11/06/2026 01:00,1.154334545,1.154334545,1.153934956,1.153934956
11/06/2026 01:15,1.154467821,1.154601097,1.154201269,1.154201269
11/06/2026 01:30,1.154467821,1.154601097,1.154334545,1.154467821
11/06/2026 01:45,1.154601097,1.154601097,1.154334545,1.154467821
11/06/2026 02:00,1.155534983,1.155534983,1.154601097,1.154734373
11/06/2026 02:15,1.155802131,1.155935645,1.155268073,1.155534983
11/06/2026 02:30,1.155668497,1.155935645,1.155668497,1.155802131
11/06/2026 02:45,1.155668497,1.155935645,1.155668497,1.155802131
11/06/2026 03:00,1.155668497,1.155668497,1.155534983,1.155668497
11/06/2026 03:15,1.155134559,1.155534983,1.155134559,1.155534983
11/06/2026 03:30,1.155134559,1.155268073,1.155001163,1.155134559
11/06/2026 03:45,1.155134559,1.155134559,1.155001163,1.155134559
11/06/2026 04:00,1.154734373,1.155268073,1.154734373,1.155134559
11/06/2026 04:15,1.155001163,1.155001163,1.154867768,1.154867768
11/06/2026 04:30,1.155001163,1.155134559,1.155001163,1.155001163
11/06/2026 04:45,1.154867768,1.155001163,1.154867768,1.155001163
11/06/2026 05:00,1.154867768,1.154867768,1.154601097,1.154867768
11/06/2026 05:15,1.155001163,1.155001163,1.154867768,1.154867768
11/06/2026 05:30,1.155268073,1.155268073,1.155001163,1.155134559
11/06/2026 05:45,1.155134559,1.155401587,1.155134559,1.155134559
11/06/2026 06:00,1.155268073,1.155268073,1.155001163,1.155134559
11/06/2026 06:15,1.155268073,1.155401587,1.155268073,1.155401587
11/06/2026 06:30,1.155268073,1.155401587,1.155268073,1.155401587
11/06/2026 06:45,1.155134559,1.155268073,1.154867768,1.155268073
11/06/2026 07:00,1.154867768,1.155001163,1.154601097,1.155001163
11/06/2026 07:15,1.154734373,1.155134559,1.154734373,1.155001163
11/06/2026 07:30,1.154601097,1.155001163,1.154601097,1.154734373
11/06/2026 07:45,1.154467821,1.154867768,1.154467821,1.154867768
11/06/2026 08:00,1.155001163,1.155134559,1.154467821,1.154601097
11/06/2026 08:15,1.155534983,1.155802131,1.155001163,1.155001163
11/06/2026 08:30,1.155134559,1.155668497,1.155001163,1.155668497
11/06/2026 08:45,1.154867768,1.155001163,1.154734373,1.155001163
11/06/2026 09:00,1.154467821,1.154867768,1.154467821,1.154867768
11/06/2026 09:15,1.154201269,1.154467821,1.154201269,1.154467821
11/06/2026 09:30,1.154068112,1.154334545,1.154068112,1.154201269
11/06/2026 09:45,1.153668642,1.154201269,1.153535604,1.154201269
11/06/2026 10:00,1.153668642,1.153668642,1.153402567,1.153535604
11/06/2026 10:15,1.153668642,1.154068112,1.153535604,1.153801799
11/06/2026 10:30,1.153668642,1.153668642,1.153402567,1.153535604
11/06/2026 10:45,1.153801799,1.153934956,1.153668642,1.153801799
11/06/2026 11:00,1.153003573,1.153801799,1.153003573,1.153801799
11/06/2026 11:15,1.153003573,1.153003573,1.152737737,1.153003573
11/06/2026 11:30,1.153003573,1.153136492,1.152870655,1.152870655
11/06/2026 11:45,1.153402567,1.153535604,1.153003573,1.153136492
11/06/2026 12:00,1.154201269,1.154201269,1.153535604,1.153535604
11/06/2026 12:15,1.154068112,1.154201269,1.153934956,1.154201269
11/06/2026 12:30,1.154201269,1.154334545,1.154068112,1.154068112
11/06/2026 12:45,1.154201269,1.154201269,1.153934956,1.154068112
11/06/2026 13:00,1.153668642,1.154334545,1.153668642,1.154201269
11/06/2026 13:15,1.152870655,1.154068112,1.15233922,1.153801799
11/06/2026 13:30,1.153003573,1.153269529,1.15233922,1.153003573
11/06/2026 13:45,1.154334545,1.154467821,1.153269529,1.153269529
11/06/2026 14:00,1.153136492,1.154201269,1.153003573,1.154201269
11/06/2026 14:15,1.153402567,1.153402567,1.152206421,1.152870655
11/06/2026 14:30,1.153668642,1.153668642,1.153136492,1.153402567
11/06/2026 14:45,1.153402567,1.154068112,1.153269529,1.153402567
11/06/2026 15:00,1.152604818,1.153402567,1.152472019,1.153402567
11/06/2026 15:15,1.152604818,1.152737737,1.152472019,1.152737737
11/06/2026 15:30,1.152206421,1.152472019,1.151941061,1.152472019
11/06/2026 15:45,1.152073741,1.152206421,1.151941061,1.152206421
11/06/2026 16:00,1.152073741,1.152604818,1.151808381,1.15233922
11/06/2026 16:15,1.152737737,1.152737737,1.152073741,1.152073741
11/06/2026 16:30,1.152206421,1.152604818,1.152206421,1.152604818
11/06/2026 16:45,1.151808381,1.15233922,1.151808381,1.15233922
11/06/2026 17:00,1.1512779,1.151941061,1.1512779,1.151808381
11/06/2026 17:15,1.1512779,1.15141046,1.151145339,1.1512779
11/06/2026 17:30,1.1512779,1.15141046,1.151145339,1.151145339
11/06/2026 17:45,1.1512779,1.15141046,1.151145339,1.1512779
11/06/2026 18:00,1.150880456,1.1512779,1.150748014,1.1512779
11/06/2026 18:15,1.152206421,1.152206421,1.150615573,1.150880456
11/06/2026 18:30,1.156604171,1.156604171,1.152870655,1.153003573
11/06/2026 18:45,1.155534983,1.156470418,1.155134559,1.156470418
11/06/2026 19:00,1.155534983,1.155534983,1.154601097,1.155534983
11/06/2026 19:15,1.156069398,1.156336784,1.155534983,1.155534983
11/06/2026 19:30,1.155935645,1.156069398,1.155534983,1.155935645
11/06/2026 19:45,1.156470418,1.156871796,1.156203032,1.156203032
11/06/2026 20:00,1.157675385,1.157675385,1.156470418,1.156470418
11/06/2026 20:15,1.158480048,1.158480048,1.157675385,1.157809496
11/06/2026 20:30,1.158480048,1.158882856,1.158345819,1.158480048
11/06/2026 20:45,1.158211708,1.158345819,1.158211708,1.158211708
11/06/2026 21:00,1.158345819,1.158614278,1.158211708,1.158211708
11/06/2026 21:15,1.158345819,1.158614278,1.158345819,1.158345819
11/06/2026 21:30,1.158077598,1.158480048,1.158077598,1.158480048
11/06/2026 21:45,1.158211708,1.158345819,1.157943487,1.158077598
11/06/2026 22:00,1.158077598,1.158345819,1.157675385,1.158077598
11/06/2026 22:15,1.157943487,1.158614278,1.157943487,1.158614278
11/06/2026 22:30,1.158480048,1.158480048,1.157675385,1.157675385
11/06/2026 22:45,1.158211708,1.158345819,1.157809496,1.157809496
11/06/2026 23:00,1.158077598,1.158480048,1.157943487,1.158211708
11/06/2026 23:15,1.157809496,1.158077598,1.157675385,1.157943487
11/06/2026 23:30,1.158211708,1.158211708,1.157675385,1.157809496
11/06/2026 23:45,1.158614278,1.158748627,1.158211708,1.158211708
12/06/2026 00:00,1.158614278,1.158882856,1.158614278,1.158748627
12/06/2026 00:15,1.158077598,1.158614278,1.158077598,1.158614278
12/06/2026 00:30,1.158077598,1.158077598,1.157943487,1.158077598
12/06/2026 00:45,1.157809496,1.158077598,1.157809496,1.157943487
12/06/2026 01:00,1.157541394,1.157943487,1.157273531,1.157943487
12/06/2026 01:15,1.157541394,1.157541394,1.157273531,1.157407403
12/06/2026 01:30,1.157005668,1.157541394,1.157005668,1.157407403
12/06/2026 01:45,1.15713954,1.157407403,1.157005668,1.157005668
12/06/2026 02:00,1.157005668,1.157273531,1.156738043,1.157273531
12/06/2026 02:15,1.156470418,1.156871796,1.156470418,1.156871796
12/06/2026 02:30,1.156604171,1.157005668,1.156604171,1.156604171
12/06/2026 02:45,1.156604171,1.156871796,1.156604171,1.156604171
12/06/2026 03:00,1.157273531,1.157273531,1.156604171,1.156604171
12/06/2026 03:15,1.157005668,1.157273531,1.156871796,1.157273531
12/06/2026 03:30,1.156871796,1.157005668,1.156738043,1.156871796
12/06/2026 03:45,1.157005668,1.157005668,1.156871796,1.157005668
12/06/2026 04:00,1.157005668,1.15713954,1.156871796,1.157005668
12/06/2026 04:15,1.157273531,1.157273531,1.157005668,1.157005668
12/06/2026 04:30,1.157675385,1.157809496,1.157407403,1.157407403
12/06/2026 04:45,1.157541394,1.157675385,1.157407403,1.157675385
12/06/2026 05:00,1.157407403,1.157541394,1.157273531,1.157541394
12/06/2026 05:15,1.157541394,1.157541394,1.157407403,1.157541394
12/06/2026 05:30,1.157809496,1.157809496,1.157407403,1.157407403
12/06/2026 05:45,1.157407403,1.157809496,1.157407403,1.157809496
12/06/2026 06:00,1.157273531,1.157541394,1.15713954,1.157541394
12/06/2026 06:15,1.156871796,1.15713954,1.156871796,1.15713954
12/06/2026 06:30,1.156604171,1.156871796,1.156604171,1.156738043
12/06/2026 06:45,1.156203032,1.156738043,1.156203032,1.156738043
12/06/2026 07:00,1.157005668,1.15713954,1.156336784,1.156336784
12/06/2026 07:15,1.157005668,1.15713954,1.156871796,1.156871796
12/06/2026 07:30,1.15713954,1.157407403,1.156871796,1.157005668
12/06/2026 07:45,1.157675385,1.157675385,1.15713954,1.157273531
12/06/2026 08:00,1.156738043,1.157541394,1.156738043,1.157541394
12/06/2026 08:15,1.156604171,1.157005668,1.156604171,1.156871796
12/06/2026 08:30,1.156470418,1.156604171,1.156069398,1.156470418
12/06/2026 08:45,1.157005668,1.157005668,1.156069398,1.156336784
12/06/2026 09:00,1.157407403,1.157407403,1.157005668,1.157005668
12/06/2026 09:15,1.158077598,1.158748627,1.157273531,1.157273531
12/06/2026 09:30,1.158211708,1.158614278,1.157943487,1.157943487
12/06/2026 09:45,1.158077598,1.158480048,1.157943487,1.158480048
12/06/2026 10:00,1.158077598,1.158077598,1.157675385,1.158077598
12/06/2026 10:15,1.159151554,1.159285784,1.158077598,1.158077598
12/06/2026 10:30,1.159017205,1.159151554,1.158882856,1.159151554
12/06/2026 10:45,1.158882856,1.159017205,1.158480048,1.158882856
12/06/2026 11:00,1.158614278,1.158882856,1.158614278,1.158748627
12/06/2026 11:15,1.157675385,1.158748627,1.157541394,1.158614278
12/06/2026 11:30,1.157943487,1.158211708,1.157675385,1.157675385
12/06/2026 11:45,1.157675385,1.158077598,1.157541394,1.157943487
12/06/2026 12:00,1.157675385,1.157809496,1.157541394,1.157809496
12/06/2026 12:15,1.157943487,1.158077598,1.157809496,1.157943487
12/06/2026 12:30,1.158211708,1.158211708,1.157675385,1.157809496
12/06/2026 12:45,1.157541394,1.158345819,1.157541394,1.158345819
12/06/2026 13:00,1.15713954,1.157541394,1.157005668,1.157407403
12/06/2026 13:15,1.156470418,1.157273531,1.156470418,1.15713954
12/06/2026 13:30,1.156738043,1.156871796,1.156470418,1.156470418
12/06/2026 13:45,1.156738043,1.156738043,1.156470418,1.156470418
12/06/2026 14:00,1.156871796,1.15713954,1.156604171,1.156738043
12/06/2026 14:15,1.157943487,1.157943487,1.157005668,1.157005668
12/06/2026 14:30,1.157273531,1.158077598,1.156871796,1.157943487
12/06/2026 14:45,1.157273531,1.157541394,1.15713954,1.15713954
12/06/2026 15:00,1.157675385,1.158077598,1.15713954,1.15713954
12/06/2026 15:15,1.157407403,1.157675385,1.15713954,1.157675385
12/06/2026 15:30,1.157675385,1.157943487,1.157273531,1.157273531
12/06/2026 15:45,1.157943487,1.158077598,1.15713954,1.157541394
12/06/2026 16:00,1.157943487,1.157943487,1.157541394,1.157541394
12/06/2026 16:15,1.158614278,1.158614278,1.157943487,1.158077598
12/06/2026 16:30,1.158077598,1.158614278,1.157943487,1.158614278
12/06/2026 16:45,1.157675385,1.158211708,1.157675385,1.157943487
12/06/2026 17:00,1.157675385,1.157675385,1.157273531,1.157675385
12/06/2026 17:15,1.157541394,1.157809496,1.157407403,1.157675385
12/06/2026 17:30,1.157541394,1.157809496,1.157541394,1.157675385
12/06/2026 17:45,1.157809496,1.157809496,1.157675385,1.157675385
12/06/2026 18:00,1.157541394,1.158077598,1.157541394,1.157943487
12/06/2026 18:15,1.157943487,1.157943487,1.157675385,1.157675385
12/06/2026 18:30,1.157943487,1.157943487,1.157809496,1.157943487
12/06/2026 18:45,1.157809496,1.157943487,1.157675385,1.157943487
12/06/2026 19:00,1.157675385,1.157809496,1.157541394,1.157809496
12/06/2026 19:15,1.157809496,1.157943487,1.157675385,1.157675385
12/06/2026 19:30,1.158077598,1.158211708,1.157943487,1.157943487
12/06/2026 19:45,1.157943487,1.158211708,1.157943487,1.158077598
12/06/2026 20:00,1.157943487,1.158077598,1.157675385,1.157675385
12/06/2026 20:15,1.157809496,1.157943487,1.157675385,1.157809496
12/06/2026 20:30,1.157541394,1.157809496,1.157541394,1.157809496
12/06/2026 20:45,1.157407403,1.157541394,1.157273531,1.157407403
12/06/2026 21:00,1.157273531,1.157407403,1.157273531,1.157407403
12/06/2026 21:15,1.157273531,1.157407403,1.15713954,1.157273531
12/06/2026 21:30,1.157005668,1.15713954,1.157005668,1.15713954
12/06/2026 21:45,1.15713954,1.157273531,1.157005668,1.157005668
12/06/2026 22:00,1.157273531,1.157273531,1.15713954,1.15713954
12/06/2026 22:15,1.157273531,1.157273531,1.157273531,1.157273531
15/06/2026 00:00,1.160766125,1.161170483,1.160766125,1.161170483
15/06/2026 00:15,1.160766125,1.161035657,1.160766125,1.160900831
15/06/2026 00:30,1.161035657,1.161035657,1.160766125,1.160766125
15/06/2026 00:45,1.160631418,1.161170483,1.160631418,1.161035657
15/06/2026 01:00,1.161440134,1.161440134,1.160900831,1.160900831
15/06/2026 01:15,1.161035657,1.161440134,1.161035657,1.161305308
15/06/2026 01:30,1.160900831,1.161035657,1.160900831,1.161035657
15/06/2026 01:45,1.160227418,1.160900831,1.160227418,1.160900831
15/06/2026 02:00,1.160092831,1.160227418,1.159823656,1.160092831
15/06/2026 02:15,1.160227418,1.160227418,1.160092831,1.160092831
15/06/2026 02:30,1.159958243,1.160227418,1.159958243,1.160092831
15/06/2026 02:45,1.160092831,1.160496712,1.159958243,1.159958243
15/06/2026 03:00,1.159823656,1.160227418,1.159823656,1.160227418
15/06/2026 03:15,1.160092831,1.160227418,1.159823656,1.159823656
15/06/2026 03:30,1.160227418,1.160362005,1.160227418,1.160227418
15/06/2026 03:45,1.160227418,1.160362005,1.160092831,1.160227418
15/06/2026 04:00,1.160227418,1.160362005,1.160227418,1.160362005
15/06/2026 04:15,1.160496712,1.160496712,1.160227418,1.160227418
15/06/2026 04:30,1.160766125,1.160766125,1.160496712,1.160496712
15/06/2026 04:45,1.160766125,1.160766125,1.160766125,1.160766125
15/06/2026 05:00,1.160766125,1.160900831,1.160631418,1.160766125
15/06/2026 05:15,1.161170483,1.161170483,1.160766125,1.160766125
15/06/2026 05:30,1.161440134,1.161440134,1.161305308,1.161305308
15/06/2026 05:45,1.161575079,1.161710024,1.161440134,1.161440134
15/06/2026 06:00,1.162250042,1.162385225,1.161710024,1.161710024
15/06/2026 06:15,1.162115097,1.162385225,1.162115097,1.162250042
15/06/2026 06:30,1.161710024,1.162250042,1.161710024,1.162250042
15/06/2026 06:45,1.161980033,1.162115097,1.161844969,1.161844969
15/06/2026 07:00,1.161305308,1.162115097,1.161170483,1.162115097
15/06/2026 07:15,1.161170483,1.161440134,1.161035657,1.161305308
15/06/2026 07:30,1.161035657,1.161170483,1.160362005,1.160900831
15/06/2026 07:45,1.160900831,1.161170483,1.160900831,1.161170483
15/06/2026 08:00,1.161035657,1.161305308,1.160631418,1.160766125
15/06/2026 08:15,1.161170483,1.161440134,1.160900831,1.161035657
15/06/2026 08:30,1.161170483,1.161305308,1.160900831,1.161170483
15/06/2026 08:45,1.161035657,1.161035657,1.160766125,1.161035657
15/06/2026 09:00,1.160900831,1.161170483,1.160900831,1.160900831
15/06/2026 09:15,1.161170483,1.161305308,1.160900831,1.160900831
15/06/2026 09:30,1.160496712,1.161305308,1.160496712,1.161035657
15/06/2026 09:45,1.160496712,1.160496712,1.160092831,1.160362005
15/06/2026 10:00,1.161035657,1.161305308,1.160496712,1.160496712
15/06/2026 10:15,1.160900831,1.160900831,1.160766125,1.160766125
15/06/2026 10:30,1.161170483,1.161305308,1.160900831,1.160900831
15/06/2026 10:45,1.160900831,1.161170483,1.160900831,1.161170483
15/06/2026 11:00,1.161035657,1.161035657,1.160766125,1.160900831
15/06/2026 11:15,1.161440134,1.161440134,1.161035657,1.161035657
15/06/2026 11:30,1.161710024,1.161710024,1.161440134,1.161440134
15/06/2026 11:45,1.161305308,1.161575079,1.161305308,1.161575079
15/06/2026 12:00,1.161575079,1.161710024,1.161440134,1.161575079
15/06/2026 12:15,1.161035657,1.161440134,1.161035657,1.161440134
15/06/2026 12:30,1.160900831,1.161305308,1.160900831,1.161170483
15/06/2026 12:45,1.161305308,1.161710024,1.161170483,1.161170483
15/06/2026 13:00,1.161035657,1.161575079,1.161035657,1.161305308
15/06/2026 13:15,1.161305308,1.161305308,1.160766125,1.160900831
15/06/2026 13:30,1.161710024,1.161710024,1.161305308,1.161440134
15/06/2026 13:45,1.161844969,1.162115097,1.161710024,1.161844969
15/06/2026 14:00,1.161844969,1.161980033,1.161710024,1.161710024
15/06/2026 14:15,1.161980033,1.162115097,1.161844969,1.162115097
15/06/2026 14:30,1.161980033,1.162385225,1.161710024,1.161844969
15/06/2026 14:45,1.161980033,1.162115097,1.161710024,1.161980033
15/06/2026 15:00,1.161710024,1.162115097,1.161575079,1.161980033
15/06/2026 15:15,1.161575079,1.161844969,1.161305308,1.161844969
15/06/2026 15:30,1.161035657,1.161575079,1.160900831,1.161440134
15/06/2026 15:45,1.161305308,1.161575079,1.160900831,1.161035657
15/06/2026 16:00,1.160766125,1.161035657,1.160766125,1.160900831
15/06/2026 16:15,1.160631418,1.161035657,1.160496712,1.160900831
15/06/2026 16:30,1.160092831,1.160631418,1.160092831,1.160631418
15/06/2026 16:45,1.160227418,1.160227418,1.160092831,1.160092831
15/06/2026 17:00,1.160631418,1.160631418,1.160092831,1.160092831
15/06/2026 17:15,1.160766125,1.160766125,1.160496712,1.160631418
15/06/2026 17:30,1.160227418,1.160766125,1.160092831,1.160766125
15/06/2026 17:45,1.160766125,1.160900831,1.160362005,1.160362005
15/06/2026 18:00,1.160496712,1.160766125,1.160362005,1.160766125
15/06/2026 18:15,1.160362005,1.160631418,1.160227418,1.160631418
15/06/2026 18:30,1.160362005,1.160362005,1.160227418,1.160362005
15/06/2026 18:45,1.160227418,1.160362005,1.160227418,1.160362005
15/06/2026 19:00,1.160496712,1.160496712,1.160227418,1.160227418
15/06/2026 19:15,1.160092831,1.160496712,1.160092831,1.160496712
15/06/2026 19:30,1.159958243,1.160092831,1.159823656,1.159958243
15/06/2026 19:45,1.159823656,1.160227418,1.159823656,1.159823656
15/06/2026 20:00,1.15955472,1.159958243,1.159420252,1.159958243
15/06/2026 20:15,1.15955472,1.159689188,1.15955472,1.15955472
15/06/2026 20:30,1.159689188,1.159689188,1.15955472,1.159689188
15/06/2026 20:45,1.158882856,1.159689188,1.158882856,1.159689188
15/06/2026 21:00,1.159151554,1.159151554,1.158748627,1.158748627
15/06/2026 21:15,1.159285784,1.159285784,1.159017205,1.159285784
15/06/2026 21:30,1.159151554,1.159285784,1.159017205,1.159285784
15/06/2026 21:45,1.159151554,1.159285784,1.159017205,1.159151554
15/06/2026 22:00,1.159151554,1.160362005,1.159151554,1.159689188
15/06/2026 22:15,1.159151554,1.159420252,1.159017205,1.159017205
15/06/2026 22:30,1.159823656,1.160092831,1.159017205,1.159017205
15/06/2026 22:45,1.159420252,1.160092831,1.159285784,1.159958243
15/06/2026 23:00,1.159017205,1.159420252,1.159017205,1.159151554
15/06/2026 23:15,1.159017205,1.159017205,1.158882856,1.159017205
15/06/2026 23:30,1.159151554,1.159151554,1.159017205,1.159017205
15/06/2026 23:45,1.159151554,1.159285784,1.159017205,1.159151554
16/06/2026 00:00,1.159420252,1.159420252,1.159151554,1.159151554
16/06/2026 00:15,1.15955472,1.15955472,1.159285784,1.159285784
16/06/2026 00:30,1.159689188,1.159689188,1.159420252,1.15955472
16/06/2026 00:45,1.159420252,1.159689188,1.159420252,1.159689188
16/06/2026 01:00,1.159285784,1.15955472,1.159285784,1.15955472
16/06/2026 01:15,1.159151554,1.159420252,1.159151554,1.159285784
16/06/2026 01:30,1.159420252,1.15955472,1.159285784,1.159285784
16/06/2026 01:45,1.159689188,1.159689188,1.159285784,1.159420252
16/06/2026 02:00,1.15955472,1.159823656,1.159420252,1.159689188
16/06/2026 02:15,1.159420252,1.15955472,1.159420252,1.159420252
16/06/2026 02:30,1.159285784,1.15955472,1.159151554,1.15955472
16/06/2026 02:45,1.159151554,1.159420252,1.159017205,1.159285784
16/06/2026 03:00,1.158882856,1.159017205,1.158882856,1.159017205
16/06/2026 03:15,1.158882856,1.158882856,1.158614278,1.158882856
16/06/2026 03:30,1.159151554,1.159151554,1.159017205,1.159017205
16/06/2026 03:45,1.159151554,1.159151554,1.159017205,1.159151554
16/06/2026 04:00,1.159017205,1.159017205,1.158882856,1.159017205
16/06/2026 04:15,1.158882856,1.159017205,1.158882856,1.159017205
16/06/2026 04:30,1.159017205,1.159017205,1.159017205,1.159017205
16/06/2026 04:45,1.159017205,1.159151554,1.159017205,1.159017205
16/06/2026 05:00,1.158345819,1.159017205,1.158345819,1.159017205
16/06/2026 05:15,1.158211708,1.158480048,1.157943487,1.158345819
16/06/2026 05:30,1.158211708,1.158345819,1.158077598,1.158211708
16/06/2026 05:45,1.158211708,1.158211708,1.157943487,1.158211708
16/06/2026 06:00,1.158077598,1.158345819,1.158077598,1.158211708
16/06/2026 06:15,1.158345819,1.158345819,1.158077598,1.158211708
16/06/2026 06:30,1.158077598,1.158345819,1.158077598,1.158345819
16/06/2026 06:45,1.157943487,1.158077598,1.157943487,1.158077598
16/06/2026 07:00,1.158077598,1.158077598,1.157809496,1.157943487
16/06/2026 07:15,1.158211708,1.158211708,1.157809496,1.157943487
16/06/2026 07:30,1.158480048,1.158882856,1.158211708,1.158211708
16/06/2026 07:45,1.159017205,1.159017205,1.158480048,1.158614278
16/06/2026 08:00,1.159151554,1.159285784,1.158882856,1.158882856
16/06/2026 08:15,1.159420252,1.159420252,1.159151554,1.159151554
16/06/2026 08:30,1.15955472,1.159689188,1.159285784,1.159420252
16/06/2026 08:45,1.159823656,1.159823656,1.15955472,1.15955472
16/06/2026 09:00,1.160227418,1.160227418,1.159689188,1.159823656
16/06/2026 09:15,1.160496712,1.160496712,1.160092831,1.160092831
16/06/2026 09:30,1.160496712,1.160631418,1.160227418,1.160631418
16/06/2026 09:45,1.160900831,1.161035657,1.160362005,1.160496712
16/06/2026 10:00,1.161035657,1.161305308,1.160766125,1.161035657
16/06/2026 10:15,1.160496712,1.161035657,1.160362005,1.161035657
16/06/2026 10:30,1.160362005,1.160631418,1.160362005,1.160631418
16/06/2026 10:45,1.160496712,1.160631418,1.160362005,1.160362005
16/06/2026 11:00,1.161035657,1.161035657,1.160362005,1.160496712
16/06/2026 11:15,1.161305308,1.161575079,1.161170483,1.161170483
16/06/2026 11:30,1.161440134,1.161575079,1.161170483,1.161170483
16/06/2026 11:45,1.161575079,1.161575079,1.161305308,1.161440134
16/06/2026 12:00,1.161170483,1.161440134,1.161170483,1.161440134
16/06/2026 12:15,1.160766125,1.161170483,1.160631418,1.161170483
16/06/2026 12:30,1.160227418,1.160900831,1.160092831,1.160766125
16/06/2026 12:45,1.160227418,1.160362005,1.160092831,1.160227418
16/06/2026 13:00,1.159958243,1.160227418,1.159689188,1.160227418
16/06/2026 13:15,1.159823656,1.159958243,1.15955472,1.159958243
16/06/2026 13:30,1.160496712,1.160496712,1.159823656,1.159823656
16/06/2026 13:45,1.160362005,1.160496712,1.159958243,1.160362005
16/06/2026 14:00,1.160362005,1.160631418,1.160227418,1.160362005
16/06/2026 14:15,1.160092831,1.160362005,1.159823656,1.160227418
16/06/2026 14:30,1.160227418,1.160631418,1.160092831,1.160092831
16/06/2026 14:45,1.15955472,1.160092831,1.15955472,1.160092831
16/06/2026 15:00,1.159823656,1.159958243,1.159151554,1.159958243
16/06/2026 15:15,1.159420252,1.159958243,1.159420252,1.159689188
16/06/2026 15:30,1.159958243,1.159958243,1.159151554,1.159420252
16/06/2026 15:45,1.161035657,1.161170483,1.159958243,1.159958243
16/06/2026 16:00,1.160496712,1.161170483,1.160362005,1.161035657
16/06/2026 16:15,1.160496712,1.160900831,1.160496712,1.160496712
16/06/2026 16:30,1.161035657,1.161170483,1.160496712,1.160496712
16/06/2026 16:45,1.161710024,1.162115097,1.160766125,1.160766125
16/06/2026 17:00,1.161980033,1.162115097,1.161710024,1.161710024
16/06/2026 17:15,1.161980033,1.162250042,1.161980033,1.162115097
16/06/2026 17:30,1.161710024,1.162115097,1.161710024,1.161980033
16/06/2026 17:45,1.161710024,1.161844969,1.161575079,1.161710024
16/06/2026 18:00,1.161575079,1.161710024,1.161440134,1.161575079
16/06/2026 18:15,1.161575079,1.161575079,1.161440134,1.161575079
16/06/2026 18:30,1.161575079,1.161575079,1.161440134,1.161575079
16/06/2026 18:45,1.161440134,1.161575079,1.161440134,1.161440134
16/06/2026 19:00,1.161440134,1.161710024,1.161440134,1.161575079
16/06/2026 19:15,1.161440134,1.161440134,1.161440134,1.161440134
16/06/2026 19:30,1.161035657,1.161440134,1.161035657,1.161305308
16/06/2026 19:45,1.161440134,1.161440134,1.161035657,1.161170483
16/06/2026 20:00,1.161440134,1.161710024,1.161440134,1.161575079
16/06/2026 20:15,1.161575079,1.161575079,1.161440134,1.161440134
16/06/2026 20:30,1.161170483,1.161440134,1.161170483,1.161440134
16/06/2026 20:45,1.161170483,1.161170483,1.161035657,1.161170483
16/06/2026 21:00,1.161170483,1.161170483,1.161035657,1.161035657
16/06/2026 21:15,1.161305308,1.161305308,1.161170483,1.161170483
16/06/2026 21:30,1.161035657,1.161305308,1.161035657,1.161305308
16/06/2026 21:45,1.161305308,1.161305308,1.161035657,1.161035657
16/06/2026 22:00,1.161305308,1.161710024,1.161170483,1.161170483
16/06/2026 22:15,1.161440134,1.161844969,1.161170483,1.161844969
16/06/2026 22:30,1.161170483,1.161575079,1.161170483,1.161575079
16/06/2026 22:45,1.161170483,1.161305308,1.161035657,1.161170483
16/06/2026 23:00,1.161440134,1.161440134,1.161440134,1.161440134
16/06/2026 23:15,1.161440134,1.161575079,1.161305308,1.161440134
16/06/2026 23:30,1.161575079,1.161575079,1.161440134,1.161440134
16/06/2026 23:45,1.161575079,1.161710024,1.161575079,1.161575079
17/06/2026 00:00,1.161710024,1.161844969,1.161575079,1.161575079
17/06/2026 00:15,1.161844969,1.161844969,1.161710024,1.161710024
17/06/2026 00:30,1.161710024,1.161844969,1.161575079,1.161844969
17/06/2026 00:45,1.161305308,1.161710024,1.161305308,1.161575079
17/06/2026 01:00,1.161710024,1.161710024,1.161305308,1.161305308
17/06/2026 01:15,1.161844969,1.161980033,1.161710024,1.161710024
17/06/2026 01:30,1.161844969,1.161980033,1.161710024,1.161844969
17/06/2026 01:45,1.161844969,1.161844969,1.161575079,1.161844969
17/06/2026 02:00,1.161710024,1.161980033,1.161710024,1.161710024
17/06/2026 02:15,1.161575079,1.161710024,1.161575079,1.161710024
17/06/2026 02:30,1.161575079,1.161710024,1.161440134,1.161440134
17/06/2026 02:45,1.161575079,1.161710024,1.161440134,1.161710024
17/06/2026 03:00,1.161575079,1.161575079,1.161575079,1.161575079
17/06/2026 03:15,1.161710024,1.161844969,1.161575079,1.161575079
17/06/2026 03:30,1.161710024,1.161710024,1.161575079,1.161710024
17/06/2026 03:45,1.161305308,1.161575079,1.161305308,1.161575079
17/06/2026 04:00,1.161440134,1.161440134,1.161305308,1.161305308
17/06/2026 04:15,1.161440134,1.161440134,1.161305308,1.161440134
17/06/2026 04:30,1.161440134,1.161575079,1.161440134,1.161440134
17/06/2026 04:45,1.161440134,1.161440134,1.161440134,1.161440134
17/06/2026 05:00,1.161575079,1.161710024,1.161305308,1.161305308
17/06/2026 05:15,1.161440134,1.161710024,1.161440134,1.161710024
17/06/2026 05:30,1.161440134,1.161575079,1.161440134,1.161575079
17/06/2026 05:45,1.161575079,1.161575079,1.161440134,1.161440134
17/06/2026 06:00,1.161440134,1.161710024,1.161440134,1.161575079
17/06/2026 06:15,1.161575079,1.161710024,1.161440134,1.161575079
17/06/2026 06:30,1.161710024,1.161710024,1.161440134,1.161440134
17/06/2026 06:45,1.161575079,1.161844969,1.161440134,1.161710024
17/06/2026 07:00,1.161440134,1.161844969,1.161305308,1.161440134
17/06/2026 07:15,1.160900831,1.161440134,1.160900831,1.161440134
17/06/2026 07:30,1.161035657,1.161035657,1.160766125,1.160900831
17/06/2026 07:45,1.161170483,1.161170483,1.160900831,1.160900831
17/06/2026 08:00,1.161710024,1.161710024,1.161170483,1.161170483
17/06/2026 08:15,1.161035657,1.161844969,1.161035657,1.161710024
17/06/2026 08:30,1.160900831,1.161170483,1.160766125,1.161035657
17/06/2026 08:45,1.161170483,1.161170483,1.160900831,1.160900831
17/06/2026 09:00,1.160766125,1.161035657,1.160496712,1.161035657
17/06/2026 09:15,1.160496712,1.160766125,1.160227418,1.160766125
17/06/2026 09:30,1.160496712,1.160631418,1.160496712,1.160496712
17/06/2026 09:45,1.160496712,1.160631418,1.160362005,1.160362005
17/06/2026 10:00,1.160496712,1.160631418,1.160496712,1.160496712
17/06/2026 10:15,1.160766125,1.160900831,1.160496712,1.160496712
17/06/2026 10:30,1.160496712,1.160900831,1.160496712,1.160900831
17/06/2026 10:45,1.160766125,1.160766125,1.160496712,1.160496712
17/06/2026 11:00,1.160766125,1.160766125,1.160631418,1.160631418
17/06/2026 11:15,1.159958243,1.160631418,1.159958243,1.160631418
17/06/2026 11:30,1.160362005,1.160362005,1.160092831,1.160092831
17/06/2026 11:45,1.160092831,1.160362005,1.159958243,1.160362005
17/06/2026 12:00,1.159420252,1.159958243,1.159420252,1.159958243
17/06/2026 12:15,1.159285784,1.159823656,1.159285784,1.15955472
17/06/2026 12:30,1.159017205,1.159285784,1.158882856,1.159285784
17/06/2026 12:45,1.159420252,1.159420252,1.159017205,1.159151554
17/06/2026 13:00,1.15955472,1.159689188,1.159420252,1.15955472
17/06/2026 13:15,1.160092831,1.160092831,1.159420252,1.15955472
17/06/2026 13:30,1.160092831,1.160227418,1.159823656,1.159823656
17/06/2026 13:45,1.160631418,1.160631418,1.160092831,1.160092831
17/06/2026 14:00,1.160362005,1.160496712,1.160227418,1.160496712
17/06/2026 14:15,1.160227418,1.160631418,1.160092831,1.160362005
17/06/2026 14:30,1.160092831,1.160362005,1.159958243,1.160227418
17/06/2026 14:45,1.160092831,1.160496712,1.160092831,1.160092831
17/06/2026 15:00,1.15955472,1.160092831,1.15955472,1.160092831
17/06/2026 15:15,1.15955472,1.159689188,1.159420252,1.159689188
17/06/2026 15:30,1.15955472,1.159958243,1.159420252,1.159823656
17/06/2026 15:45,1.159285784,1.159689188,1.158748627,1.159689188
17/06/2026 16:00,1.159420252,1.15955472,1.159017205,1.159151554
17/06/2026 16:15,1.15955472,1.159689188,1.159420252,1.15955472
17/06/2026 16:30,1.159689188,1.159689188,1.159285784,1.15955472
17/06/2026 16:45,1.15955472,1.159689188,1.15955472,1.159689188
17/06/2026 17:00,1.159285784,1.15955472,1.159285784,1.15955472
17/06/2026 17:15,1.15955472,1.15955472,1.159420252,1.159420252
17/06/2026 17:30,1.159420252,1.159420252,1.159285784,1.159420252
17/06/2026 17:45,1.15955472,1.15955472,1.159285784,1.159420252
17/06/2026 18:00,1.159420252,1.159420252,1.159285784,1.159420252
17/06/2026 18:15,1.159420252,1.159420252,1.159285784,1.159420252
17/06/2026 18:30,1.159689188,1.159689188,1.159420252,1.159420252
17/06/2026 18:45,1.159958243,1.159958243,1.15955472,1.159689188
17/06/2026 19:00,1.154734373,1.156604171,1.154734373,1.155268073
17/06/2026 19:15,1.155134559,1.155935645,1.155001163,1.155001163
17/06/2026 19:30,1.156604171,1.156604171,1.154068112,1.155001163
17/06/2026 19:45,1.154201269,1.156470418,1.154201269,1.156336784
17/06/2026 20:00,1.151675701,1.154334545,1.151145339,1.154334545
17/06/2026 20:15,1.149953961,1.151675701,1.149953961,1.15141046
17/06/2026 20:30,1.148633122,1.149821758,1.148237467,1.149689674
17/06/2026 20:45,1.149689674,1.149953961,1.149029136,1.149029136
17/06/2026 21:00,1.149425268,1.150086284,1.149029136,1.150086284
17/06/2026 21:15,1.150350809,1.150350809,1.149293184,1.149293184
17/06/2026 21:30,1.150615573,1.150880456,1.150350809,1.150350809
17/06/2026 21:45,1.150483251,1.150615573,1.150350809,1.150615573
17/06/2026 22:00,1.150615573,1.150880456,1.150218487,1.150880456
17/06/2026 22:15,1.150748014,1.151012897,1.150218487,1.150483251
17/06/2026 22:30,1.150483251,1.150880456,1.150218487,1.150748014
17/06/2026 22:45,1.150615573,1.150880456,1.150483251,1.150483251
17/06/2026 23:00,1.150748014,1.150748014,1.150350809,1.150615573
17/06/2026 23:15,1.150615573,1.150748014,1.150483251,1.150615573
17/06/2026 23:30,1.150748014,1.150880456,1.150483251,1.150483251
17/06/2026 23:45,1.150880456,1.151012897,1.150748014,1.150748014
18/06/2026 00:00,1.151145339,1.151145339,1.150748014,1.150748014
18/06/2026 00:15,1.151012897,1.151145339,1.151012897,1.151145339
18/06/2026 00:30,1.151012897,1.151012897,1.150748014,1.150880456
18/06/2026 00:45,1.151012897,1.151012897,1.150880456,1.151012897
18/06/2026 01:00,1.15154314,1.15233922,1.1512779,1.1512779
18/06/2026 01:15,1.15141046,1.151675701,1.1512779,1.15154314
18/06/2026 01:30,1.15141046,1.15154314,1.1512779,1.15141046
18/06/2026 01:45,1.151941061,1.151941061,1.1512779,1.15141046
18/06/2026 02:00,1.15233922,1.15233922,1.151941061,1.151941061
18/06/2026 02:15,1.152472019,1.152472019,1.152206421,1.15233922
18/06/2026 02:30,1.152472019,1.152604818,1.15233922,1.152472019
18/06/2026 02:45,1.151941061,1.152472019,1.151941061,1.152472019
18/06/2026 03:00,1.151941061,1.152073741,1.151808381,1.152073741
18/06/2026 03:15,1.151941061,1.151941061,1.151675701,1.151675701
18/06/2026 03:30,1.15233922,1.15233922,1.151941061,1.151941061
18/06/2026 03:45,1.152206421,1.152604818,1.152206421,1.15233922
18/06/2026 04:00,1.152206421,1.152206421,1.152073741,1.152206421
18/06/2026 04:15,1.152604818,1.152604818,1.152206421,1.15233922
18/06/2026 04:30,1.152604818,1.152737737,1.152472019,1.152604818
18/06/2026 04:45,1.152737737,1.152737737,1.152472019,1.152604818
18/06/2026 05:00,1.152472019,1.152870655,1.152472019,1.152870655
18/06/2026 05:15,1.152604818,1.152604818,1.152472019,1.152604818
18/06/2026 05:30,1.152604818,1.152737737,1.152472019,1.152472019
18/06/2026 05:45,1.152604818,1.152737737,1.152604818,1.152737737
18/06/2026 06:00,1.152604818,1.152737737,1.152604818,1.152604818
18/06/2026 06:15,1.152206421,1.152472019,1.152206421,1.152472019
18/06/2026 06:30,1.152073741,1.152206421,1.151941061,1.152073741
18/06/2026 06:45,1.15141046,1.152073741,1.15141046,1.152073741
18/06/2026 07:00,1.152604818,1.152604818,1.151675701,1.151675701
18/06/2026 07:15,1.153003573,1.153003573,1.15233922,1.152604818
18/06/2026 07:30,1.152870655,1.153136492,1.152472019,1.152870655
18/06/2026 07:45,1.15233922,1.152870655,1.15233922,1.152870655
18/06/2026 08:00,1.15154314,1.152206421,1.15154314,1.152206421
18/06/2026 08:15,1.1512779,1.151808381,1.151145339,1.151675701
18/06/2026 08:30,1.151808381,1.151808381,1.151012897,1.1512779
18/06/2026 08:45,1.15154314,1.15233922,1.15154314,1.152073741
18/06/2026 09:00,1.150880456,1.151675701,1.150880456,1.15154314
18/06/2026 09:15,1.150483251,1.151012897,1.150483251,1.150880456
18/06/2026 09:30,1.149689674,1.150615573,1.149557471,1.150615573
18/06/2026 09:45,1.148633122,1.149557471,1.148633122,1.149557471
18/06/2026 10:00,1.147973776,1.148897052,1.14784205,1.148237467
18/06/2026 10:15,1.147973776,1.148501158,1.147973776,1.148501158
18/06/2026 10:30,1.148501158,1.148633122,1.14784205,1.147973776
18/06/2026 10:45,1.148105621,1.148633122,1.147973776,1.148501158
18/06/2026 11:00,1.147315264,1.147973776,1.146525979,1.147973776
18/06/2026 11:15,1.147446871,1.147710323,1.14705205,1.147315264
18/06/2026 11:30,1.146657467,1.147446871,1.146657467,1.147446871
18/06/2026 11:45,1.14639461,1.146789074,1.146263242,1.146789074
18/06/2026 12:00,1.14639461,1.146920443,1.146263242,1.146525979
18/06/2026 12:15,1.146657467,1.146789074,1.145737886,1.146263242
18/06/2026 12:30,1.146263242,1.146789074,1.146131754,1.146525979
18/06/2026 12:45,1.146131754,1.146263242,1.146000385,1.146263242
18/06/2026 13:00,1.147315264,1.147315264,1.145737886,1.145869136
18/06/2026 13:15,1.147446871,1.148369312,1.146920443,1.147315264
18/06/2026 13:30,1.146789074,1.147578597,1.146789074,1.147446871
18/06/2026 13:45,1.147315264,1.147446871,1.146920443,1.146920443
18/06/2026 14:00,1.147315264,1.147315264,1.146789074,1.147183657
18/06/2026 14:15,1.147446871,1.147446871,1.146657467,1.147315264
18/06/2026 14:30,1.147973776,1.148633122,1.147578597,1.147578597
18/06/2026 14:45,1.147446871,1.147973776,1.147446871,1.147710323
18/06/2026 15:00,1.147446871,1.147710323,1.14705205,1.147578597
18/06/2026 15:15,1.14784205,1.147973776,1.147315264,1.147315264
18/06/2026 15:30,1.147578597,1.14784205,1.147446871,1.147578597
18/06/2026 15:45,1.148897052,1.149029136,1.147710323,1.147710323
18/06/2026 16:00,1.148237467,1.149029136,1.148237467,1.149029136
18/06/2026 16:15,1.148105621,1.148369312,1.147973776,1.148369312
18/06/2026 16:30,1.147710323,1.148105621,1.147578597,1.148105621
18/06/2026 16:45,1.147315264,1.147973776,1.147315264,1.14784205
18/06/2026 17:00,1.14705205,1.147446871,1.146920443,1.147446871
18/06/2026 17:15,1.147315264,1.147446871,1.146789074,1.146920443
18/06/2026 17:30,1.146920443,1.147315264,1.146657467,1.147315264
18/06/2026 17:45,1.146920443,1.14705205,1.146525979,1.14705205
18/06/2026 18:00,1.147446871,1.147446871,1.146789074,1.146789074
18/06/2026 18:15,1.147578597,1.147710323,1.147446871,1.147446871
18/06/2026 18:30,1.146920443,1.147446871,1.146920443,1.147446871
18/06/2026 18:45,1.146525979,1.146789074,1.146525979,1.146789074
18/06/2026 19:00,1.146657467,1.146789074,1.14639461,1.146525979
18/06/2026 19:15,1.146525979,1.146920443,1.146525979,1.146657467
18/06/2026 19:30,1.146789074,1.146789074,1.146657467,1.146657467
18/06/2026 19:45,1.14639461,1.146789074,1.146263242,1.146789074
18/06/2026 20:00,1.145869136,1.146263242,1.145737886,1.146263242
18/06/2026 20:15,1.145606637,1.145869136,1.145475388,1.145869136
18/06/2026 20:30,1.146263242,1.146263242,1.145737886,1.145737886
18/06/2026 20:45,1.146131754,1.146525979,1.146131754,1.146131754
18/06/2026 21:00,1.146525979,1.146525979,1.146000385,1.146000385
18/06/2026 21:15,1.146525979,1.146657467,1.14639461,1.146525979
18/06/2026 21:30,1.146263242,1.146525979,1.146263242,1.146525979
18/06/2026 21:45,1.146000385,1.146263242,1.146000385,1.146263242
18/06/2026 22:00,1.146263242,1.146920443,1.145475388,1.146131754
18/06/2026 22:15,1.146263242,1.14639461,1.146131754,1.14639461
18/06/2026 22:30,1.146657467,1.146920443,1.146000385,1.14639461
18/06/2026 22:45,1.14639461,1.147183657,1.14639461,1.14705205
18/06/2026 23:00,1.146525979,1.146789074,1.146263242,1.14639461
18/06/2026 23:15,1.14639461,1.146525979,1.146263242,1.146525979
18/06/2026 23:30,1.14639461,1.146525979,1.146263242,1.14639461
18/06/2026 23:45,1.146657467,1.146657467,1.14639461,1.14639461
19/06/2026 00:00,1.146525979,1.146525979,1.14639461,1.146525979
19/06/2026 00:15,1.14639461,1.146525979,1.14639461,1.146525979
19/06/2026 00:30,1.146263242,1.146525979,1.146263242,1.14639461
19/06/2026 00:45,1.146131754,1.14639461,1.146131754,1.14639461
19/06/2026 01:00,1.146525979,1.146789074,1.146525979,1.146525979
19/06/2026 01:15,1.14639461,1.146657467,1.14639461,1.146657467
19/06/2026 01:30,1.146525979,1.146789074,1.14639461,1.146525979
19/06/2026 01:45,1.146657467,1.146789074,1.146525979,1.146525979
19/06/2026 02:00,1.14639461,1.146657467,1.14639461,1.146657467
19/06/2026 02:15,1.14639461,1.146525979,1.146263242,1.146525979
19/06/2026 02:30,1.146131754,1.14639461,1.146131754,1.14639461
19/06/2026 02:45,1.145606637,1.146131754,1.145606637,1.146131754
19/06/2026 03:00,1.145606637,1.145737886,1.145475388,1.145606637
19/06/2026 03:15,1.146000385,1.146000385,1.145606637,1.145606637
19/06/2026 03:30,1.146000385,1.146131754,1.146000385,1.146000385
19/06/2026 03:45,1.145737886,1.146000385,1.145737886,1.146000385
19/06/2026 04:00,1.145475388,1.145737886,1.145344257,1.145737886
19/06/2026 04:15,1.144688606,1.145213008,1.144688606,1.145213008
19/06/2026 04:30,1.144819736,1.144950747,1.144688606,1.144819736
19/06/2026 04:45,1.144557595,1.144819736,1.144557595,1.144819736
19/06/2026 05:00,1.144426703,1.144557595,1.144164801,1.144557595
19/06/2026 05:15,1.144295692,1.144426703,1.144164801,1.144295692
19/06/2026 05:30,1.143903017,1.144688606,1.143903017,1.144295692
19/06/2026 05:45,1.143249154,1.143903017,1.143118382,1.143903017
19/06/2026 06:00,1.142857194,1.143118382,1.142726541,1.143118382
19/06/2026 06:15,1.142596006,1.142857194,1.142204404,1.142726541
19/06/2026 06:30,1.142596006,1.142857194,1.142204404,1.142857194
19/06/2026 06:45,1.143379807,1.143641353,1.142726541,1.142726541
19/06/2026 07:00,1.143772125,1.143903017,1.14351058,1.14351058
19/06/2026 07:15,1.144164801,1.144164801,1.143641353,1.143641353
19/06/2026 07:30,1.143641353,1.14403379,1.14351058,1.14403379
19/06/2026 07:45,1.144557595,1.144557595,1.143772125,1.143772125
19/06/2026 08:00,1.144819736,1.145213008,1.144688606,1.144688606
19/06/2026 08:15,1.144950747,1.145081878,1.144557595,1.144819736
19/06/2026 08:30,1.144950747,1.145213008,1.144819736,1.144950747
19/06/2026 08:45,1.144950747,1.145213008,1.144819736,1.145081878
19/06/2026 09:00,1.145475388,1.145869136,1.145213008,1.145213008
19/06/2026 09:15,1.146000385,1.14639461,1.145475388,1.145475388
19/06/2026 09:30,1.146789074,1.146789074,1.146131754,1.146131754
19/06/2026 09:45,1.146789074,1.146920443,1.146525979,1.146920443
19/06/2026 10:00,1.146525979,1.146657467,1.146263242,1.146657467
19/06/2026 10:15,1.14639461,1.146657467,1.14639461,1.146525979
19/06/2026 10:30,1.146657467,1.146920443,1.146525979,1.146525979
19/06/2026 10:45,1.14639461,1.146657467,1.14639461,1.146525979
19/06/2026 11:00,1.146263242,1.146525979,1.146263242,1.14639461
19/06/2026 11:15,1.146000385,1.146263242,1.145606637,1.146263242
19/06/2026 11:30,1.146263242,1.146263242,1.145869136,1.145869136
19/06/2026 11:45,1.146789074,1.146789074,1.146131754,1.14639461
19/06/2026 12:00,1.146789074,1.146789074,1.146525979,1.146657467
19/06/2026 12:15,1.146789074,1.14705205,1.146789074,1.146789074
19/06/2026 12:30,1.146789074,1.146789074,1.14639461,1.146657467
19/06/2026 12:45,1.14639461,1.146920443,1.146263242,1.146789074
19/06/2026 13:00,1.146920443,1.14705205,1.146525979,1.146525979
19/06/2026 13:15,1.146789074,1.14705205,1.146789074,1.146920443
19/06/2026 13:30,1.146789074,1.146920443,1.146657467,1.146657467
19/06/2026 13:45,1.147446871,1.147710323,1.146789074,1.146789074
19/06/2026 14:00,1.146657467,1.147578597,1.146657467,1.147446871
19/06/2026 14:15,1.146657467,1.146789074,1.14639461,1.146657467
19/06/2026 14:30,1.14639461,1.146789074,1.146131754,1.146789074
19/06/2026 14:45,1.146657467,1.146789074,1.146525979,1.146525979
19/06/2026 15:00,1.14639461,1.146789074,1.14639461,1.146525979
19/06/2026 15:15,1.146525979,1.146525979,1.146131754,1.146263242
19/06/2026 15:30,1.146920443,1.146920443,1.146525979,1.146525979
19/06/2026 15:45,1.14705205,1.147315264,1.146657467,1.14705205
19/06/2026 16:00,1.147315264,1.147710323,1.147183657,1.147315264
19/06/2026 16:15,1.147183657,1.147446871,1.147183657,1.147315264
19/06/2026 16:30,1.146789074,1.14705205,1.146657467,1.14705205
19/06/2026 16:45,1.146657467,1.146920443,1.146657467,1.146789074
19/06/2026 17:00,1.146789074,1.146920443,1.146657467,1.146657467
19/06/2026 17:15,1.147183657,1.147183657,1.146525979,1.146789074
19/06/2026 17:30,1.146920443,1.147183657,1.146789074,1.147183657
19/06/2026 17:45,1.147315264,1.147315264,1.146789074,1.146920443
19/06/2026 18:00,1.147183657,1.147578597,1.147183657,1.147315264
19/06/2026 18:15,1.147315264,1.147446871,1.147315264,1.147315264
19/06/2026 18:30,1.14784205,1.14784205,1.147315264,1.147315264
19/06/2026 18:45,1.14784205,1.147973776,1.147446871,1.14784205
19/06/2026 19:00,1.14784205,1.147973776,1.147710323,1.147973776
19/06/2026 19:15,1.148105621,1.148105621,1.14784205,1.14784205
19/06/2026 19:30,1.148369312,1.148369312,1.147973776,1.148105621
19/06/2026 19:45,1.147973776,1.148501158,1.147973776,1.148369312
19/06/2026 20:00,1.148105621,1.148237467,1.147973776,1.147973776
19/06/2026 20:15,1.148105621,1.148105621,1.147973776,1.148105621
19/06/2026 20:30,1.14784205,1.148105621,1.14784205,1.148105621
19/06/2026 20:45,1.148105621,1.148369312,1.14784205,1.14784205
19/06/2026 21:00,1.148105621,1.148237467,1.14784205,1.14784205
19/06/2026 21:15,1.147578597,1.148105621,1.147446871,1.148105621
19/06/2026 21:30,1.147710323,1.14784205,1.147446871,1.147578597
19/06/2026 21:45,1.147315264,1.148501158,1.147315264,1.14784205
19/06/2026 22:00,1.146920443,1.146920443,1.146920443,1.146920443
19/06/2026 22:15,1.146920443,1.146920443,1.146920443,1.146920443
22/06/2026 00:00,1.146789074,1.146920443,1.146657467,1.146657467
22/06/2026 00:15,1.146657467,1.146789074,1.146657467,1.146789074
22/06/2026 00:30,1.146263242,1.146657467,1.146263242,1.146525979
22/06/2026 00:45,1.146525979,1.146525979,1.146131754,1.146263242
22/06/2026 01:00,1.146657467,1.146789074,1.146657467,1.146657467
22/06/2026 01:15,1.146657467,1.146789074,1.146525979,1.146789074
22/06/2026 01:30,1.146263242,1.146525979,1.146263242,1.146525979
22/06/2026 01:45,1.146920443,1.146920443,1.146131754,1.146263242
22/06/2026 02:00,1.147578597,1.147578597,1.147183657,1.147183657
22/06/2026 02:15,1.147183657,1.147315264,1.14705205,1.147315264
22/06/2026 02:30,1.14705205,1.14705205,1.146789074,1.14705205
22/06/2026 02:45,1.146789074,1.147183657,1.146789074,1.14705205
22/06/2026 03:00,1.146657467,1.146789074,1.146657467,1.146657467
22/06/2026 03:15,1.146657467,1.146657467,1.14639461,1.146525979
22/06/2026 03:30,1.146920443,1.146920443,1.146657467,1.146657467
22/06/2026 03:45,1.146920443,1.14705205,1.146789074,1.146920443
22/06/2026 04:00,1.146657467,1.14705205,1.146657467,1.146920443
22/06/2026 04:15,1.146657467,1.146789074,1.146525979,1.146657467
22/06/2026 04:30,1.146131754,1.146657467,1.146131754,1.146657467
22/06/2026 04:45,1.146000385,1.146525979,1.145869136,1.146263242
22/06/2026 05:00,1.145869136,1.146000385,1.145606637,1.146000385
22/06/2026 05:15,1.145869136,1.145869136,1.145737886,1.145737886
22/06/2026 05:30,1.145737886,1.146000385,1.145737886,1.145869136
22/06/2026 05:45,1.145869136,1.145869136,1.145606637,1.145869136
22/06/2026 06:00,1.146000385,1.146000385,1.145869136,1.145869136
22/06/2026 06:15,1.146263242,1.146263242,1.146000385,1.146000385
22/06/2026 06:30,1.146525979,1.146657467,1.146263242,1.146263242
22/06/2026 06:45,1.145869136,1.14639461,1.145869136,1.14639461
22/06/2026 07:00,1.145869136,1.146000385,1.145606637,1.145606637
22/06/2026 07:15,1.146131754,1.146263242,1.145737886,1.146000385
22/06/2026 07:30,1.145737886,1.146000385,1.145606637,1.146000385
22/06/2026 07:45,1.146263242,1.146525979,1.145606637,1.145606637
22/06/2026 08:00,1.146263242,1.146525979,1.146263242,1.14639461
22/06/2026 08:15,1.145606637,1.14639461,1.145606637,1.14639461
22/06/2026 08:30,1.144819736,1.145475388,1.144819736,1.145344257
22/06/2026 08:45,1.144950747,1.145213008,1.144819736,1.144950747
22/06/2026 09:00,1.144819736,1.144950747,1.144557595,1.144950747
22/06/2026 09:15,1.145081878,1.145737886,1.144557595,1.144688606
22/06/2026 09:30,1.144950747,1.145475388,1.144950747,1.145081878
22/06/2026 09:45,1.145344257,1.145344257,1.145081878,1.145213008
22/06/2026 10:00,1.146131754,1.14639461,1.145344257,1.145344257
22/06/2026 10:15,1.146000385,1.146263242,1.146000385,1.146131754
22/06/2026 10:30,1.145869136,1.146263242,1.145869136,1.146000385
22/06/2026 10:45,1.146131754,1.146525979,1.146000385,1.146000385
22/06/2026 11:00,1.146525979,1.146657467,1.146000385,1.146000385
22/06/2026 11:15,1.146263242,1.14639461,1.146131754,1.14639461
22/06/2026 11:30,1.146131754,1.146263242,1.145869136,1.146263242
22/06/2026 11:45,1.145869136,1.146263242,1.145869136,1.146263242
22/06/2026 12:00,1.145606637,1.146000385,1.145606637,1.145737886
22/06/2026 12:15,1.145606637,1.145606637,1.145344257,1.145475388
22/06/2026 12:30,1.145606637,1.145737886,1.145475388,1.145606637
22/06/2026 12:45,1.145081878,1.145737886,1.145081878,1.145606637
22/06/2026 13:00,1.146131754,1.146131754,1.145213008,1.145213008
22/06/2026 13:15,1.146263242,1.146525979,1.145869136,1.146000385
22/06/2026 13:30,1.146525979,1.146525979,1.146263242,1.14639461
22/06/2026 13:45,1.145869136,1.14639461,1.145869136,1.146263242
22/06/2026 14:00,1.144557595,1.145081878,1.144426703,1.145081878
22/06/2026 14:15,1.143903017,1.144688606,1.143903017,1.144688606
22/06/2026 14:30,1.143772125,1.144557595,1.143772125,1.144164801
22/06/2026 14:45,1.143249154,1.14403379,1.143249154,1.143772125
22/06/2026 15:00,1.143903017,1.143903017,1.142857194,1.143249154
22/06/2026 15:15,1.14403379,1.144164801,1.143379807,1.143903017
22/06/2026 15:30,1.14403379,1.14403379,1.143379807,1.143903017
22/06/2026 15:45,1.144819736,1.145344257,1.144164801,1.144164801
22/06/2026 16:00,1.144950747,1.145344257,1.144819736,1.144950747
22/06/2026 16:15,1.144426703,1.145081878,1.144426703,1.144950747
22/06/2026 16:30,1.144164801,1.144426703,1.144164801,1.144295692
22/06/2026 16:45,1.14351058,1.14403379,1.14351058,1.14403379
22/06/2026 17:00,1.143118382,1.14351058,1.142987847,1.14351058
22/06/2026 17:15,1.142987847,1.143249154,1.142987847,1.142987847
22/06/2026 17:30,1.142987847,1.143379807,1.142857194,1.142857194
22/06/2026 17:45,1.14351058,1.14351058,1.142987847,1.142987847
22/06/2026 18:00,1.143379807,1.143641353,1.143379807,1.143379807
22/06/2026 18:15,1.143379807,1.14351058,1.143379807,1.143379807
22/06/2026 18:30,1.143249154,1.143379807,1.143118382,1.143379807
22/06/2026 18:45,1.143249154,1.143379807,1.143249154,1.143249154
22/06/2026 19:00,1.143379807,1.14351058,1.143249154,1.143249154
22/06/2026 19:15,1.143118382,1.143379807,1.143118382,1.143379807
22/06/2026 19:30,1.142857194,1.143118382,1.142857194,1.142987847
22/06/2026 19:45,1.142596006,1.142987847,1.142596006,1.142987847
22/06/2026 20:00,1.142726541,1.142857194,1.142596006,1.142857194
22/06/2026 20:15,1.142465472,1.142726541,1.142465472,1.142726541
22/06/2026 20:30,1.142334938,1.142465472,1.142334938,1.142334938
22/06/2026 20:45,1.142726541,1.142857194,1.142204404,1.142334938
22/06/2026 21:00,1.143118382,1.143249154,1.142857194,1.142857194
22/06/2026 21:15,1.143118382,1.143249154,1.142987847,1.143118382
22/06/2026 21:30,1.143118382,1.143118382,1.142987847,1.142987847
22/06/2026 21:45,1.142987847,1.143249154,1.142987847,1.142987847
22/06/2026 22:00,1.143772125,1.143772125,1.142073989,1.142073989
22/06/2026 22:15,1.143249154,1.143772125,1.142857194,1.142987847
22/06/2026 22:30,1.143379807,1.143379807,1.142857194,1.143379807
22/06/2026 22:45,1.143118382,1.14351058,1.142987847,1.14351058
22/06/2026 23:00,1.143118382,1.143249154,1.142987847,1.142987847
22/06/2026 23:15,1.142987847,1.143249154,1.142987847,1.143249154
22/06/2026 23:30,1.142987847,1.142987847,1.142857194,1.142987847
22/06/2026 23:45,1.143118382,1.143118382,1.142987847,1.142987847
23/06/2026 00:00,1.143118382,1.143249154,1.142987847,1.143118382
23/06/2026 00:15,1.142987847,1.143118382,1.142987847,1.143118382
23/06/2026 00:30,1.142987847,1.143118382,1.142987847,1.142987847
23/06/2026 00:45,1.142987847,1.142987847,1.142987847,1.142987847
23/06/2026 01:00,1.142596006,1.142987847,1.142596006,1.142857194
23/06/2026 01:15,1.142726541,1.142857194,1.142596006,1.142596006
23/06/2026 01:30,1.142987847,1.143118382,1.142857194,1.142857194
23/06/2026 01:45,1.142987847,1.142987847,1.142857194,1.142987847
23/06/2026 02:00,1.142726541,1.143118382,1.142726541,1.143118382
23/06/2026 02:15,1.142726541,1.142857194,1.142596006,1.142596006
23/06/2026 02:30,1.142857194,1.142857194,1.142596006,1.142596006
23/06/2026 02:45,1.142987847,1.143118382,1.142726541,1.142726541
23/06/2026 03:00,1.143641353,1.143641353,1.142987847,1.142987847
23/06/2026 03:15,1.143379807,1.14351058,1.143249154,1.14351058
23/06/2026 03:30,1.143249154,1.143379807,1.143249154,1.143379807
23/06/2026 03:45,1.142987847,1.143249154,1.142857194,1.143249154
23/06/2026 04:00,1.142857194,1.142987847,1.142596006,1.142987847
23/06/2026 04:15,1.142857194,1.142857194,1.142334938,1.142726541
23/06/2026 04:30,1.142987847,1.142987847,1.142726541,1.142857194
23/06/2026 04:45,1.143249154,1.143249154,1.142987847,1.142987847
23/06/2026 05:00,1.143118382,1.143379807,1.143118382,1.143249154
23/06/2026 05:15,1.142987847,1.143118382,1.142857194,1.142987847
23/06/2026 05:30,1.142857194,1.142857194,1.142726541,1.142726541
23/06/2026 05:45,1.142334938,1.142857194,1.142334938,1.142857194
23/06/2026 06:00,1.142465472,1.142596006,1.142334938,1.142334938
23/06/2026 06:15,1.142726541,1.142857194,1.142465472,1.142465472
23/06/2026 06:30,1.142596006,1.142857194,1.142465472,1.142726541
23/06/2026 06:45,1.142596006,1.142596006,1.142334938,1.142596006
23/06/2026 07:00,1.142857194,1.142857194,1.142596006,1.142596006
23/06/2026 07:15,1.142987847,1.143249154,1.142726541,1.142726541
23/06/2026 07:30,1.142596006,1.143118382,1.142596006,1.142987847
23/06/2026 07:45,1.142726541,1.142726541,1.142334938,1.142465472
23/06/2026 08:00,1.14351058,1.143772125,1.142726541,1.142726541
23/06/2026 08:15,1.14403379,1.144164801,1.14351058,1.143772125
23/06/2026 08:30,1.141813159,1.143641353,1.141552567,1.143641353
23/06/2026 08:45,1.141552567,1.142073989,1.141291857,1.141813159
23/06/2026 09:00,1.141682863,1.141943574,1.141552567,1.141552567
23/06/2026 09:15,1.141031504,1.141682863,1.140901327,1.141682863
23/06/2026 09:30,1.140901327,1.14116168,1.140771151,1.14116168
23/06/2026 09:45,1.14116168,1.141291857,1.140901327,1.141031504
23/06/2026 10:00,1.141291857,1.141291857,1.141031504,1.141031504
23/06/2026 10:15,1.141291857,1.141422153,1.141031504,1.141291857
23/06/2026 10:30,1.14116168,1.141422153,1.14116168,1.141291857
23/06/2026 10:45,1.141422153,1.141422153,1.14116168,1.141291857
23/06/2026 11:00,1.141031504,1.141552567,1.140901327,1.141552567
23/06/2026 11:15,1.140901327,1.141291857,1.140901327,1.141291857
23/06/2026 11:30,1.140771151,1.141031504,1.140771151,1.140901327
23/06/2026 11:45,1.140380859,1.140901327,1.139990926,1.140901327
23/06/2026 12:00,1.140510917,1.140510917,1.140250921,1.140510917
23/06/2026 12:15,1.139990926,1.140510917,1.139990926,1.140510917
23/06/2026 12:30,1.139601111,1.139860868,1.139471292,1.139860868
23/06/2026 12:45,1.138822436,1.13973105,1.138822436,1.139601111
23/06/2026 13:00,1.139081836,1.139860868,1.138952136,1.138952136
23/06/2026 13:15,1.138822436,1.139211655,1.138692737,1.139081836
23/06/2026 13:30,1.139081836,1.139341474,1.138822436,1.138822436
23/06/2026 13:45,1.139211655,1.139341474,1.138952136,1.139211655
23/06/2026 14:00,1.138952136,1.13973105,1.138952136,1.139211655
23/06/2026 14:15,1.139341474,1.139601111,1.138822436,1.138822436
23/06/2026 14:30,1.140120864,1.140250921,1.139341474,1.139341474
23/06/2026 14:45,1.139211655,1.140120864,1.139211655,1.140120864
23/06/2026 15:00,1.138952136,1.139341474,1.138822436,1.139341474
23/06/2026 15:15,1.138433456,1.138822436,1.138044834,1.138692737
23/06/2026 15:30,1.138303995,1.138433456,1.138044834,1.138174415
23/06/2026 15:45,1.138563156,1.138692737,1.138303995,1.138563156
23/06/2026 16:00,1.138563156,1.138563156,1.137915373,1.138563156
23/06/2026 16:15,1.138563156,1.138822436,1.138433456,1.138692737
23/06/2026 16:30,1.138174415,1.138692737,1.138174415,1.138433456
23/06/2026 16:45,1.138563156,1.138563156,1.138174415,1.138303995
23/06/2026 17:00,1.138563156,1.138563156,1.138303995,1.138563156
23/06/2026 17:15,1.138303995,1.138692737,1.138303995,1.138563156
23/06/2026 17:30,1.138692737,1.138692737,1.138174415,1.138174415
23/06/2026 17:45,1.138303995,1.138692737,1.138174415,1.138692737
23/06/2026 18:00,1.138303995,1.138303995,1.138044834,1.138174415
23/06/2026 18:15,1.138174415,1.138433456,1.138174415,1.138303995
23/06/2026 18:30,1.138433456,1.138433456,1.138174415,1.138174415
23/06/2026 18:45,1.138303995,1.138433456,1.138174415,1.138433456
23/06/2026 19:00,1.138303995,1.138433456,1.138174415,1.138303995
23/06/2026 19:15,1.138174415,1.138303995,1.138174415,1.138303995
23/06/2026 19:30,1.137915373,1.138303995,1.137915373,1.138174415
23/06/2026 19:45,1.138174415,1.138174415,1.137915373,1.138044834
23/06/2026 20:00,1.138563156,1.138563156,1.138174415,1.138174415
23/06/2026 20:15,1.138433456,1.138563156,1.138303995,1.138563156
23/06/2026 20:30,1.138433456,1.138563156,1.138303995,1.138563156
23/06/2026 20:45,1.138303995,1.138433456,1.138303995,1.138433456
23/06/2026 21:00,1.138303995,1.138303995,1.138174415,1.138174415
23/06/2026 21:15,1.138303995,1.138303995,1.138174415,1.138303995
23/06/2026 21:30,1.138303995,1.138303995,1.138303995,1.138303995
23/06/2026 21:45,1.138433456,1.138563156,1.138303995,1.138303995
23/06/2026 22:00,1.138692737,1.138822436,1.138303995,1.138303995
23/06/2026 22:15,1.138822436,1.138822436,1.138692737,1.138692737
23/06/2026 22:30,1.138822436,1.138952136,1.138692737,1.138822436
23/06/2026 22:45,1.138822436,1.138952136,1.138692737,1.138822436
23/06/2026 23:00,1.138433456,1.138692737,1.138303995,1.138692737
23/06/2026 23:15,1.138303995,1.138433456,1.138174415,1.138433456
23/06/2026 23:30,1.138433456,1.138433456,1.138303995,1.138303995
23/06/2026 23:45,1.138433456,1.138692737,1.138433456,1.138433456
24/06/2026 00:00,1.138433456,1.138563156,1.138433456,1.138433456
24/06/2026 00:15,1.138433456,1.138563156,1.138303995,1.138563156
24/06/2026 00:30,1.138433456,1.138433456,1.138174415,1.138433456
24/06/2026 00:45,1.138303995,1.138692737,1.138303995,1.138563156
24/06/2026 01:00,1.138174415,1.138563156,1.138174415,1.138174415
24/06/2026 01:15,1.137785912,1.138174415,1.13765645,1.138174415
24/06/2026 01:30,1.137915373,1.138044834,1.137785912,1.137785912
24/06/2026 01:45,1.137915373,1.138174415,1.137915373,1.137915373
24/06/2026 02:00,1.137785912,1.137915373,1.137526989,1.137915373
24/06/2026 02:15,1.137526989,1.13765645,1.137397647,1.13765645
24/06/2026 02:30,1.137915373,1.137915373,1.137526989,1.137526989
24/06/2026 02:45,1.137915373,1.138044834,1.13765645,1.13765645
24/06/2026 03:00,1.137915373,1.137915373,1.137785912,1.137915373
24/06/2026 03:15,1.137785912,1.137915373,1.137785912,1.137915373
24/06/2026 03:30,1.13765645,1.137915373,1.13765645,1.137785912
24/06/2026 03:45,1.137138963,1.13765645,1.137138963,1.13765645
24/06/2026 04:00,1.136751175,1.137138963,1.136621952,1.137138963
24/06/2026 04:15,1.136621952,1.136621952,1.136492848,1.136621952
24/06/2026 04:30,1.137138963,1.137138963,1.136751175,1.136751175
24/06/2026 04:45,1.13700974,1.137138963,1.13700974,1.13700974
24/06/2026 05:00,1.136621952,1.13700974,1.136492848,1.13700974
24/06/2026 05:15,1.136880398,1.13700974,1.136621952,1.136621952
24/06/2026 05:30,1.136751175,1.136880398,1.136751175,1.136751175
24/06/2026 05:45,1.136621952,1.136751175,1.136492848,1.136751175
24/06/2026 06:00,1.13700974,1.13700974,1.136621952,1.136621952
24/06/2026 06:15,1.136880398,1.13700974,1.136880398,1.136880398
24/06/2026 06:30,1.136751175,1.13700974,1.136751175,1.13700974
24/06/2026 06:45,1.13700974,1.137138963,1.136880398,1.136880398
24/06/2026 07:00,1.137785912,1.137785912,1.137138963,1.137138963
24/06/2026 07:15,1.136751175,1.137526989,1.136751175,1.137526989
24/06/2026 07:30,1.13700974,1.13700974,1.136751175,1.136751175
24/06/2026 07:45,1.136234522,1.137138963,1.136234522,1.13700974
24/06/2026 08:00,1.135718346,1.136363626,1.135589361,1.136234522
24/06/2026 08:15,1.13584733,1.135976434,1.135718346,1.135718346
24/06/2026 08:30,1.136234522,1.136234522,1.135589361,1.13584733
24/06/2026 08:45,1.135589361,1.136363626,1.135589361,1.136105418
24/06/2026 09:00,1.134172678,1.135718346,1.134172678,1.135589361
24/06/2026 09:15,1.135589361,1.135589361,1.134558678,1.134558678
24/06/2026 09:30,1.135460496,1.135718346,1.13481617,1.135589361
24/06/2026 09:45,1.135589361,1.13584733,1.135331511,1.135331511
24/06/2026 10:00,1.135460496,1.135718346,1.134944916,1.135589361
24/06/2026 10:15,1.135073781,1.135589361,1.134944916,1.135589361
24/06/2026 10:30,1.134944916,1.135202646,1.13481617,1.135073781
24/06/2026 10:45,1.135073781,1.135202646,1.134944916,1.134944916
24/06/2026 11:00,1.134558678,1.134944916,1.134301186,1.134944916
24/06/2026 11:15,1.134301186,1.134558678,1.134301186,1.134558678
24/06/2026 11:30,1.134687424,1.13481617,1.134301186,1.134429932
24/06/2026 11:45,1.134429932,1.134558678,1.134172678,1.134558678
24/06/2026 12:00,1.134301186,1.134429932,1.134172678,1.134429932
24/06/2026 12:15,1.134687424,1.134687424,1.134301186,1.134429932
24/06/2026 12:30,1.134687424,1.135202646,1.134558678,1.134687424
24/06/2026 12:45,1.134172678,1.135202646,1.134172678,1.134687424
24/06/2026 13:00,1.134301186,1.13481617,1.134172678,1.134429932
24/06/2026 13:15,1.134301186,1.134558678,1.134044051,1.134301186
24/06/2026 13:30,1.133401275,1.134172678,1.132887721,1.134172678
24/06/2026 13:45,1.133144498,1.133529782,1.133016109,1.133529782
24/06/2026 14:00,1.132887721,1.133272886,1.132887721,1.133272886
24/06/2026 14:15,1.134044051,1.134044051,1.132887721,1.132887721
24/06/2026 14:30,1.134301186,1.134558678,1.134044051,1.134172678
24/06/2026 14:45,1.13481617,1.134944916,1.13365829,1.133915424
24/06/2026 15:00,1.134944916,1.135460496,1.134687424,1.134687424
24/06/2026 15:15,1.134944916,1.134944916,1.134172678,1.134944916
24/06/2026 15:30,1.134429932,1.13481617,1.134172678,1.134687424
24/06/2026 15:45,1.134429932,1.134687424,1.133915424,1.134429932
24/06/2026 16:00,1.135460496,1.135460496,1.134429932,1.134429932
24/06/2026 16:15,1.13584733,1.136363626,1.135331511,1.135331511
24/06/2026 16:30,1.135460496,1.13584733,1.135331511,1.13584733
24/06/2026 16:45,1.135331511,1.135718346,1.135073781,1.135589361
24/06/2026 17:00,1.135589361,1.135718346,1.135073781,1.135202646
24/06/2026 17:15,1.136363626,1.136363626,1.135589361,1.135589361
24/06/2026 17:30,1.136363626,1.13700974,1.136363626,1.136492848
24/06/2026 17:45,1.136234522,1.136363626,1.136105418,1.136363626
24/06/2026 18:00,1.13584733,1.136363626,1.135718346,1.136363626
24/06/2026 18:15,1.135331511,1.13584733,1.135331511,1.13584733
24/06/2026 18:30,1.135589361,1.136105418,1.135589361,1.135589361
24/06/2026 18:45,1.135331511,1.135589361,1.135202646,1.135460496
24/06/2026 19:00,1.135589361,1.135718346,1.135460496,1.135460496
24/06/2026 19:15,1.136105418,1.136105418,1.135589361,1.135718346
24/06/2026 19:30,1.13584733,1.136363626,1.13584733,1.136105418
24/06/2026 19:45,1.135718346,1.135976434,1.135718346,1.13584733
24/06/2026 20:00,1.135718346,1.136105418,1.135718346,1.135976434
24/06/2026 20:15,1.135718346,1.13584733,1.135460496,1.135589361
24/06/2026 20:30,1.135976434,1.135976434,1.135718346,1.135976434
24/06/2026 20:45,1.135718346,1.136105418,1.135718346,1.135976434
24/06/2026 21:00,1.135718346,1.13584733,1.135589361,1.135589361
24/06/2026 21:15,1.135976434,1.136105418,1.135589361,1.135718346
24/06/2026 21:30,1.136234522,1.136234522,1.136105418,1.136105418
24/06/2026 21:45,1.136105418,1.136234522,1.136105418,1.136234522
24/06/2026 22:00,1.136105418,1.136363626,1.135331511,1.135331511
24/06/2026 22:15,1.136105418,1.136363626,1.135976434,1.136105418
24/06/2026 22:30,1.136234522,1.136492848,1.135589361,1.136492848
24/06/2026 22:45,1.136234522,1.136234522,1.135718346,1.136105418
24/06/2026 23:00,1.136105418,1.136363626,1.135976434,1.136363626
24/06/2026 23:15,1.135976434,1.136105418,1.13584733,1.136105418
24/06/2026 23:30,1.135976434,1.136105418,1.135976434,1.135976434
24/06/2026 23:45,1.13584733,1.135976434,1.13584733,1.135976434
25/06/2026 00:00,1.13584733,1.13584733,1.135718346,1.13584733
25/06/2026 00:15,1.13584733,1.135976434,1.13584733,1.13584733
25/06/2026 00:30,1.13584733,1.135976434,1.135718346,1.135718346
25/06/2026 00:45,1.135718346,1.135976434,1.135589361,1.135976434
25/06/2026 01:00,1.135460496,1.135718346,1.135460496,1.135589361
25/06/2026 01:15,1.135331511,1.135589361,1.135202646,1.135460496
25/06/2026 01:30,1.135202646,1.135331511,1.135202646,1.135331511
25/06/2026 01:45,1.135589361,1.135718346,1.135202646,1.135202646
25/06/2026 02:00,1.136363626,1.136363626,1.135718346,1.135718346
25/06/2026 02:15,1.136621952,1.13700974,1.136363626,1.136363626
25/06/2026 02:30,1.136363626,1.136751175,1.136234522,1.136751175
25/06/2026 02:45,1.136105418,1.136363626,1.136105418,1.136234522
25/06/2026 03:00,1.136363626,1.136492848,1.136105418,1.136105418
25/06/2026 03:15,1.136751175,1.136751175,1.136363626,1.136363626
25/06/2026 03:30,1.136621952,1.136880398,1.136621952,1.136751175
25/06/2026 03:45,1.136621952,1.136621952,1.136492848,1.136621952
25/06/2026 04:00,1.13700974,1.13700974,1.136751175,1.136751175
25/06/2026 04:15,1.136880398,1.13700974,1.136880398,1.136880398
25/06/2026 04:30,1.137138963,1.137138963,1.136880398,1.13700974
25/06/2026 04:45,1.137268305,1.137397647,1.13700974,1.137138963
25/06/2026 05:00,1.137397647,1.137397647,1.137268305,1.137397647
25/06/2026 05:15,1.137397647,1.137397647,1.137268305,1.137397647
25/06/2026 05:30,1.13700974,1.137268305,1.13700974,1.137268305
25/06/2026 05:45,1.137138963,1.137138963,1.13700974,1.13700974
25/06/2026 06:00,1.136880398,1.137138963,1.136880398,1.13700974
25/06/2026 06:15,1.136751175,1.13700974,1.136751175,1.13700974
25/06/2026 06:30,1.136621952,1.136880398,1.136621952,1.136751175
25/06/2026 06:45,1.136492848,1.136751175,1.136363626,1.136621952
25/06/2026 07:00,1.136621952,1.136621952,1.136234522,1.136621952
25/06/2026 07:15,1.136621952,1.136751175,1.136621952,1.136621952
25/06/2026 07:30,1.135976434,1.136492848,1.13584733,1.136492848
25/06/2026 07:45,1.135718346,1.136105418,1.135589361,1.136105418
25/06/2026 08:00,1.135460496,1.136234522,1.135460496,1.135718346
25/06/2026 08:15,1.135718346,1.13584733,1.134944916,1.135202646
25/06/2026 08:30,1.135718346,1.135976434,1.135589361,1.135589361
25/06/2026 08:45,1.136234522,1.136234522,1.135589361,1.135589361
25/06/2026 09:00,1.136492848,1.136751175,1.136363626,1.136363626
25/06/2026 09:15,1.13700974,1.137138963,1.136363626,1.136492848
25/06/2026 09:30,1.137397647,1.137526989,1.137138963,1.137138963
25/06/2026 09:45,1.13700974,1.137526989,1.13700974,1.137268305
25/06/2026 10:00,1.136880398,1.137138963,1.136621952,1.13700974
25/06/2026 10:15,1.137268305,1.137268305,1.136751175,1.13700974
25/06/2026 10:30,1.136751175,1.137526989,1.136751175,1.137526989
25/06/2026 10:45,1.136621952,1.136880398,1.136621952,1.136751175
25/06/2026 11:00,1.135976434,1.136492848,1.13584733,1.136492848
25/06/2026 11:15,1.135718346,1.135976434,1.135718346,1.13584733
25/06/2026 11:30,1.135202646,1.135718346,1.135202646,1.135718346
25/06/2026 11:45,1.13481617,1.135202646,1.134687424,1.135202646
25/06/2026 12:00,1.13481617,1.13481617,1.134558678,1.13481617
25/06/2026 12:15,1.134172678,1.134687424,1.134044051,1.134687424
25/06/2026 12:30,1.134172678,1.134172678,1.13365829,1.134044051
25/06/2026 12:45,1.134044051,1.134172678,1.13365829,1.134044051
25/06/2026 13:00,1.134429932,1.134558678,1.134044051,1.134044051
25/06/2026 13:15,1.134429932,1.134558678,1.134172678,1.134429932
25/06/2026 13:30,1.136621952,1.136621952,1.134944916,1.135460496
25/06/2026 13:45,1.135589361,1.136621952,1.135589361,1.136621952
25/06/2026 14:00,1.135589361,1.135976434,1.135331511,1.13584733
25/06/2026 14:15,1.136880398,1.136880398,1.135718346,1.135718346
25/06/2026 14:30,1.136621952,1.13700974,1.136492848,1.136880398
25/06/2026 14:45,1.136492848,1.136880398,1.136363626,1.136621952
25/06/2026 15:00,1.13765645,1.138433456,1.136751175,1.136751175
25/06/2026 15:15,1.137397647,1.137915373,1.136880398,1.137915373
25/06/2026 15:30,1.138044834,1.138174415,1.137526989,1.137526989
25/06/2026 15:45,1.137785912,1.138433456,1.137785912,1.138174415
25/06/2026 16:00,1.137785912,1.138692737,1.137785912,1.137915373
25/06/2026 16:15,1.139081836,1.139081836,1.137785912,1.137785912
25/06/2026 16:30,1.138433456,1.139081836,1.138433456,1.138952136
25/06/2026 16:45,1.138822436,1.138822436,1.138303995,1.138433456
25/06/2026 17:00,1.138433456,1.138822436,1.138433456,1.138563156
25/06/2026 17:15,1.138952136,1.138952136,1.138563156,1.138563156
25/06/2026 17:30,1.138174415,1.138692737,1.138174415,1.138692737
25/06/2026 17:45,1.137785912,1.138174415,1.13765645,1.138044834
25/06/2026 18:00,1.137785912,1.137915373,1.13765645,1.13765645
25/06/2026 18:15,1.13765645,1.137785912,1.137526989,1.137785912
25/06/2026 18:30,1.13765645,1.137785912,1.137526989,1.137785912
25/06/2026 18:45,1.137785912,1.138044834,1.13765645,1.13765645
25/06/2026 19:00,1.138174415,1.138174415,1.137397647,1.137785912
25/06/2026 19:15,1.138174415,1.138303995,1.138044834,1.138174415
25/06/2026 19:30,1.137785912,1.138044834,1.137785912,1.138044834
25/06/2026 19:45,1.137785912,1.138044834,1.13765645,1.137785912
25/06/2026 20:00,1.137526989,1.137785912,1.137397647,1.137785912
25/06/2026 20:15,1.138044834,1.138044834,1.13765645,1.137785912
25/06/2026 20:30,1.13765645,1.138174415,1.13765645,1.138174415
25/06/2026 20:45,1.13765645,1.13765645,1.137268305,1.137526989
25/06/2026 21:00,1.137526989,1.137785912,1.137526989,1.13765645
25/06/2026 21:15,1.13765645,1.13765645,1.137526989,1.137526989
25/06/2026 21:30,1.137526989,1.13765645,1.137526989,1.137526989
25/06/2026 21:45,1.137268305,1.137526989,1.137268305,1.137526989
25/06/2026 22:00,1.137526989,1.137526989,1.136621952,1.13700974
25/06/2026 22:15,1.137268305,1.137915373,1.137268305,1.13765645
25/06/2026 22:30,1.13765645,1.13765645,1.137138963,1.137138963
25/06/2026 22:45,1.137526989,1.137915373,1.137397647,1.137397647
25/06/2026 23:00,1.137397647,1.13765645,1.137397647,1.13765645
25/06/2026 23:15,1.137268305,1.137526989,1.137268305,1.137397647
25/06/2026 23:30,1.137268305,1.137397647,1.137138963,1.137138963
25/06/2026 23:45,1.137268305,1.137397647,1.137138963,1.137268305
26/06/2026 00:00,1.13700974,1.137268305,1.136880398,1.137268305
26/06/2026 00:15,1.136751175,1.13700974,1.136621952,1.13700974
26/06/2026 00:30,1.136621952,1.136751175,1.136492848,1.136751175
26/06/2026 00:45,1.136492848,1.136621952,1.136363626,1.136621952
26/06/2026 01:00,1.136621952,1.136621952,1.136492848,1.136492848
26/06/2026 01:15,1.136751175,1.136751175,1.136621952,1.136621952
26/06/2026 01:30,1.136751175,1.136880398,1.136621952,1.136751175
26/06/2026 01:45,1.136880398,1.13700974,1.136621952,1.136880398
26/06/2026 02:00,1.13700974,1.137268305,1.136880398,1.13700974
26/06/2026 02:15,1.136880398,1.137138963,1.136751175,1.13700974
26/06/2026 02:30,1.136234522,1.13700974,1.136105418,1.136880398
26/06/2026 02:45,1.136234522,1.136234522,1.136105418,1.136234522
26/06/2026 03:00,1.136234522,1.136621952,1.136234522,1.136234522
26/06/2026 03:15,1.13584733,1.136234522,1.135718346,1.135976434
26/06/2026 03:30,1.136234522,1.136234522,1.13584733,1.135976434
26/06/2026 03:45,1.136234522,1.136363626,1.136105418,1.136234522
26/06/2026 04:00,1.136621952,1.136751175,1.136234522,1.136234522
26/06/2026 04:15,1.136751175,1.136751175,1.136621952,1.136621952
26/06/2026 04:30,1.13700974,1.13700974,1.136621952,1.136621952
26/06/2026 04:45,1.137397647,1.137526989,1.13700974,1.13700974
26/06/2026 05:00,1.137526989,1.13765645,1.137268305,1.137397647
26/06/2026 05:15,1.13765645,1.137785912,1.137526989,1.137526989
26/06/2026 05:30,1.13765645,1.13765645,1.137268305,1.13765645
26/06/2026 05:45,1.137915373,1.137915373,1.13765645,1.13765645
26/06/2026 06:00,1.137915373,1.138174415,1.137915373,1.138044834
26/06/2026 06:15,1.138174415,1.138174415,1.137915373,1.138044834
26/06/2026 06:30,1.138303995,1.138303995,1.138044834,1.138174415
26/06/2026 06:45,1.138303995,1.138433456,1.138174415,1.138174415
26/06/2026 07:00,1.137785912,1.138174415,1.13765645,1.138174415
26/06/2026 07:15,1.138174415,1.138174415,1.137785912,1.137915373
26/06/2026 07:30,1.138044834,1.138433456,1.138044834,1.138303995
26/06/2026 07:45,1.137915373,1.138044834,1.137526989,1.138044834
26/06/2026 08:00,1.138044834,1.138174415,1.13765645,1.137785912
26/06/2026 08:15,1.137785912,1.138044834,1.137785912,1.138044834
26/06/2026 08:30,1.138952136,1.139081836,1.137915373,1.137915373
26/06/2026 08:45,1.139081836,1.139211655,1.138822436,1.138952136
26/06/2026 09:00,1.139860868,1.140120864,1.138692737,1.139081836
26/06/2026 09:15,1.140120864,1.140250921,1.139860868,1.139990926
26/06/2026 09:30,1.140641093,1.140641093,1.139990926,1.140120864
26/06/2026 09:45,1.140510917,1.140901327,1.140380859,1.140901327
26/06/2026 10:00,1.140120864,1.140380859,1.139990926,1.140380859
26/06/2026 10:15,1.140641093,1.140641093,1.140120864,1.140120864
26/06/2026 10:30,1.140901327,1.140901327,1.140510917,1.140641093
26/06/2026 10:45,1.141031504,1.141552567,1.140901327,1.140901327
26/06/2026 11:00,1.140771151,1.14116168,1.140771151,1.14116168
26/06/2026 11:15,1.140641093,1.141031504,1.140380859,1.140901327
26/06/2026 11:30,1.140641093,1.140901327,1.140641093,1.140641093
26/06/2026 11:45,1.140771151,1.140901327,1.140641093,1.140641093
26/06/2026 12:00,1.140380859,1.140901327,1.140380859,1.140901327
26/06/2026 12:15,1.140771151,1.140901327,1.140380859,1.140510917
26/06/2026 12:30,1.140250921,1.140901327,1.140250921,1.140901327
26/06/2026 12:45,1.140120864,1.140250921,1.139860868,1.140250921
26/06/2026 13:00,1.140510917,1.140510917,1.140120864,1.140120864
26/06/2026 13:15,1.140771151,1.140901327,1.140380859,1.140380859
26/06/2026 13:30,1.14116168,1.14116168,1.140510917,1.140771151
26/06/2026 13:45,1.143379807,1.143379807,1.141031504,1.141031504
26/06/2026 14:00,1.142204404,1.143118382,1.142204404,1.143118382
26/06/2026 14:15,1.142596006,1.142596006,1.141682863,1.142073989
26/06/2026 14:30,1.142596006,1.142726541,1.142465472,1.142596006
26/06/2026 14:45,1.142726541,1.142726541,1.142073989,1.142465472
26/06/2026 15:00,1.142465472,1.142857194,1.142334938,1.142857194
26/06/2026 15:15,1.142204404,1.142857194,1.142204404,1.142465472
26/06/2026 15:30,1.141943574,1.142204404,1.141422153,1.142073989
26/06/2026 15:45,1.139860868,1.142204404,1.139860868,1.141943574
26/06/2026 16:00,1.140510917,1.140641093,1.139601111,1.139601111
26/06/2026 16:15,1.140901327,1.140901327,1.140510917,1.140510917
26/06/2026 16:30,1.140901327,1.140901327,1.140510917,1.140901327
26/06/2026 16:45,1.140641093,1.14116168,1.140120864,1.140901327
26/06/2026 17:00,1.140380859,1.140641093,1.140120864,1.140641093
26/06/2026 17:15,1.139471292,1.140250921,1.139471292,1.140250921
26/06/2026 17:30,1.139341474,1.13973105,1.138692737,1.139601111
26/06/2026 17:45,1.139341474,1.139341474,1.139211655,1.139341474
26/06/2026 18:00,1.139601111,1.139601111,1.139211655,1.139211655
26/06/2026 18:15,1.139211655,1.139471292,1.139211655,1.139471292
26/06/2026 18:30,1.139211655,1.139341474,1.138822436,1.139341474
26/06/2026 18:45,1.138952136,1.139211655,1.138952136,1.139211655
26/06/2026 19:00,1.139341474,1.139471292,1.138952136,1.138952136
26/06/2026 19:15,1.139211655,1.139341474,1.139211655,1.139341474
26/06/2026 19:30,1.139341474,1.139471292,1.139211655,1.139341474
26/06/2026 19:45,1.139081836,1.139341474,1.139081836,1.139211655
26/06/2026 20:00,1.138952136,1.139081836,1.138952136,1.138952136
26/06/2026 20:15,1.138563156,1.138822436,1.138563156,1.138822436
26/06/2026 20:30,1.138563156,1.138692737,1.138433456,1.138563156
26/06/2026 20:45,1.139081836,1.139211655,1.138563156,1.138563156
26/06/2026 21:00,1.139211655,1.139211655,1.138952136,1.139081836
26/06/2026 21:15,1.139341474,1.139471292,1.139211655,1.139211655
26/06/2026 21:30,1.138952136,1.139341474,1.138692737,1.139341474
26/06/2026 21:45,1.139081836,1.139081836,1.138563156,1.138952136
26/06/2026 22:00,1.138952136,1.138952136,1.138952136,1.138952136
26/06/2026 22:15,1.138952136,1.138952136,1.138952136,1.138952136
29/06/2026 00:00,1.138952136,1.139081836,1.138952136,1.138952136
29/06/2026 00:15,1.138822436,1.138952136,1.138822436,1.138952136
29/06/2026 00:30,1.138692737,1.138822436,1.138563156,1.138822436
29/06/2026 00:45,1.138952136,1.138952136,1.138692737,1.138822436
29/06/2026 01:00,1.138952136,1.139081836,1.138692737,1.138952136
29/06/2026 01:15,1.138822436,1.138952136,1.138822436,1.138952136
29/06/2026 01:30,1.139081836,1.139081836,1.138822436,1.138822436
29/06/2026 01:45,1.139211655,1.139211655,1.138822436,1.139081836
29/06/2026 02:00,1.139081836,1.139081836,1.138822436,1.139081836
29/06/2026 02:15,1.139211655,1.139341474,1.138952136,1.138952136
29/06/2026 02:30,1.139341474,1.139341474,1.139211655,1.139211655
29/06/2026 02:45,1.138822436,1.139341474,1.138822436,1.139341474
29/06/2026 03:00,1.139081836,1.139081836,1.138822436,1.138822436
29/06/2026 03:15,1.139601111,1.139601111,1.139081836,1.139081836
29/06/2026 03:30,1.139211655,1.139601111,1.139211655,1.139601111
29/06/2026 03:45,1.139211655,1.139341474,1.139081836,1.139341474
29/06/2026 04:00,1.139341474,1.139341474,1.139081836,1.139081836
29/06/2026 04:15,1.139211655,1.139211655,1.138952136,1.139211655
29/06/2026 04:30,1.139211655,1.139341474,1.139211655,1.139211655
29/06/2026 04:45,1.138822436,1.139081836,1.138822436,1.139081836
29/06/2026 05:00,1.138692737,1.138692737,1.138563156,1.138692737
29/06/2026 05:15,1.138692737,1.138692737,1.138433456,1.138563156
29/06/2026 05:30,1.138692737,1.138822436,1.138692737,1.138692737
29/06/2026 05:45,1.138563156,1.138822436,1.138433456,1.138692737
29/06/2026 06:00,1.138952136,1.138952136,1.138563156,1.138563156
29/06/2026 06:15,1.138952136,1.139081836,1.138822436,1.139081836
29/06/2026 06:30,1.139471292,1.139471292,1.139081836,1.139081836
29/06/2026 06:45,1.13973105,1.139860868,1.139471292,1.139471292
29/06/2026 07:00,1.139860868,1.139860868,1.139601111,1.13973105
29/06/2026 07:15,1.140120864,1.140120864,1.13973105,1.139860868
29/06/2026 07:30,1.140380859,1.140510917,1.139990926,1.139990926
29/06/2026 07:45,1.141813159,1.141813159,1.140380859,1.140380859
29/06/2026 08:00,1.140901327,1.141552567,1.140901327,1.141552567
29/06/2026 08:15,1.14116168,1.14116168,1.140901327,1.141031504
29/06/2026 08:30,1.141031504,1.141422153,1.141031504,1.14116168
29/06/2026 08:45,1.140510917,1.141031504,1.140380859,1.140901327
29/06/2026 09:00,1.140641093,1.141031504,1.140641093,1.140641093
29/06/2026 09:15,1.140380859,1.140641093,1.140120864,1.140510917
29/06/2026 09:30,1.140250921,1.140771151,1.140250921,1.140510917
29/06/2026 09:45,1.139860868,1.140250921,1.139601111,1.140250921
29/06/2026 10:00,1.140120864,1.140250921,1.139860868,1.139860868
29/06/2026 10:15,1.140380859,1.140510917,1.140120864,1.140120864
29/06/2026 10:30,1.140120864,1.140510917,1.140120864,1.140380859
29/06/2026 10:45,1.140510917,1.140510917,1.140120864,1.140250921
29/06/2026 11:00,1.140641093,1.140771151,1.140641093,1.140641093
29/06/2026 11:15,1.140510917,1.140510917,1.140380859,1.140510917
29/06/2026 11:30,1.140510917,1.140641093,1.140380859,1.140510917
29/06/2026 11:45,1.140771151,1.140901327,1.140380859,1.140380859
29/06/2026 12:00,1.140771151,1.141031504,1.140771151,1.140771151
29/06/2026 12:15,1.140641093,1.140901327,1.140641093,1.140901327
29/06/2026 12:30,1.140250921,1.140901327,1.140250921,1.140641093
29/06/2026 12:45,1.141291857,1.141422153,1.140250921,1.140380859
29/06/2026 13:00,1.141031504,1.14116168,1.140901327,1.14116168
29/06/2026 13:15,1.140771151,1.141031504,1.140510917,1.141031504
29/06/2026 13:30,1.140641093,1.140901327,1.140510917,1.140641093
29/06/2026 13:45,1.140510917,1.140771151,1.140380859,1.140641093
29/06/2026 14:00,1.140771151,1.140901327,1.140641093,1.140641093
29/06/2026 14:15,1.140771151,1.140771151,1.140380859,1.140641093
29/06/2026 14:30,1.140771151,1.140901327,1.140510917,1.140901327
29/06/2026 14:45,1.141291857,1.141422153,1.140771151,1.140771151
29/06/2026 15:00,1.141552567,1.141682863,1.14116168,1.141422153
29/06/2026 15:15,1.141943574,1.142204404,1.140901327,1.141291857
29/06/2026 15:30,1.142073989,1.142596006,1.141813159,1.141813159
29/06/2026 15:45,1.142465472,1.142596006,1.141552567,1.141682863
29/06/2026 16:00,1.142334938,1.142465472,1.142073989,1.142465472
29/06/2026 16:15,1.142465472,1.142596006,1.142204404,1.142204404
29/06/2026 16:30,1.142334938,1.142726541,1.142334938,1.142465472
29/06/2026 16:45,1.142596006,1.142857194,1.142465472,1.142465472
29/06/2026 17:00,1.142857194,1.143118382,1.142726541,1.142726541
29/06/2026 17:15,1.142726541,1.142987847,1.142726541,1.142857194
29/06/2026 17:30,1.142987847,1.142987847,1.142726541,1.142726541
29/06/2026 17:45,1.142987847,1.143379807,1.142987847,1.142987847
29/06/2026 18:00,1.142987847,1.142987847,1.142857194,1.142987847
29/06/2026 18:15,1.142596006,1.142987847,1.142465472,1.142987847
29/06/2026 18:30,1.142726541,1.142857194,1.142596006,1.142596006
29/06/2026 18:45,1.142987847,1.143118382,1.142596006,1.142726541
29/06/2026 19:00,1.143118382,1.143249154,1.142987847,1.142987847
29/06/2026 19:15,1.143118382,1.143249154,1.143118382,1.143249154
29/06/2026 19:30,1.143118382,1.143118382,1.142987847,1.143118382
29/06/2026 19:45,1.142857194,1.143118382,1.142857194,1.143118382
29/06/2026 20:00,1.142596006,1.142987847,1.142596006,1.142857194
29/06/2026 20:15,1.142857194,1.142987847,1.142596006,1.142596006
29/06/2026 20:30,1.142857194,1.142987847,1.142726541,1.142857194
29/06/2026 20:45,1.142857194,1.142987847,1.142857194,1.142857194
29/06/2026 21:00,1.142987847,1.142987847,1.142857194,1.142857194
29/06/2026 21:15,1.142987847,1.142987847,1.142857194,1.142987847
29/06/2026 21:30,1.142596006,1.142987847,1.142596006,1.142987847
29/06/2026 21:45,1.142726541,1.142857194,1.142596006,1.142857194
29/06/2026 22:00,1.142726541,1.143772125,1.142465472,1.142596006
29/06/2026 22:15,1.142987847,1.142987847,1.142726541,1.142857194
29/06/2026 22:30,1.142987847,1.142987847,1.142857194,1.142987847
29/06/2026 22:45,1.142987847,1.142987847,1.142857194,1.142987847
29/06/2026 23:00,1.142857194,1.142857194,1.142596006,1.142596006
29/06/2026 23:15,1.142726541,1.142857194,1.142726541,1.142857194
29/06/2026 23:30,1.142596006,1.142857194,1.142596006,1.142726541
29/06/2026 23:45,1.142857194,1.142857194,1.142596006,1.142596006
30/06/2026 00:00,1.142726541,1.142857194,1.142726541,1.142857194
30/06/2026 00:15,1.142596006,1.142857194,1.142596006,1.142726541
30/06/2026 00:30,1.142465472,1.142596006,1.142465472,1.142596006
30/06/2026 00:45,1.142334938,1.142465472,1.142334938,1.142465472
30/06/2026 01:00,1.142073989,1.142334938,1.142073989,1.142204404
30/06/2026 01:15,1.141813159,1.141943574,1.141813159,1.141943574
30/06/2026 01:30,1.141813159,1.141943574,1.141682863,1.141813159
30/06/2026 01:45,1.141943574,1.141943574,1.141552567,1.141682863
30/06/2026 02:00,1.141031504,1.142073989,1.141031504,1.142073989
30/06/2026 02:15,1.141813159,1.141813159,1.141031504,1.141031504
30/06/2026 02:30,1.14116168,1.141943574,1.14116168,1.141813159
30/06/2026 02:45,1.140771151,1.141031504,1.140771151,1.140901327
30/06/2026 03:00,1.140641093,1.140901327,1.140641093,1.140771151
30/06/2026 03:15,1.140641093,1.140901327,1.140641093,1.140771151
30/06/2026 03:30,1.140771151,1.140901327,1.140641093,1.140641093
30/06/2026 03:45,1.140641093,1.140771151,1.140641093,1.140771151
30/06/2026 04:00,1.140641093,1.140901327,1.140510917,1.140641093
30/06/2026 04:15,1.140250921,1.140641093,1.140250921,1.140510917
30/06/2026 04:30,1.140120864,1.140250921,1.139990926,1.140250921
30/06/2026 04:45,1.140250921,1.140250921,1.140120864,1.140120864
30/06/2026 05:00,1.140120864,1.140250921,1.140120864,1.140120864
30/06/2026 05:15,1.139990926,1.140120864,1.139860868,1.140120864
30/06/2026 05:30,1.140120864,1.140250921,1.139990926,1.139990926
30/06/2026 05:45,1.139341474,1.140120864,1.139341474,1.140120864
30/06/2026 06:00,1.139341474,1.139471292,1.139081836,1.139211655
30/06/2026 06:15,1.139471292,1.139601111,1.139341474,1.139341474
30/06/2026 06:30,1.139471292,1.139601111,1.139471292,1.139471292
30/06/2026 06:45,1.138692737,1.139601111,1.138692737,1.139471292
30/06/2026 07:00,1.139211655,1.139211655,1.138692737,1.138822436
30/06/2026 07:15,1.140120864,1.140120864,1.139211655,1.139211655
30/06/2026 07:30,1.140250921,1.140250921,1.139990926,1.139990926
30/06/2026 07:45,1.140641093,1.140641093,1.139990926,1.140120864
30/06/2026 08:00,1.140901327,1.140901327,1.140510917,1.140641093
30/06/2026 08:15,1.14116168,1.14116168,1.140771151,1.140771151
30/06/2026 08:30,1.140901327,1.141031504,1.140771151,1.141031504
30/06/2026 08:45,1.140250921,1.140901327,1.140120864,1.140901327
30/06/2026 09:00,1.139601111,1.140120864,1.139341474,1.139990926
30/06/2026 09:15,1.139471292,1.139601111,1.139211655,1.139211655
30/06/2026 09:30,1.138952136,1.139601111,1.138952136,1.139601111
30/06/2026 09:45,1.139601111,1.139601111,1.138692737,1.139081836
30/06/2026 10:00,1.13973105,1.139990926,1.139471292,1.139471292
30/06/2026 10:15,1.139601111,1.139860868,1.139601111,1.139601111
30/06/2026 10:30,1.13973105,1.13973105,1.139211655,1.139601111
30/06/2026 10:45,1.140120864,1.140120864,1.13973105,1.139860868
30/06/2026 11:00,1.13973105,1.140120864,1.13973105,1.139990926
30/06/2026 11:15,1.139990926,1.139990926,1.139601111,1.139860868
30/06/2026 11:30,1.140250921,1.140380859,1.139601111,1.139860868
30/06/2026 11:45,1.140510917,1.140510917,1.140120864,1.140250921
30/06/2026 12:00,1.140120864,1.140510917,1.140120864,1.140510917
30/06/2026 12:15,1.140120864,1.140250921,1.139990926,1.140250921
30/06/2026 12:30,1.139860868,1.139990926,1.139081836,1.139990926
30/06/2026 12:45,1.139601111,1.139990926,1.139601111,1.139990926
30/06/2026 13:00,1.139860868,1.139860868,1.139341474,1.139601111
30/06/2026 13:15,1.139341474,1.139860868,1.139211655,1.139860868
30/06/2026 13:30,1.140120864,1.140120864,1.139341474,1.139471292
30/06/2026 13:45,1.139990926,1.140510917,1.13973105,1.140120864
30/06/2026 14:00,1.140250921,1.140510917,1.139860868,1.139990926
30/06/2026 14:15,1.140380859,1.140901327,1.140380859,1.140380859
30/06/2026 14:30,1.140250921,1.140510917,1.140120864,1.140510917
30/06/2026 14:45,1.140120864,1.140510917,1.140120864,1.140510917
30/06/2026 15:00,1.140771151,1.140771151,1.139601111,1.139990926
30/06/2026 15:15,1.141682863,1.141813159,1.141031504,1.14116168
30/06/2026 15:30,1.142204404,1.142204404,1.141291857,1.141552567
30/06/2026 15:45,1.143641353,1.143641353,1.141943574,1.142334938
30/06/2026 16:00,1.143118382,1.143641353,1.142987847,1.143641353
30/06/2026 16:15,1.142596006,1.142987847,1.142596006,1.142857194
30/06/2026 16:30,1.142334938,1.142857194,1.142204404,1.142596006
30/06/2026 16:45,1.141943574,1.142334938,1.141943574,1.142204404
30/06/2026 17:00,1.141813159,1.142073989,1.141682863,1.142073989
30/06/2026 17:15,1.141682863,1.141943574,1.141552567,1.141813159
30/06/2026 17:30,1.141943574,1.142073989,1.141682863,1.141813159
30/06/2026 17:45,1.141682863,1.142073989,1.141682863,1.141943574
30/06/2026 18:00,1.141943574,1.142073989,1.141813159,1.141813159
30/06/2026 18:15,1.142204404,1.142204404,1.141813159,1.141813159
30/06/2026 18:30,1.142204404,1.142204404,1.142073989,1.142204404
30/06/2026 18:45,1.142465472,1.142596006,1.142204404,1.142204404
30/06/2026 19:00,1.142987847,1.142987847,1.142465472,1.142465472
30/06/2026 19:15,1.142857194,1.142987847,1.142726541,1.142987847
30/06/2026 19:30,1.142465472,1.142987847,1.142334938,1.142987847
30/06/2026 19:45,1.142596006,1.142987847,1.142334938,1.142465472
30/06/2026 20:00,1.142465472,1.142596006,1.142334938,1.142334938
30/06/2026 20:15,1.141943574,1.142465472,1.141943574,1.142334938
30/06/2026 20:30,1.142204404,1.142204404,1.141943574,1.141943574
30/06/2026 20:45,1.142987847,1.142987847,1.142073989,1.142204404
30/06/2026 21:00,1.142857194,1.142987847,1.142857194,1.142987847
30/06/2026 21:15,1.142726541,1.142987847,1.142726541,1.142857194
30/06/2026 21:30,1.142596006,1.142726541,1.142596006,1.142726541
30/06/2026 21:45,1.142465472,1.142596006,1.142465472,1.142596006
30/06/2026 22:00,1.142073989,1.143118382,1.142073989,1.142465472
30/06/2026 22:15,1.142334938,1.142465472,1.142073989,1.142465472
30/06/2026 22:30,1.142726541,1.142726541,1.142204404,1.142334938
30/06/2026 22:45,1.142857194,1.142857194,1.142334938,1.142596006
30/06/2026 23:00,1.142465472,1.142596006,1.142465472,1.142596006
30/06/2026 23:15,1.142465472,1.142596006,1.142465472,1.142465472
30/06/2026 23:30,1.142465472,1.142465472,1.142465472,1.142465472
30/06/2026 23:45,1.142334938,1.142465472,1.142204404,1.142465472
1/07/2026 00:00,1.142204404,1.142334938,1.142204404,1.142334938
1/07/2026 00:15,1.142073989,1.142204404,1.142073989,1.142204404
1/07/2026 00:30,1.141943574,1.142204404,1.141943574,1.142073989
1/07/2026 00:45,1.141682863,1.141813159,1.141552567,1.141813159
1/07/2026 01:00,1.141682863,1.141682863,1.141552567,1.141682863
1/07/2026 01:15,1.141682863,1.141682863,1.141422153,1.141552567
1/07/2026 01:30,1.141291857,1.141682863,1.141291857,1.141682863
1/07/2026 01:45,1.141422153,1.141422153,1.14116168,1.141291857
1/07/2026 02:00,1.140901327,1.141291857,1.140771151,1.141291857
1/07/2026 02:15,1.141031504,1.14116168,1.140901327,1.140901327
1/07/2026 02:30,1.140901327,1.141031504,1.140771151,1.141031504
1/07/2026 02:45,1.140771151,1.141031504,1.140641093,1.140901327
1/07/2026 03:00,1.140771151,1.140901327,1.140771151,1.140771151
1/07/2026 03:15,1.140901327,1.14116168,1.140901327,1.141031504
1/07/2026 03:30,1.140901327,1.140901327,1.140641093,1.140771151
1/07/2026 03:45,1.140901327,1.141031504,1.140901327,1.140901327
1/07/2026 04:00,1.141031504,1.14116168,1.140901327,1.140901327
1/07/2026 04:15,1.140771151,1.141031504,1.140771151,1.141031504
1/07/2026 04:30,1.140510917,1.140901327,1.140510917,1.140901327
1/07/2026 04:45,1.140771151,1.140771151,1.140510917,1.140510917
1/07/2026 05:00,1.140771151,1.140771151,1.140641093,1.140771151
1/07/2026 05:15,1.140771151,1.140771151,1.140641093,1.140771151
1/07/2026 05:30,1.14116168,1.14116168,1.140771151,1.140771151
1/07/2026 05:45,1.141291857,1.141422153,1.14116168,1.14116168
1/07/2026 06:00,1.141291857,1.141291857,1.141031504,1.14116168
1/07/2026 06:15,1.141291857,1.141291857,1.14116168,1.141291857
1/07/2026 06:30,1.141291857,1.141422153,1.141031504,1.141291857
1/07/2026 06:45,1.140901327,1.141422153,1.140771151,1.141422153
1/07/2026 07:00,1.140641093,1.14116168,1.140641093,1.140901327
1/07/2026 07:15,1.140641093,1.140771151,1.140510917,1.140510917
1/07/2026 07:30,1.140380859,1.140771151,1.140380859,1.140641093
1/07/2026 07:45,1.140641093,1.140771151,1.140510917,1.140510917
1/07/2026 08:00,1.139990926,1.140641093,1.139990926,1.140641093
1/07/2026 08:15,1.13973105,1.139990926,1.13973105,1.139990926
1/07/2026 08:30,1.140250921,1.140250921,1.139601111,1.139601111
1/07/2026 08:45,1.140510917,1.140641093,1.140120864,1.140250921
1/07/2026 09:00,1.140380859,1.140510917,1.140250921,1.140510917
1/07/2026 09:15,1.139860868,1.140641093,1.139860868,1.140380859
1/07/2026 09:30,1.140250921,1.140250921,1.13973105,1.139990926
1/07/2026 09:45,1.139860868,1.140380859,1.139860868,1.140250921
1/07/2026 10:00,1.140120864,1.140250921,1.13973105,1.13973105
1/07/2026 10:15,1.139601111,1.139990926,1.139601111,1.139990926
1/07/2026 10:30,1.139341474,1.139601111,1.139081836,1.139601111
1/07/2026 10:45,1.139081836,1.139211655,1.138952136,1.139211655
1/07/2026 11:00,1.139211655,1.139211655,1.138952136,1.139081836
1/07/2026 11:15,1.13973105,1.13973105,1.139211655,1.139211655
1/07/2026 11:30,1.139860868,1.140120864,1.13973105,1.13973105
1/07/2026 11:45,1.140250921,1.140250921,1.139990926,1.139990926
1/07/2026 12:00,1.13973105,1.140120864,1.139601111,1.140120864
1/07/2026 12:15,1.139860868,1.139860868,1.139601111,1.13973105
1/07/2026 12:30,1.139860868,1.139860868,1.13973105,1.139860868
1/07/2026 12:45,1.138952136,1.139860868,1.138952136,1.139860868
1/07/2026 13:00,1.138692737,1.139081836,1.138303995,1.138952136
1/07/2026 13:15,1.138433456,1.138952136,1.138433456,1.138822436
1/07/2026 13:30,1.137526989,1.138563156,1.137268305,1.138433456
1/07/2026 13:45,1.137526989,1.137785912,1.137397647,1.13765645
1/07/2026 14:00,1.136751175,1.13765645,1.136751175,1.137397647
1/07/2026 14:15,1.138822436,1.138952136,1.136621952,1.136621952
1/07/2026 14:30,1.140641093,1.140641093,1.138952136,1.139211655
1/07/2026 14:45,1.13973105,1.141291857,1.13973105,1.140771151
1/07/2026 15:00,1.140380859,1.140641093,1.139471292,1.140120864
1/07/2026 15:15,1.139471292,1.140250921,1.139471292,1.140250921
1/07/2026 15:30,1.139990926,1.140380859,1.139471292,1.139471292
1/07/2026 15:45,1.13973105,1.139990926,1.138952136,1.139860868
1/07/2026 16:00,1.138952136,1.139860868,1.138952136,1.139860868
1/07/2026 16:15,1.139471292,1.139471292,1.138822436,1.139081836
1/07/2026 16:30,1.138433456,1.13973105,1.138433456,1.139601111
1/07/2026 16:45,1.138692737,1.138952136,1.138303995,1.138303995
1/07/2026 17:00,1.139211655,1.13973105,1.138692737,1.138692737
1/07/2026 17:15,1.139081836,1.139211655,1.138692737,1.139081836
1/07/2026 17:30,1.138433456,1.138822436,1.138433456,1.138822436
1/07/2026 17:45,1.138563156,1.138563156,1.138303995,1.138433456
1/07/2026 18:00,1.138433456,1.138822436,1.138433456,1.138563156
1/07/2026 18:15,1.138952136,1.138952136,1.138303995,1.138303995
1/07/2026 18:30,1.138433456,1.138952136,1.138433456,1.138952136
1/07/2026 18:45,1.138433456,1.138563156,1.138303995,1.138303995
1/07/2026 19:00,1.138174415,1.138563156,1.138174415,1.138433456
1/07/2026 19:15,1.138044834,1.138174415,1.137915373,1.138174415
1/07/2026 19:30,1.138174415,1.138303995,1.138044834,1.138044834
1/07/2026 19:45,1.138303995,1.138303995,1.138044834,1.138303995
1/07/2026 20:00,1.138303995,1.138433456,1.138303995,1.138303995
1/07/2026 20:15,1.138174415,1.138433456,1.138044834,1.138303995
1/07/2026 20:30,1.138303995,1.138433456,1.138174415,1.138303995
1/07/2026 20:45,1.138303995,1.138433456,1.138174415,1.138303995
1/07/2026 21:00,1.138044834,1.138303995,1.138044834,1.138174415
1/07/2026 21:15,1.138044834,1.138174415,1.137915373,1.138174415
1/07/2026 21:30,1.137915373,1.138044834,1.137785912,1.138044834
1/07/2026 21:45,1.138044834,1.138044834,1.137785912,1.137785912
1/07/2026 22:00,1.138303995,1.138303995,1.13765645,1.137915373
1/07/2026 22:15,1.138174415,1.138174415,1.13765645,1.13765645
1/07/2026 22:30,1.138303995,1.138692737,1.138174415,1.138303995
1/07/2026 22:45,1.137785912,1.138433456,1.137785912,1.138303995
1/07/2026 23:00,1.138174415,1.138303995,1.138044834,1.138303995
1/07/2026 23:15,1.138303995,1.138303995,1.138044834,1.138044834
1/07/2026 23:30,1.138303995,1.138303995,1.138174415,1.138174415
1/07/2026 23:45,1.138174415,1.138303995,1.138174415,1.138303995
2/07/2026 00:00,1.138174415,1.138174415,1.138174415,1.138174415
2/07/2026 00:15,1.138174415,1.138174415,1.138044834,1.138174415
2/07/2026 00:30,1.138044834,1.138174415,1.138044834,1.138174415
2/07/2026 00:45,1.138044834,1.138174415,1.138044834,1.138174415
2/07/2026 01:00,1.138303995,1.138563156,1.138044834,1.138044834
2/07/2026 01:15,1.138044834,1.138433456,1.138044834,1.138433456
2/07/2026 01:30,1.138044834,1.138174415,1.137915373,1.138044834
2/07/2026 01:45,1.138044834,1.138303995,1.137915373,1.138044834
2/07/2026 02:00,1.138174415,1.138303995,1.138044834,1.138044834
2/07/2026 02:15,1.138174415,1.138303995,1.138174415,1.138303995
2/07/2026 02:30,1.138563156,1.138563156,1.138044834,1.138174415
2/07/2026 02:45,1.138433456,1.138822436,1.138433456,1.138433456
2/07/2026 03:00,1.138822436,1.138822436,1.138433456,1.138433456
2/07/2026 03:15,1.138822436,1.139211655,1.138822436,1.138952136
2/07/2026 03:30,1.138822436,1.138952136,1.138692737,1.138822436
2/07/2026 03:45,1.138563156,1.138822436,1.138563156,1.138822436
2/07/2026 04:00,1.138303995,1.138692737,1.138303995,1.138563156
2/07/2026 04:15,1.138303995,1.138303995,1.138174415,1.138303995
2/07/2026 04:30,1.138433456,1.138433456,1.138303995,1.138303995
2/07/2026 04:45,1.138563156,1.138563156,1.138303995,1.138433456
2/07/2026 05:00,1.138952136,1.138952136,1.138563156,1.138563156
2/07/2026 05:15,1.138822436,1.138952136,1.138822436,1.138952136
2/07/2026 05:30,1.138952136,1.138952136,1.138822436,1.138822436
2/07/2026 05:45,1.139081836,1.139081836,1.138952136,1.138952136
2/07/2026 06:00,1.138952136,1.139211655,1.138952136,1.139081836
2/07/2026 06:15,1.138692737,1.138952136,1.138692737,1.138952136
2/07/2026 06:30,1.138692737,1.138822436,1.138563156,1.138692737
2/07/2026 06:45,1.138952136,1.138952136,1.138692737,1.138692737
2/07/2026 07:00,1.139471292,1.139471292,1.138952136,1.138952136
2/07/2026 07:15,1.139081836,1.139211655,1.138952136,1.139211655
2/07/2026 07:30,1.139341474,1.139341474,1.139081836,1.139081836
2/07/2026 07:45,1.139860868,1.140641093,1.139471292,1.139471292
2/07/2026 08:00,1.139860868,1.139990926,1.139471292,1.13973105
2/07/2026 08:15,1.140250921,1.140250921,1.13973105,1.139860868
2/07/2026 08:30,1.140771151,1.140901327,1.139990926,1.140510917
2/07/2026 08:45,1.14116168,1.141291857,1.140641093,1.140901327
2/07/2026 09:00,1.142073989,1.142073989,1.14116168,1.14116168
2/07/2026 09:15,1.141943574,1.142073989,1.141813159,1.142073989
2/07/2026 09:30,1.142073989,1.142204404,1.141682863,1.141813159
2/07/2026 09:45,1.142204404,1.142334938,1.141943574,1.141943574
2/07/2026 10:00,1.141682863,1.142334938,1.141422153,1.142334938
2/07/2026 10:15,1.141291857,1.141943574,1.141291857,1.141682863
2/07/2026 10:30,1.141422153,1.141682863,1.141291857,1.141291857
2/07/2026 10:45,1.141552567,1.141813159,1.141422153,1.141552567
2/07/2026 11:00,1.14116168,1.141422153,1.14116168,1.141291857
2/07/2026 11:15,1.141031504,1.141031504,1.140901327,1.141031504
2/07/2026 11:30,1.140771151,1.141031504,1.140771151,1.140901327
2/07/2026 11:45,1.141291857,1.141422153,1.140901327,1.140901327
2/07/2026 12:00,1.141422153,1.141422153,1.141031504,1.141422153
2/07/2026 12:15,1.141552567,1.141813159,1.141422153,1.141422153
2/07/2026 12:30,1.14116168,1.141682863,1.14116168,1.141682863
2/07/2026 12:45,1.140641093,1.14116168,1.140380859,1.14116168
2/07/2026 13:00,1.140250921,1.140771151,1.140250921,1.140641093
2/07/2026 13:15,1.140250921,1.140380859,1.139860868,1.140250921
2/07/2026 13:30,1.146789074,1.14705205,1.141422153,1.141422153
2/07/2026 13:45,1.145344257,1.147446871,1.145344257,1.147446871
2/07/2026 14:00,1.145475388,1.145737886,1.144950747,1.145475388
2/07/2026 14:15,1.144557595,1.145344257,1.144426703,1.145344257
2/07/2026 14:30,1.145081878,1.145475388,1.144426703,1.144426703
2/07/2026 14:45,1.145213008,1.145606637,1.144950747,1.145081878
2/07/2026 15:00,1.146131754,1.146131754,1.144688606,1.145344257
2/07/2026 15:15,1.144819736,1.146131754,1.144819736,1.146000385
2/07/2026 15:30,1.143772125,1.144688606,1.143772125,1.144557595
2/07/2026 15:45,1.144688606,1.144688606,1.143903017,1.143903017
2/07/2026 16:00,1.144950747,1.145081878,1.144426703,1.144688606
2/07/2026 16:15,1.144688606,1.145081878,1.144557595,1.144819736
2/07/2026 16:30,1.144950747,1.145344257,1.144557595,1.144557595
2/07/2026 16:45,1.145081878,1.145081878,1.144557595,1.144819736
2/07/2026 17:00,1.144557595,1.145081878,1.144426703,1.145081878
2/07/2026 17:15,1.144164801,1.144688606,1.14403379,1.144688606
2/07/2026 17:30,1.144164801,1.144164801,1.143903017,1.143903017
2/07/2026 17:45,1.144164801,1.144426703,1.144164801,1.144295692
2/07/2026 18:00,1.143903017,1.14403379,1.143641353,1.14403379
2/07/2026 18:15,1.143379807,1.143772125,1.143379807,1.143772125
2/07/2026 18:30,1.143249154,1.143641353,1.143249154,1.14351058
2/07/2026 18:45,1.143249154,1.14351058,1.143249154,1.143249154
2/07/2026 19:00,1.143772125,1.143903017,1.143379807,1.143379807
2/07/2026 19:15,1.143772125,1.143772125,1.143379807,1.14351058
2/07/2026 19:30,1.143772125,1.14403379,1.143641353,1.143641353
2/07/2026 19:45,1.143641353,1.143772125,1.143641353,1.143641353
2/07/2026 20:00,1.143641353,1.143641353,1.143379807,1.143641353
2/07/2026 20:15,1.143249154,1.143641353,1.143249154,1.143641353
2/07/2026 20:30,1.143249154,1.143379807,1.143118382,1.143249154
2/07/2026 20:45,1.143379807,1.14351058,1.142987847,1.143249154
2/07/2026 21:00,1.14351058,1.143641353,1.143379807,1.143379807
2/07/2026 21:15,1.143903017,1.143903017,1.14351058,1.14351058
2/07/2026 21:30,1.143641353,1.143772125,1.143641353,1.143772125
2/07/2026 21:45,1.143641353,1.143903017,1.143641353,1.143641353
2/07/2026 22:00,1.143903017,1.144295692,1.142726541,1.142726541
2/07/2026 22:15,1.143903017,1.143903017,1.143379807,1.143772125
2/07/2026 22:30,1.143379807,1.143772125,1.143379807,1.143641353
2/07/2026 22:45,1.143772125,1.143772125,1.143379807,1.14351058
2/07/2026 23:00,1.143772125,1.143903017,1.143641353,1.143641353
2/07/2026 23:15,1.14351058,1.143772125,1.14351058,1.143772125
2/07/2026 23:30,1.143249154,1.14351058,1.143118382,1.14351058
2/07/2026 23:45,1.143118382,1.143249154,1.143118382,1.143249154
3/07/2026 00:00,1.143118382,1.143249154,1.143118382,1.143249154
3/07/2026 00:15,1.143379807,1.143379807,1.143118382,1.143118382
3/07/2026 00:30,1.142987847,1.143249154,1.142726541,1.143249154
3/07/2026 00:45,1.142596006,1.142987847,1.142596006,1.142987847
3/07/2026 01:00,1.142596006,1.142726541,1.142334938,1.142726541
3/07/2026 01:15,1.142596006,1.142596006,1.142465472,1.142596006
3/07/2026 01:30,1.142465472,1.142596006,1.142465472,1.142465472
3/07/2026 01:45,1.143379807,1.143379807,1.142465472,1.142465472
3/07/2026 02:00,1.143903017,1.143903017,1.143379807,1.143379807
3/07/2026 02:15,1.144426703,1.144688606,1.14403379,1.14403379
3/07/2026 02:30,1.144426703,1.144557595,1.144164801,1.144295692
3/07/2026 02:45,1.14403379,1.144426703,1.14403379,1.144426703
3/07/2026 03:00,1.144426703,1.144557595,1.143903017,1.14403379
3/07/2026 03:15,1.144688606,1.144688606,1.144426703,1.144426703
3/07/2026 03:30,1.144557595,1.144819736,1.144426703,1.144688606
3/07/2026 03:45,1.144295692,1.144688606,1.144295692,1.144688606
3/07/2026 04:00,1.144164801,1.144295692,1.14403379,1.144295692
3/07/2026 04:15,1.144164801,1.144295692,1.14403379,1.144295692
3/07/2026 04:30,1.144295692,1.144426703,1.14403379,1.144164801
3/07/2026 04:45,1.144426703,1.144426703,1.144295692,1.144295692
3/07/2026 05:00,1.144426703,1.144426703,1.144295692,1.144426703
3/07/2026 05:15,1.144557595,1.144688606,1.144426703,1.144557595
3/07/2026 05:30,1.144819736,1.144819736,1.144426703,1.144557595
3/07/2026 05:45,1.144819736,1.144819736,1.144688606,1.144819736
3/07/2026 06:00,1.145606637,1.145606637,1.144950747,1.144950747
3/07/2026 06:15,1.145606637,1.145737886,1.145344257,1.145606637
3/07/2026 06:30,1.145475388,1.145606637,1.145344257,1.145475388
3/07/2026 06:45,1.145081878,1.145737886,1.145081878,1.145606637
3/07/2026 07:00,1.145606637,1.145606637,1.145213008,1.145213008
3/07/2026 07:15,1.145737886,1.146131754,1.145475388,1.145737886
3/07/2026 07:30,1.146263242,1.146525979,1.145606637,1.145606637
3/07/2026 07:45,1.145869136,1.14639461,1.145606637,1.146263242
3/07/2026 08:00,1.145737886,1.145737886,1.145606637,1.145606637
3/07/2026 08:15,1.146000385,1.146000385,1.145475388,1.145737886
3/07/2026 08:30,1.145344257,1.145869136,1.145213008,1.145869136
3/07/2026 08:45,1.145737886,1.146000385,1.145475388,1.145475388
3/07/2026 09:00,1.145737886,1.145869136,1.145475388,1.145869136
3/07/2026 09:15,1.145737886,1.145737886,1.145475388,1.145737886
3/07/2026 09:30,1.145737886,1.146000385,1.145606637,1.145606637
3/07/2026 09:45,1.145606637,1.145737886,1.145475388,1.145737886
3/07/2026 10:00,1.145213008,1.145606637,1.145213008,1.145606637
3/07/2026 10:15,1.145081878,1.145475388,1.145081878,1.145344257
3/07/2026 10:30,1.145081878,1.145213008,1.145081878,1.145081878
3/07/2026 10:45,1.144426703,1.144950747,1.144426703,1.144950747
3/07/2026 11:00,1.144950747,1.145081878,1.144426703,1.144426703
3/07/2026 11:15,1.144819736,1.145081878,1.144688606,1.144950747
3/07/2026 11:30,1.145213008,1.145213008,1.144688606,1.144688606
3/07/2026 11:45,1.145081878,1.145344257,1.145081878,1.145081878
3/07/2026 12:00,1.145737886,1.145737886,1.144950747,1.144950747
3/07/2026 12:15,1.145869136,1.146000385,1.145737886,1.145737886
3/07/2026 12:30,1.145344257,1.145869136,1.145213008,1.145869136
3/07/2026 12:45,1.145213008,1.145344257,1.145081878,1.145344257
3/07/2026 13:00,1.145475388,1.145475388,1.145081878,1.145344257
3/07/2026 13:15,1.145081878,1.145344257,1.144950747,1.145344257
3/07/2026 13:30,1.145213008,1.145475388,1.144950747,1.145081878
3/07/2026 13:45,1.144950747,1.145213008,1.144950747,1.145081878
3/07/2026 14:00,1.144819736,1.145081878,1.144557595,1.144950747
3/07/2026 14:15,1.144688606,1.144819736,1.144557595,1.144688606
3/07/2026 14:30,1.144557595,1.144688606,1.144426703,1.144688606
3/07/2026 14:45,1.144164801,1.144557595,1.144164801,1.144557595
3/07/2026 15:00,1.144426703,1.144557595,1.144164801,1.144295692
3/07/2026 15:15,1.144950747,1.145081878,1.144426703,1.144426703
3/07/2026 15:30,1.144819736,1.144950747,1.144688606,1.144950747
3/07/2026 15:45,1.144688606,1.144819736,1.144557595,1.144688606
3/07/2026 16:00,1.144557595,1.144688606,1.144426703,1.144557595
3/07/2026 16:15,1.144295692,1.144688606,1.144164801,1.144426703
3/07/2026 16:30,1.144295692,1.144426703,1.144295692,1.144295692
3/07/2026 16:45,1.14403379,1.144295692,1.143903017,1.144295692
3/07/2026 17:00,1.144164801,1.144295692,1.14403379,1.14403379
3/07/2026 17:15,1.144164801,1.144295692,1.144164801,1.144164801
3/07/2026 17:30,1.143903017,1.144164801,1.143903017,1.14403379
3/07/2026 17:45,1.14403379,1.14403379,1.143903017,1.143903017
3/07/2026 18:00,1.144295692,1.144426703,1.144164801,1.144164801
3/07/2026 18:15,1.144426703,1.144426703,1.144295692,1.144295692
3/07/2026 18:30,1.144426703,1.144426703,1.144295692,1.144295692
3/07/2026 18:45,1.144295692,1.144426703,1.144295692,1.144426703
3/07/2026 19:00,1.144295692,1.144426703,1.144164801,1.144426703
3/07/2026 19:15,1.144295692,1.144426703,1.144164801,1.144295692
3/07/2026 19:30,1.144295692,1.144295692,1.144295692,1.144295692
3/07/2026 19:45,1.144295692,1.144295692,1.144164801,1.144295692
3/07/2026 20:00,1.144295692,1.144426703,1.144164801,1.144164801
3/07/2026 20:15,1.144164801,1.144295692,1.144164801,1.144295692
3/07/2026 20:30,1.144164801,1.144164801,1.14403379,1.144164801
3/07/2026 20:45,1.14403379,1.144164801,1.143903017,1.144164801
3/07/2026 21:00,1.143903017,1.14403379,1.143903017,1.143903017
3/07/2026 21:15,1.143903017,1.14403379,1.143903017,1.14403379
3/07/2026 21:30,1.143903017,1.14403379,1.143903017,1.14403379
3/07/2026 21:45,1.14403379,1.14403379,1.143772125,1.143903017
3/07/2026 22:00,1.14403379,1.14403379,1.14403379,1.14403379
3/07/2026 22:15,1.14403379,1.14403379,1.14403379,1.14403379
6/07/2026 00:00,1.143772125,1.14403379,1.143641353,1.14403379
6/07/2026 00:15,1.143903017,1.14403379,1.143641353,1.143772125
6/07/2026 00:30,1.14403379,1.14403379,1.143903017,1.143903017
6/07/2026 00:45,1.14403379,1.144164801,1.143903017,1.14403379
6/07/2026 01:00,1.14403379,1.14403379,1.143772125,1.14403379
6/07/2026 01:15,1.144164801,1.144426703,1.14403379,1.14403379
6/07/2026 01:30,1.144426703,1.144426703,1.144164801,1.144426703
6/07/2026 01:45,1.144164801,1.144295692,1.14403379,1.144295692
6/07/2026 02:00,1.14403379,1.144164801,1.143903017,1.144164801
6/07/2026 02:15,1.14351058,1.143903017,1.14351058,1.143903017
6/07/2026 02:30,1.143772125,1.143772125,1.143379807,1.143379807
6/07/2026 02:45,1.143249154,1.143641353,1.143249154,1.143641353
6/07/2026 03:00,1.143379807,1.143379807,1.143118382,1.143249154
6/07/2026 03:15,1.143249154,1.143379807,1.143249154,1.143249154
6/07/2026 03:30,1.143379807,1.143379807,1.143249154,1.143249154
6/07/2026 03:45,1.143772125,1.143772125,1.143379807,1.143379807
6/07/2026 04:00,1.143641353,1.143903017,1.143641353,1.143772125
6/07/2026 04:15,1.143249154,1.143641353,1.143249154,1.143641353
6/07/2026 04:30,1.143379807,1.143379807,1.143118382,1.143249154
6/07/2026 04:45,1.14351058,1.14351058,1.143249154,1.14351058
6/07/2026 05:00,1.143641353,1.143772125,1.14351058,1.14351058
6/07/2026 05:15,1.143641353,1.143772125,1.14351058,1.143641353
6/07/2026 05:30,1.143641353,1.143641353,1.14351058,1.14351058
6/07/2026 05:45,1.143641353,1.143772125,1.14351058,1.143641353
6/07/2026 06:00,1.143379807,1.14351058,1.143249154,1.14351058
6/07/2026 06:15,1.143249154,1.143249154,1.143118382,1.143249154
6/07/2026 06:30,1.143249154,1.14351058,1.143249154,1.143249154
6/07/2026 06:45,1.142726541,1.14351058,1.142726541,1.143249154
6/07/2026 07:00,1.142857194,1.143249154,1.142857194,1.142987847
6/07/2026 07:15,1.142596006,1.142857194,1.142465472,1.142726541
6/07/2026 07:30,1.142596006,1.142857194,1.142465472,1.142596006
6/07/2026 07:45,1.142465472,1.142857194,1.142334938,1.142726541
6/07/2026 08:00,1.142465472,1.142465472,1.142073989,1.142334938
6/07/2026 08:15,1.142596006,1.143118382,1.142596006,1.142987847
6/07/2026 08:30,1.142857194,1.142857194,1.142596006,1.142596006
6/07/2026 08:45,1.142987847,1.142987847,1.142596006,1.142857194
6/07/2026 09:00,1.142204404,1.142987847,1.142073989,1.142987847
6/07/2026 09:15,1.142204404,1.142334938,1.142073989,1.142334938
6/07/2026 09:30,1.142073989,1.142465472,1.142073989,1.142334938
6/07/2026 09:45,1.142334938,1.142334938,1.141943574,1.141943574
6/07/2026 10:00,1.142204404,1.142465472,1.142073989,1.142334938
6/07/2026 10:15,1.142204404,1.142334938,1.142073989,1.142204404
6/07/2026 10:30,1.142204404,1.142334938,1.142073989,1.142204404
6/07/2026 10:45,1.141552567,1.141943574,1.141422153,1.141943574
6/07/2026 11:00,1.141682863,1.141682863,1.141291857,1.141682863
6/07/2026 11:15,1.141943574,1.142334938,1.141813159,1.141813159
6/07/2026 11:30,1.142204404,1.142465472,1.141943574,1.141943574
6/07/2026 11:45,1.142334938,1.142465472,1.142204404,1.142334938
6/07/2026 12:00,1.142204404,1.142334938,1.141943574,1.142334938
6/07/2026 12:15,1.142073989,1.142204404,1.141943574,1.142204404
6/07/2026 12:30,1.141813159,1.142334938,1.141813159,1.142073989
6/07/2026 12:45,1.141943574,1.141943574,1.141552567,1.141813159
6/07/2026 13:00,1.142073989,1.142204404,1.141813159,1.142073989
6/07/2026 13:15,1.142073989,1.142204404,1.141943574,1.142204404
6/07/2026 13:30,1.141552567,1.142204404,1.141552567,1.142073989
6/07/2026 13:45,1.141682863,1.141943574,1.141552567,1.141552567
6/07/2026 14:00,1.142204404,1.142334938,1.141422153,1.141422153
6/07/2026 14:15,1.142334938,1.142596006,1.142204404,1.142204404
6/07/2026 14:30,1.142073989,1.142465472,1.142073989,1.142334938
6/07/2026 14:45,1.141552567,1.142073989,1.14116168,1.141943574
6/07/2026 15:00,1.142073989,1.142204404,1.141552567,1.141552567
6/07/2026 15:15,1.141813159,1.142073989,1.141813159,1.142073989
6/07/2026 15:30,1.141552567,1.142073989,1.141552567,1.141943574
6/07/2026 15:45,1.141943574,1.142073989,1.141552567,1.141682863
6/07/2026 16:00,1.141943574,1.142204404,1.141943574,1.142073989
6/07/2026 16:15,1.142073989,1.142204404,1.141943574,1.142073989
6/07/2026 16:30,1.142596006,1.142596006,1.142073989,1.142204404
6/07/2026 16:45,1.142857194,1.142857194,1.142726541,1.142726541
6/07/2026 17:00,1.142987847,1.143249154,1.142857194,1.142857194
6/07/2026 17:15,1.143249154,1.143379807,1.142987847,1.142987847
6/07/2026 17:30,1.143118382,1.143379807,1.142987847,1.143249154
6/07/2026 17:45,1.143379807,1.14351058,1.143118382,1.143118382
6/07/2026 18:00,1.143641353,1.143641353,1.14351058,1.14351058
6/07/2026 18:15,1.14403379,1.14403379,1.143772125,1.143772125
6/07/2026 18:30,1.144295692,1.144295692,1.143903017,1.143903017
6/07/2026 18:45,1.14403379,1.144295692,1.143903017,1.144164801
6/07/2026 19:00,1.14403379,1.144164801,1.143903017,1.14403379
6/07/2026 19:15,1.144295692,1.144295692,1.14403379,1.14403379
6/07/2026 19:30,1.144557595,1.144557595,1.144164801,1.144164801
6/07/2026 19:45,1.144688606,1.144819736,1.144557595,1.144557595
6/07/2026 20:00,1.144426703,1.144688606,1.144426703,1.144426703
6/07/2026 20:15,1.144295692,1.144426703,1.144164801,1.144426703
6/07/2026 20:30,1.144295692,1.144426703,1.144295692,1.144295692
6/07/2026 20:45,1.144557595,1.144557595,1.144295692,1.144295692
6/07/2026 21:00,1.144426703,1.144557595,1.144426703,1.144426703
6/07/2026 21:15,1.144426703,1.144557595,1.144295692,1.144426703
6/07/2026 21:30,1.144295692,1.144557595,1.144295692,1.144557595
6/07/2026 21:45,1.144426703,1.144426703,1.144295692,1.144426703
6/07/2026 22:00,1.144557595,1.145081878,1.144164801,1.145081878
6/07/2026 22:15,1.144557595,1.144688606,1.144295692,1.144557595
6/07/2026 22:30,1.144557595,1.144688606,1.144426703,1.144426703
6/07/2026 22:45,1.145081878,1.145081878,1.144557595,1.144557595
6/07/2026 23:00,1.144688606,1.144819736,1.144557595,1.144688606
6/07/2026 23:15,1.144688606,1.144688606,1.144688606,1.144688606
6/07/2026 23:30,1.144688606,1.144688606,1.144688606,1.144688606
6/07/2026 23:45,1.144688606,1.144819736,1.144688606,1.144688606
7/07/2026 00:00,1.144950747,1.145081878,1.144819736,1.144950747
7/07/2026 00:15,1.144688606,1.145081878,1.144688606,1.144950747
7/07/2026 00:30,1.144819736,1.144819736,1.144688606,1.144688606
7/07/2026 00:45,1.144426703,1.144819736,1.144426703,1.144819736
7/07/2026 01:00,1.144426703,1.144557595,1.144426703,1.144426703
7/07/2026 01:15,1.144164801,1.144426703,1.144164801,1.144426703
7/07/2026 01:30,1.144295692,1.144426703,1.144164801,1.144295692
7/07/2026 01:45,1.144295692,1.144426703,1.144295692,1.144295692
7/07/2026 02:00,1.144295692,1.144295692,1.144164801,1.144295692
7/07/2026 02:15,1.144164801,1.144295692,1.14403379,1.144295692
7/07/2026 02:30,1.144295692,1.144819736,1.144295692,1.144557595
7/07/2026 02:45,1.144688606,1.144950747,1.144295692,1.144295692
7/07/2026 03:00,1.144557595,1.144950747,1.144557595,1.144819736
7/07/2026 03:15,1.144557595,1.144688606,1.144557595,1.144557595
7/07/2026 03:30,1.144426703,1.144688606,1.144426703,1.144426703
7/07/2026 03:45,1.144295692,1.144557595,1.144295692,1.144426703
7/07/2026 04:00,1.144426703,1.144557595,1.144295692,1.144295692
7/07/2026 04:15,1.144295692,1.144557595,1.144295692,1.144426703
7/07/2026 04:30,1.144164801,1.144426703,1.14403379,1.144295692
7/07/2026 04:45,1.14403379,1.144164801,1.143903017,1.14403379
7/07/2026 05:00,1.144164801,1.144164801,1.14403379,1.14403379
7/07/2026 05:15,1.14403379,1.144164801,1.14403379,1.144164801
7/07/2026 05:30,1.144164801,1.144164801,1.14403379,1.14403379
7/07/2026 05:45,1.143903017,1.144164801,1.143903017,1.14403379
7/07/2026 06:00,1.143772125,1.14403379,1.143772125,1.14403379
7/07/2026 06:15,1.143379807,1.143772125,1.143379807,1.143772125
7/07/2026 06:30,1.143249154,1.143641353,1.143249154,1.143379807
7/07/2026 06:45,1.14351058,1.14351058,1.143249154,1.143249154
7/07/2026 07:00,1.142987847,1.143641353,1.142857194,1.143641353
7/07/2026 07:15,1.143118382,1.143379807,1.142987847,1.143379807
7/07/2026 07:30,1.143249154,1.143379807,1.143249154,1.143249154
7/07/2026 07:45,1.143118382,1.14351058,1.143118382,1.143249154
7/07/2026 08:00,1.143118382,1.143249154,1.142987847,1.143249154
7/07/2026 08:15,1.142987847,1.14351058,1.142987847,1.143118382
7/07/2026 08:30,1.143249154,1.143249154,1.142987847,1.142987847
7/07/2026 08:45,1.142987847,1.143118382,1.142857194,1.142987847
7/07/2026 09:00,1.14351058,1.14351058,1.142857194,1.142987847
7/07/2026 09:15,1.143641353,1.143641353,1.143249154,1.143379807
7/07/2026 09:30,1.14351058,1.143903017,1.14351058,1.143641353
7/07/2026 09:45,1.143118382,1.14351058,1.142987847,1.143379807
7/07/2026 10:00,1.142987847,1.143118382,1.142987847,1.143118382
7/07/2026 10:15,1.143118382,1.143118382,1.142987847,1.143118382
7/07/2026 10:30,1.143118382,1.143249154,1.142987847,1.142987847
7/07/2026 10:45,1.142857194,1.143249154,1.142857194,1.143249154
7/07/2026 11:00,1.143249154,1.143249154,1.142726541,1.142726541
7/07/2026 11:15,1.143379807,1.143379807,1.143249154,1.143249154
7/07/2026 11:30,1.143379807,1.14351058,1.143249154,1.143249154
7/07/2026 11:45,1.143641353,1.143641353,1.143249154,1.143379807
7/07/2026 12:00,1.143772125,1.143772125,1.14351058,1.143641353
7/07/2026 12:15,1.14403379,1.144164801,1.143641353,1.143641353
7/07/2026 12:30,1.143641353,1.14403379,1.143641353,1.143903017
7/07/2026 12:45,1.143641353,1.143772125,1.142987847,1.143641353
7/07/2026 13:00,1.143641353,1.143772125,1.14351058,1.14351058
7/07/2026 13:15,1.144557595,1.144557595,1.143641353,1.143772125
7/07/2026 13:30,1.143903017,1.144557595,1.143903017,1.144557595
7/07/2026 13:45,1.143903017,1.14403379,1.143772125,1.14403379
7/07/2026 14:00,1.143772125,1.143903017,1.143379807,1.143903017
7/07/2026 14:15,1.143772125,1.143903017,1.143641353,1.143772125
7/07/2026 14:30,1.144426703,1.144426703,1.143903017,1.143903017
7/07/2026 14:45,1.143772125,1.144426703,1.143772125,1.144295692
7/07/2026 15:00,1.142987847,1.14403379,1.142857194,1.14403379
7/07/2026 15:15,1.143249154,1.143379807,1.142987847,1.142987847
7/07/2026 15:30,1.14351058,1.14351058,1.143118382,1.143249154
7/07/2026 15:45,1.143772125,1.14403379,1.14351058,1.143641353
7/07/2026 16:00,1.143249154,1.143772125,1.143249154,1.143641353
7/07/2026 16:15,1.143118382,1.143249154,1.142987847,1.143249154
7/07/2026 16:30,1.142987847,1.143118382,1.142987847,1.143118382
7/07/2026 16:45,1.142596006,1.142987847,1.142596006,1.142987847
7/07/2026 17:00,1.142726541,1.142857194,1.142465472,1.142726541
7/07/2026 17:15,1.142204404,1.142596006,1.142073989,1.142596006
7/07/2026 17:30,1.142334938,1.142334938,1.142204404,1.142204404
7/07/2026 17:45,1.142596006,1.142596006,1.142334938,1.142334938
7/07/2026 18:00,1.142596006,1.142857194,1.142596006,1.142726541
7/07/2026 18:15,1.142726541,1.142857194,1.142596006,1.142596006
7/07/2026 18:30,1.142987847,1.142987847,1.142726541,1.142726541
7/07/2026 18:45,1.143118382,1.143249154,1.142987847,1.142987847
7/07/2026 19:00,1.142987847,1.143118382,1.142857194,1.143118382
7/07/2026 19:15,1.143118382,1.143249154,1.142987847,1.142987847
7/07/2026 19:30,1.143118382,1.143249154,1.142987847,1.143118382
7/07/2026 19:45,1.142204404,1.143249154,1.142204404,1.143249154
7/07/2026 20:00,1.141552567,1.142073989,1.141552567,1.142073989
7/07/2026 20:15,1.141682863,1.141682863,1.14116168,1.141422153
7/07/2026 20:30,1.141943574,1.141943574,1.141682863,1.141682863
7/07/2026 20:45,1.141943574,1.141943574,1.141813159,1.141813159
7/07/2026 21:00,1.141682863,1.142073989,1.141682863,1.141813159
7/07/2026 21:15,1.141682863,1.141813159,1.141682863,1.141682863
7/07/2026 21:30,1.141552567,1.141682863,1.141422153,1.141682863
7/07/2026 21:45,1.141552567,1.141552567,1.141422153,1.141552567
7/07/2026 22:00,1.141291857,1.142726541,1.141291857,1.142726541
7/07/2026 22:15,1.140901327,1.141422153,1.140901327,1.141422153
7/07/2026 22:30,1.141031504,1.141031504,1.140380859,1.141031504
7/07/2026 22:45,1.14116168,1.14116168,1.140771151,1.141031504
7/07/2026 23:00,1.140901327,1.14116168,1.140901327,1.14116168
7/07/2026 23:15,1.140771151,1.141031504,1.140771151,1.140901327
7/07/2026 23:30,1.140771151,1.140901327,1.140641093,1.140901327
7/07/2026 23:45,1.141031504,1.141031504,1.140771151,1.140771151
8/07/2026 00:00,1.140771151,1.14116168,1.140771151,1.141031504
8/07/2026 00:15,1.140771151,1.140901327,1.140771151,1.140771151
8/07/2026 00:30,1.140771151,1.141031504,1.140771151,1.140771151
8/07/2026 00:45,1.140510917,1.140771151,1.140380859,1.140771151
8/07/2026 01:00,1.140901327,1.140901327,1.140380859,1.140380859
8/07/2026 01:15,1.141031504,1.14116168,1.140641093,1.140901327
8/07/2026 01:30,1.141422153,1.141552567,1.141031504,1.141031504
8/07/2026 01:45,1.14116168,1.141422153,1.141031504,1.141291857
8/07/2026 02:00,1.141031504,1.141291857,1.141031504,1.14116168
8/07/2026 02:15,1.140771151,1.141031504,1.140771151,1.141031504
8/07/2026 02:30,1.140250921,1.140771151,1.140250921,1.140771151
8/07/2026 02:45,1.140901327,1.140901327,1.140380859,1.140510917
8/07/2026 03:00,1.140901327,1.141031504,1.140771151,1.140901327
8/07/2026 03:15,1.141422153,1.141552567,1.14116168,1.14116168
8/07/2026 03:30,1.141552567,1.141552567,1.141291857,1.141422153
8/07/2026 03:45,1.141552567,1.141552567,1.141422153,1.141552567
8/07/2026 04:00,1.141813159,1.141813159,1.141552567,1.141552567
8/07/2026 04:15,1.141813159,1.141943574,1.141813159,1.141943574
8/07/2026 04:30,1.141682863,1.141813159,1.141682863,1.141813159
8/07/2026 04:45,1.141682863,1.141813159,1.141682863,1.141813159
8/07/2026 05:00,1.141552567,1.141682863,1.141552567,1.141682863
8/07/2026 05:15,1.141682863,1.141682863,1.141422153,1.141552567
8/07/2026 05:30,1.141813159,1.141943574,1.141682863,1.141682863
8/07/2026 05:45,1.141813159,1.141813159,1.141682863,1.141813159
8/07/2026 06:00,1.141943574,1.142204404,1.141813159,1.141813159
8/07/2026 06:15,1.141682863,1.141943574,1.141552567,1.141943574
8/07/2026 06:30,1.142334938,1.142334938,1.141813159,1.141813159
8/07/2026 06:45,1.142334938,1.142334938,1.142073989,1.142334938
8/07/2026 07:00,1.142204404,1.142596006,1.142204404,1.142465472
8/07/2026 07:15,1.142596006,1.142596006,1.142334938,1.142334938
8/07/2026 07:30,1.142465472,1.142726541,1.142334938,1.142596006
8/07/2026 07:45,1.142465472,1.142465472,1.142204404,1.142465472
8/07/2026 08:00,1.142334938,1.142596006,1.142204404,1.142596006
8/07/2026 08:15,1.142987847,1.143118382,1.142073989,1.142204404
8/07/2026 08:30,1.143249154,1.143379807,1.142987847,1.143249154
8/07/2026 08:45,1.142987847,1.143249154,1.142987847,1.143249154
8/07/2026 09:00,1.142726541,1.143118382,1.142726541,1.142857194
8/07/2026 09:15,1.141682863,1.142857194,1.140901327,1.142857194
8/07/2026 09:30,1.14116168,1.141943574,1.140901327,1.141813159
8/07/2026 09:45,1.141422153,1.142204404,1.141422153,1.141682863
8/07/2026 10:00,1.140120864,1.141291857,1.140120864,1.14116168
8/07/2026 10:15,1.140771151,1.141031504,1.140120864,1.140120864
8/07/2026 10:30,1.141291857,1.141291857,1.140901327,1.140901327
8/07/2026 10:45,1.140901327,1.141422153,1.140771151,1.141291857
8/07/2026 11:00,1.140641093,1.141031504,1.140510917,1.140901327
8/07/2026 11:15,1.141422153,1.141682863,1.140510917,1.140510917
8/07/2026 11:30,1.141682863,1.141682863,1.141422153,1.141422153
8/07/2026 11:45,1.14116168,1.141682863,1.14116168,1.141552567
8/07/2026 12:00,1.141031504,1.14116168,1.140901327,1.14116168
8/07/2026 12:15,1.140901327,1.141291857,1.140901327,1.14116168
8/07/2026 12:30,1.140771151,1.140901327,1.13973105,1.140901327
8/07/2026 12:45,1.139990926,1.140641093,1.139990926,1.140641093
8/07/2026 13:00,1.140510917,1.140771151,1.140120864,1.140250921
8/07/2026 13:15,1.140771151,1.140901327,1.140641093,1.140641093
8/07/2026 13:30,1.140901327,1.140901327,1.140641093,1.140901327
8/07/2026 13:45,1.139990926,1.141031504,1.139990926,1.140901327
8/07/2026 14:00,1.140510917,1.140641093,1.140120864,1.140120864
8/07/2026 14:15,1.140771151,1.140771151,1.140120864,1.140250921
8/07/2026 14:30,1.141422153,1.141422153,1.140771151,1.140771151
8/07/2026 14:45,1.14116168,1.141682863,1.14116168,1.141422153
8/07/2026 15:00,1.14116168,1.141552567,1.141031504,1.141291857
8/07/2026 15:15,1.141291857,1.141422153,1.141031504,1.141031504
8/07/2026 15:30,1.140901327,1.14116168,1.140771151,1.141031504
8/07/2026 15:45,1.141031504,1.141031504,1.140901327,1.140901327
8/07/2026 16:00,1.140641093,1.141422153,1.140641093,1.140901327
8/07/2026 16:15,1.140380859,1.140510917,1.140250921,1.140380859
8/07/2026 16:30,1.139601111,1.140250921,1.139471292,1.140120864
8/07/2026 16:45,1.139860868,1.139990926,1.139601111,1.139601111
8/07/2026 17:00,1.140250921,1.140250921,1.139860868,1.139860868
8/07/2026 17:15,1.140510917,1.140641093,1.139990926,1.139990926
8/07/2026 17:30,1.141422153,1.141422153,1.140510917,1.140510917
8/07/2026 17:45,1.141682863,1.141813159,1.141422153,1.141422153
8/07/2026 18:00,1.142596006,1.142596006,1.141813159,1.141813159
8/07/2026 18:15,1.142857194,1.142857194,1.142465472,1.142596006
8/07/2026 18:30,1.142465472,1.142987847,1.142465472,1.142987847
8/07/2026 18:45,1.142204404,1.142596006,1.142204404,1.142465472
8/07/2026 19:00,1.143118382,1.143118382,1.142204404,1.142204404
8/07/2026 19:15,1.142987847,1.143118382,1.142987847,1.142987847
8/07/2026 19:30,1.143118382,1.143118382,1.142726541,1.142857194
8/07/2026 19:45,1.142987847,1.143118382,1.142857194,1.143118382
8/07/2026 20:00,1.143118382,1.143249154,1.142987847,1.143118382
8/07/2026 20:15,1.143118382,1.143249154,1.143118382,1.143249154
8/07/2026 20:30,1.143118382,1.143249154,1.143118382,1.143249154
8/07/2026 20:45,1.143118382,1.143249154,1.142596006,1.142987847
8/07/2026 21:00,1.142857194,1.143118382,1.142857194,1.142987847
8/07/2026 21:15,1.142465472,1.142857194,1.142334938,1.142857194
8/07/2026 21:30,1.141943574,1.142334938,1.141813159,1.142334938
8/07/2026 21:45,1.142073989,1.142073989,1.141943574,1.141943574
8/07/2026 22:00,1.142465472,1.142596006,1.141813159,1.142073989
8/07/2026 22:15,1.142726541,1.142726541,1.142073989,1.142334938
8/07/2026 22:30,1.142073989,1.142596006,1.141943574,1.142334938
8/07/2026 22:45,1.142204404,1.142334938,1.141943574,1.142073989
8/07/2026 23:00,1.142073989,1.142073989,1.141943574,1.142073989
8/07/2026 23:15,1.142073989,1.142073989,1.142073989,1.142073989
8/07/2026 23:30,1.142204404,1.142204404,1.142073989,1.142073989
8/07/2026 23:45,1.142204404,1.142204404,1.142073989,1.142204404
9/07/2026 00:00,1.142073989,1.142334938,1.142073989,1.142204404
9/07/2026 00:15,1.142204404,1.142204404,1.142073989,1.142073989
9/07/2026 00:30,1.142334938,1.142334938,1.142204404,1.142204404
9/07/2026 00:45,1.142465472,1.142465472,1.142334938,1.142465472
9/07/2026 01:00,1.143118382,1.143249154,1.142465472,1.142465472
9/07/2026 01:15,1.142987847,1.143118382,1.142857194,1.143118382
9/07/2026 01:30,1.142987847,1.143249154,1.142987847,1.143249154
9/07/2026 01:45,1.142857194,1.142987847,1.142726541,1.142987847
9/07/2026 02:00,1.142596006,1.142987847,1.142596006,1.142857194
9/07/2026 02:15,1.142465472,1.142726541,1.142465472,1.142726541
9/07/2026 02:30,1.142726541,1.142857194,1.142334938,1.142465472
9/07/2026 02:45,1.142857194,1.142857194,1.142465472,1.142596006
9/07/2026 03:00,1.142987847,1.143118382,1.142857194,1.142857194
9/07/2026 03:15,1.142987847,1.143118382,1.142987847,1.143118382
9/07/2026 03:30,1.142857194,1.142987847,1.142726541,1.142987847
9/07/2026 03:45,1.142726541,1.142987847,1.142726541,1.142987847
9/07/2026 04:00,1.142857194,1.142857194,1.142726541,1.142726541
9/07/2026 04:15,1.142857194,1.142987847,1.142596006,1.142726541
9/07/2026 04:30,1.143118382,1.143379807,1.143118382,1.143118382
9/07/2026 04:45,1.142987847,1.143118382,1.142987847,1.143118382
9/07/2026 05:00,1.142987847,1.143118382,1.142857194,1.142987847
9/07/2026 05:15,1.142857194,1.143118382,1.142726541,1.142987847
9/07/2026 05:30,1.142857194,1.142987847,1.142857194,1.142857194
9/07/2026 05:45,1.142987847,1.142987847,1.142857194,1.142857194
9/07/2026 06:00,1.14351058,1.14351058,1.142987847,1.142987847
9/07/2026 06:15,1.14351058,1.14351058,1.143249154,1.14351058
9/07/2026 06:30,1.143379807,1.143641353,1.143379807,1.14351058
9/07/2026 06:45,1.143379807,1.143641353,1.143379807,1.14351058
9/07/2026 07:00,1.143772125,1.14403379,1.143772125,1.143772125
9/07/2026 07:15,1.144950747,1.145081878,1.143772125,1.143772125
9/07/2026 07:30,1.144688606,1.145081878,1.144557595,1.144819736
9/07/2026 07:45,1.144426703,1.144819736,1.144426703,1.144819736
9/07/2026 08:00,1.14403379,1.144557595,1.143903017,1.144557595
9/07/2026 08:15,1.144164801,1.144295692,1.143903017,1.14403379
9/07/2026 08:30,1.143772125,1.144164801,1.143772125,1.144164801
9/07/2026 08:45,1.143772125,1.143903017,1.143641353,1.143903017
9/07/2026 09:00,1.143772125,1.144164801,1.143772125,1.143903017
9/07/2026 09:15,1.14403379,1.14403379,1.143772125,1.143903017
9/07/2026 09:30,1.14351058,1.14403379,1.14351058,1.14403379
9/07/2026 09:45,1.142987847,1.14351058,1.142857194,1.14351058
9/07/2026 10:00,1.142987847,1.143118382,1.142726541,1.142987847
9/07/2026 10:15,1.143118382,1.143118382,1.142857194,1.142987847
9/07/2026 10:30,1.142857194,1.143118382,1.142857194,1.142987847
9/07/2026 10:45,1.143379807,1.14351058,1.142987847,1.142987847
9/07/2026 11:00,1.143249154,1.143379807,1.143118382,1.143379807
9/07/2026 11:15,1.143118382,1.143249154,1.142987847,1.143249154
9/07/2026 11:30,1.143118382,1.14351058,1.142987847,1.142987847
9/07/2026 11:45,1.142596006,1.143118382,1.142465472,1.143118382
9/07/2026 12:00,1.142857194,1.142857194,1.142596006,1.142596006
9/07/2026 12:15,1.142726541,1.142987847,1.142726541,1.142857194
9/07/2026 12:30,1.142987847,1.142987847,1.142726541,1.142726541
9/07/2026 12:45,1.143249154,1.143249154,1.142857194,1.142987847
9/07/2026 13:00,1.143641353,1.143903017,1.143249154,1.143379807
9/07/2026 13:15,1.14351058,1.143772125,1.14351058,1.143772125
9/07/2026 13:30,1.142987847,1.143903017,1.142987847,1.143641353
9/07/2026 13:45,1.142726541,1.143118382,1.142726541,1.143118382
9/07/2026 14:00,1.143249154,1.143379807,1.142857194,1.142857194
9/07/2026 14:15,1.143772125,1.143903017,1.143379807,1.14351058
9/07/2026 14:30,1.143772125,1.143903017,1.14351058,1.143772125
9/07/2026 14:45,1.144164801,1.144164801,1.143772125,1.143903017
9/07/2026 15:00,1.144426703,1.144819736,1.144295692,1.144295692
9/07/2026 15:15,1.144295692,1.144426703,1.14403379,1.144295692
9/07/2026 15:30,1.143903017,1.144426703,1.143903017,1.144295692
9/07/2026 15:45,1.143641353,1.143903017,1.14351058,1.143903017
9/07/2026 16:00,1.14351058,1.143903017,1.143379807,1.143641353
9/07/2026 16:15,1.143641353,1.143772125,1.143249154,1.14351058
9/07/2026 16:30,1.14403379,1.14403379,1.14351058,1.143772125
9/07/2026 16:45,1.144164801,1.144295692,1.143903017,1.143903017
9/07/2026 17:00,1.144295692,1.144295692,1.144164801,1.144295692
9/07/2026 17:15,1.14403379,1.144426703,1.143903017,1.144426703
9/07/2026 17:30,1.144295692,1.144295692,1.143903017,1.143903017
9/07/2026 17:45,1.14403379,1.144426703,1.14403379,1.144295692
9/07/2026 18:00,1.14403379,1.144164801,1.143903017,1.14403379
9/07/2026 18:15,1.144295692,1.144426703,1.143903017,1.143903017
9/07/2026 18:30,1.14403379,1.144295692,1.143903017,1.144295692
9/07/2026 18:45,1.14403379,1.144164801,1.14403379,1.14403379
9/07/2026 19:00,1.143772125,1.144164801,1.143772125,1.144164801
9/07/2026 19:15,1.14351058,1.143903017,1.14351058,1.143903017
9/07/2026 19:30,1.143641353,1.143641353,1.14351058,1.14351058
9/07/2026 19:45,1.143641353,1.143772125,1.14351058,1.143641353
9/07/2026 20:00,1.14351058,1.143772125,1.143379807,1.143772125
9/07/2026 20:15,1.143249154,1.14351058,1.143249154,1.14351058
9/07/2026 20:30,1.142987847,1.143249154,1.142987847,1.143249154
9/07/2026 20:45,1.143118382,1.143118382,1.142987847,1.142987847
9/07/2026 21:00,1.143249154,1.143249154,1.143118382,1.143118382
9/07/2026 21:15,1.143249154,1.143379807,1.143249154,1.143249154
9/07/2026 21:30,1.143379807,1.143379807,1.143249154,1.143249154
9/07/2026 21:45,1.143249154,1.143249154,1.143118382,1.143249154
9/07/2026 22:00,1.142987847,1.143772125,1.142857194,1.143772125
9/07/2026 22:15,1.142465472,1.143379807,1.142465472,1.143249154
9/07/2026 22:30,1.143249154,1.143772125,1.142596006,1.142596006
9/07/2026 22:45,1.14351058,1.143641353,1.143118382,1.143118382
9/07/2026 23:00,1.14351058,1.143641353,1.143249154,1.143379807
9/07/2026 23:15,1.143641353,1.143641353,1.143641353,1.143641353
9/07/2026 23:30,1.143641353,1.143641353,1.143641353,1.143641353
9/07/2026 23:45,1.143641353,1.143641353,1.143641353,1.143641353
10/07/2026 00:00,1.143641353,1.143772125,1.143641353,1.143641353
10/07/2026 00:15,1.14351058,1.143641353,1.14351058,1.143641353
10/07/2026 00:30,1.143641353,1.143641353,1.14351058,1.14351058
10/07/2026 00:45,1.143641353,1.143772125,1.14351058,1.143772125
10/07/2026 01:00,1.14351058,1.143772125,1.14351058,1.143641353
10/07/2026 01:15,1.143379807,1.143641353,1.143379807,1.143641353
10/07/2026 01:30,1.143772125,1.143772125,1.143379807,1.143379807
10/07/2026 01:45,1.144426703,1.144557595,1.143903017,1.14403379
10/07/2026 02:00,1.144688606,1.144688606,1.144164801,1.144295692
10/07/2026 02:15,1.144557595,1.145081878,1.144557595,1.144819736
10/07/2026 02:30,1.144688606,1.144819736,1.144557595,1.144557595
10/07/2026 02:45,1.145213008,1.145213008,1.144557595,1.144688606
10/07/2026 03:00,1.145869136,1.145869136,1.145081878,1.145081878
10/07/2026 03:15,1.146131754,1.146263242,1.146000385,1.146131754
10/07/2026 03:30,1.146131754,1.146131754,1.145869136,1.146131754
10/07/2026 03:45,1.146131754,1.14639461,1.146131754,1.146263242
10/07/2026 04:00,1.145869136,1.146263242,1.145869136,1.146263242
10/07/2026 04:15,1.145869136,1.146000385,1.145737886,1.145869136
10/07/2026 04:30,1.145737886,1.146000385,1.145737886,1.146000385
10/07/2026 04:45,1.145344257,1.145737886,1.145213008,1.145737886
10/07/2026 05:00,1.145213008,1.145213008,1.145081878,1.145213008
10/07/2026 05:15,1.144950747,1.145213008,1.144819736,1.145213008
10/07/2026 05:30,1.144557595,1.144950747,1.144557595,1.144950747
10/07/2026 05:45,1.144557595,1.144557595,1.144426703,1.144557595
10/07/2026 06:00,1.144426703,1.144688606,1.144426703,1.144557595
10/07/2026 06:15,1.144164801,1.144426703,1.14403379,1.144426703
10/07/2026 06:30,1.14403379,1.144164801,1.143903017,1.14403379
10/07/2026 06:45,1.144295692,1.144426703,1.144164801,1.144164801
10/07/2026 07:00,1.144688606,1.144688606,1.144295692,1.144295692
10/07/2026 07:15,1.144557595,1.145081878,1.144557595,1.144688606
10/07/2026 07:30,1.144426703,1.144950747,1.144426703,1.144557595
10/07/2026 07:45,1.144557595,1.144557595,1.144295692,1.144295692
10/07/2026 08:00,1.144295692,1.144557595,1.144164801,1.144426703
10/07/2026 08:15,1.144295692,1.144557595,1.14403379,1.14403379
10/07/2026 08:30,1.144426703,1.144426703,1.144164801,1.144426703
10/07/2026 08:45,1.14403379,1.144426703,1.14403379,1.144295692
10/07/2026 09:00,1.14403379,1.144557595,1.14403379,1.14403379
10/07/2026 09:15,1.143772125,1.14403379,1.14351058,1.14403379
10/07/2026 09:30,1.143772125,1.143903017,1.14351058,1.143903017
10/07/2026 09:45,1.143379807,1.143772125,1.143379807,1.143772125
10/07/2026 10:00,1.143641353,1.143641353,1.143379807,1.143379807
10/07/2026 10:15,1.143641353,1.143641353,1.143379807,1.143641353
10/07/2026 10:30,1.143249154,1.143641353,1.143249154,1.14351058
10/07/2026 10:45,1.143118382,1.143379807,1.142987847,1.143379807
10/07/2026 11:00,1.143249154,1.143249154,1.142987847,1.143118382
10/07/2026 11:15,1.143641353,1.143641353,1.143249154,1.143249154
10/07/2026 11:30,1.14351058,1.143641353,1.143379807,1.143641353
10/07/2026 11:45,1.143641353,1.143903017,1.143379807,1.14351058
10/07/2026 12:00,1.14351058,1.143772125,1.143379807,1.143641353
10/07/2026 12:15,1.143249154,1.14351058,1.143118382,1.143379807
10/07/2026 12:30,1.143249154,1.143379807,1.142987847,1.143249154
10/07/2026 12:45,1.14351058,1.14351058,1.143249154,1.143249154
10/07/2026 13:00,1.14403379,1.14403379,1.142987847,1.14351058
10/07/2026 13:15,1.143249154,1.143772125,1.143249154,1.143772125
10/07/2026 13:30,1.142987847,1.143379807,1.142857194,1.143379807
10/07/2026 13:45,1.143249154,1.143249154,1.142726541,1.142987847
10/07/2026 14:00,1.142465472,1.143249154,1.142334938,1.143249154
10/07/2026 14:15,1.142465472,1.142596006,1.142334938,1.142465472
10/07/2026 14:30,1.142987847,1.142987847,1.142334938,1.142465472
10/07/2026 14:45,1.142334938,1.142857194,1.142334938,1.142857194
10/07/2026 15:00,1.142596006,1.142596006,1.142073989,1.142204404
10/07/2026 15:15,1.142857194,1.142987847,1.142465472,1.142596006
10/07/2026 15:30,1.142596006,1.143118382,1.141813159,1.142987847
10/07/2026 15:45,1.142596006,1.142596006,1.142204404,1.142334938
10/07/2026 16:00,1.143118382,1.143118382,1.142596006,1.142596006
10/07/2026 16:15,1.14351058,1.143772125,1.143118382,1.143118382
10/07/2026 16:30,1.143641353,1.143772125,1.14351058,1.143641353
10/07/2026 16:45,1.144164801,1.144164801,1.14351058,1.143641353
10/07/2026 17:00,1.144295692,1.144295692,1.14403379,1.14403379
10/07/2026 17:15,1.144295692,1.144426703,1.14403379,1.144295692
10/07/2026 17:30,1.143903017,1.144295692,1.143903017,1.144164801
10/07/2026 17:45,1.143379807,1.143903017,1.143379807,1.143772125
10/07/2026 18:00,1.143118382,1.143379807,1.142987847,1.143379807
10/07/2026 18:15,1.142726541,1.143118382,1.142596006,1.143118382
10/07/2026 18:30,1.142465472,1.142857194,1.142334938,1.142857194
10/07/2026 18:45,1.142073989,1.142596006,1.142073989,1.142465472
10/07/2026 19:00,1.141943574,1.142073989,1.141943574,1.142073989
10/07/2026 19:15,1.141813159,1.142073989,1.141813159,1.142073989
10/07/2026 19:30,1.141552567,1.141813159,1.141552567,1.141682863
10/07/2026 19:45,1.141943574,1.141943574,1.141682863,1.141682863
10/07/2026 20:00,1.141943574,1.141943574,1.141813159,1.141943574
10/07/2026 20:15,1.141943574,1.141943574,1.141813159,1.141813159
10/07/2026 20:30,1.141813159,1.141943574,1.141813159,1.141943574
10/07/2026 20:45,1.141943574,1.141943574,1.141682863,1.141813159
10/07/2026 21:00,1.141943574,1.142204404,1.141813159,1.141943574
10/07/2026 21:15,1.141682863,1.142073989,1.141682863,1.141943574
10/07/2026 21:30,1.141682863,1.141682863,1.141552567,1.141682863
10/07/2026 21:45,1.141682863,1.141813159,1.141682863,1.141682863
10/07/2026 22:00,1.141943574,1.141943574,1.141943574,1.141943574
10/07/2026 22:15,1.141943574,1.141943574,1.141943574,1.141943574
13/07/2026 00:00,1.139860868,1.139860868,1.13973105,1.13973105
13/07/2026 00:15,1.140120864,1.140250921,1.139990926,1.139990926
13/07/2026 00:30,1.140250921,1.140250921,1.139990926,1.140120864
13/07/2026 00:45,1.140641093,1.140641093,1.140250921,1.140250921
13/07/2026 01:00,1.140380859,1.140771151,1.140380859,1.140771151
13/07/2026 01:15,1.140510917,1.140641093,1.140120864,1.140380859
13/07/2026 01:30,1.139860868,1.140641093,1.139860868,1.140510917
13/07/2026 01:45,1.139860868,1.140120864,1.139860868,1.139990926
13/07/2026 02:00,1.139471292,1.139860868,1.139341474,1.139860868
13/07/2026 02:15,1.139081836,1.139601111,1.138952136,1.139471292
13/07/2026 02:30,1.139860868,1.139860868,1.139211655,1.139211655
13/07/2026 02:45,1.139990926,1.139990926,1.13973105,1.139860868
13/07/2026 03:00,1.139860868,1.140120864,1.13973105,1.140120864
13/07/2026 03:15,1.13973105,1.139990926,1.13973105,1.13973105
13/07/2026 03:30,1.140250921,1.140250921,1.139860868,1.139860868
13/07/2026 03:45,1.139860868,1.140250921,1.139860868,1.140250921
13/07/2026 04:00,1.139471292,1.139860868,1.139471292,1.139860868
13/07/2026 04:15,1.13973105,1.139860868,1.139601111,1.139601111
13/07/2026 04:30,1.139990926,1.139990926,1.139860868,1.139860868
13/07/2026 04:45,1.140120864,1.140120864,1.139860868,1.139990926
13/07/2026 05:00,1.140120864,1.140250921,1.139990926,1.140250921
13/07/2026 05:15,1.140250921,1.140250921,1.140120864,1.140250921
13/07/2026 05:30,1.140380859,1.140641093,1.140380859,1.140510917
13/07/2026 05:45,1.140771151,1.140771151,1.140380859,1.140380859
13/07/2026 06:00,1.14116168,1.14116168,1.140771151,1.140771151
13/07/2026 06:15,1.140510917,1.14116168,1.140510917,1.14116168
13/07/2026 06:30,1.140510917,1.140641093,1.140380859,1.140510917
13/07/2026 06:45,1.140120864,1.140771151,1.140120864,1.140380859
13/07/2026 07:00,1.139990926,1.140250921,1.139990926,1.140250921
13/07/2026 07:15,1.140510917,1.140510917,1.139990926,1.139990926
13/07/2026 07:30,1.140901327,1.141031504,1.140641093,1.140641093
13/07/2026 07:45,1.140380859,1.141031504,1.140380859,1.140771151
13/07/2026 08:00,1.141031504,1.141291857,1.140510917,1.140510917
13/07/2026 08:15,1.14116168,1.14116168,1.141031504,1.14116168
13/07/2026 08:30,1.142073989,1.142465472,1.141031504,1.14116168
13/07/2026 08:45,1.142726541,1.142857194,1.141943574,1.141943574
13/07/2026 09:00,1.144295692,1.144557595,1.142726541,1.142726541
13/07/2026 09:15,1.144164801,1.144950747,1.144164801,1.144426703
13/07/2026 09:30,1.144295692,1.144426703,1.143903017,1.144164801
13/07/2026 09:45,1.143903017,1.144295692,1.143903017,1.144295692
13/07/2026 10:00,1.14351058,1.14403379,1.14351058,1.143903017
13/07/2026 10:15,1.14351058,1.143641353,1.143249154,1.14351058
13/07/2026 10:30,1.143249154,1.143641353,1.143118382,1.14351058
13/07/2026 10:45,1.143379807,1.143379807,1.143118382,1.143249154
13/07/2026 11:00,1.14351058,1.143772125,1.143379807,1.14351058
13/07/2026 11:15,1.143249154,1.14351058,1.143249154,1.14351058
13/07/2026 11:30,1.143379807,1.143379807,1.142987847,1.143249154
13/07/2026 11:45,1.143903017,1.143903017,1.143249154,1.143249154
13/07/2026 12:00,1.143249154,1.14403379,1.143249154,1.143903017
13/07/2026 12:15,1.143249154,1.143379807,1.142857194,1.143379807
13/07/2026 12:30,1.143249154,1.143379807,1.143118382,1.143249154
13/07/2026 12:45,1.143118382,1.143379807,1.143118382,1.143249154
13/07/2026 13:00,1.142596006,1.143249154,1.142465472,1.143118382
13/07/2026 13:15,1.142726541,1.142857194,1.142465472,1.142596006
13/07/2026 13:30,1.142987847,1.143249154,1.142726541,1.142726541
13/07/2026 13:45,1.143249154,1.143249154,1.142726541,1.142857194
13/07/2026 14:00,1.142987847,1.14351058,1.142987847,1.14351058
13/07/2026 14:15,1.142857194,1.142987847,1.142726541,1.142987847
13/07/2026 14:30,1.142465472,1.143118382,1.142334938,1.142726541
13/07/2026 14:45,1.141813159,1.142465472,1.141813159,1.142334938
13/07/2026 15:00,1.141682863,1.141813159,1.141422153,1.141813159
13/07/2026 15:15,1.141031504,1.141682863,1.140641093,1.141682863
13/07/2026 15:30,1.140510917,1.14116168,1.140250921,1.14116168
13/07/2026 15:45,1.140641093,1.140901327,1.140120864,1.140641093
13/07/2026 16:00,1.140120864,1.140901327,1.140120864,1.140901327
13/07/2026 16:15,1.140250921,1.140510917,1.139990926,1.140120864
13/07/2026 16:30,1.140250921,1.140380859,1.139990926,1.140250921
13/07/2026 16:45,1.140641093,1.140641093,1.140120864,1.140380859
13/07/2026 17:00,1.140380859,1.140510917,1.140380859,1.140510917
13/07/2026 17:15,1.139601111,1.140510917,1.139601111,1.140510917
13/07/2026 17:30,1.139211655,1.139341474,1.138692737,1.139341474
13/07/2026 17:45,1.139081836,1.139341474,1.138822436,1.139341474
13/07/2026 18:00,1.139081836,1.139341474,1.138952136,1.139211655
13/07/2026 18:15,1.139081836,1.139211655,1.138952136,1.139081836
13/07/2026 18:30,1.139211655,1.139211655,1.138952136,1.139081836
13/07/2026 18:45,1.138952136,1.139341474,1.138952136,1.139211655
13/07/2026 19:00,1.139081836,1.139211655,1.138822436,1.138952136
13/07/2026 19:15,1.138952136,1.139081836,1.138952136,1.138952136
13/07/2026 19:30,1.139081836,1.139211655,1.138952136,1.138952136
13/07/2026 19:45,1.138952136,1.139081836,1.138952136,1.139081836
13/07/2026 20:00,1.138563156,1.139081836,1.138563156,1.139081836
13/07/2026 20:15,1.138692737,1.138692737,1.138563156,1.138563156
13/07/2026 20:30,1.138692737,1.138822436,1.138563156,1.138692737
13/07/2026 20:45,1.138563156,1.138692737,1.138563156,1.138692737
13/07/2026 21:00,1.138303995,1.138822436,1.138303995,1.138692737
13/07/2026 21:15,1.138174415,1.138303995,1.138174415,1.138303995
13/07/2026 21:30,1.138303995,1.138303995,1.138174415,1.138303995
13/07/2026 21:45,1.138433456,1.138433456,1.138174415,1.138303995
13/07/2026 22:00,1.138563156,1.139341474,1.138174415,1.139341474
13/07/2026 22:15,1.138563156,1.139081836,1.138563156,1.138563156
13/07/2026 22:30,1.138563156,1.139081836,1.138563156,1.138692737
13/07/2026 22:45,1.138433456,1.138952136,1.138433456,1.138692737
13/07/2026 23:00,1.138563156,1.138692737,1.138433456,1.138563156
13/07/2026 23:15,1.138692737,1.138692737,1.138692737,1.138692737
13/07/2026 23:30,1.138822436,1.138822436,1.138692737,1.138692737
13/07/2026 23:45,1.138433456,1.138822436,1.138433456,1.138822436
14/07/2026 00:00,1.138563156,1.138563156,1.138433456,1.138433456
14/07/2026 00:15,1.138433456,1.138563156,1.138303995,1.138433456
14/07/2026 00:30,1.138563156,1.138692737,1.138433456,1.138433456
14/07/2026 00:45,1.138563156,1.138692737,1.138563156,1.138692737
14/07/2026 01:00,1.138822436,1.138822436,1.138563156,1.138692737
14/07/2026 01:15,1.138303995,1.138822436,1.138174415,1.138822436
14/07/2026 01:30,1.138822436,1.138822436,1.138303995,1.138303995
14/07/2026 01:45,1.138952136,1.139211655,1.138952136,1.138952136
14/07/2026 02:00,1.138952136,1.139081836,1.138822436,1.138822436
14/07/2026 02:15,1.138822436,1.139211655,1.138822436,1.139081836
14/07/2026 02:30,1.139081836,1.139081836,1.138822436,1.138822436
14/07/2026 02:45,1.139211655,1.139341474,1.138952136,1.139081836
14/07/2026 03:00,1.139341474,1.139341474,1.139211655,1.139211655
14/07/2026 03:15,1.13973105,1.13973105,1.139341474,1.139341474
14/07/2026 03:30,1.139601111,1.13973105,1.139601111,1.13973105
14/07/2026 03:45,1.139471292,1.139601111,1.139471292,1.139601111
14/07/2026 04:00,1.139471292,1.139601111,1.139211655,1.139471292
14/07/2026 04:15,1.139601111,1.139601111,1.139211655,1.139471292
14/07/2026 04:30,1.13973105,1.139860868,1.139601111,1.139601111
14/07/2026 04:45,1.13973105,1.139860868,1.13973105,1.13973105
14/07/2026 05:00,1.139601111,1.13973105,1.139471292,1.13973105
14/07/2026 05:15,1.13973105,1.13973105,1.139601111,1.139601111
14/07/2026 05:30,1.139471292,1.13973105,1.139471292,1.139601111
14/07/2026 05:45,1.139341474,1.139601111,1.139081836,1.139601111
14/07/2026 06:00,1.139601111,1.139601111,1.139471292,1.139471292
14/07/2026 06:15,1.13973105,1.13973105,1.139601111,1.139601111
14/07/2026 06:30,1.13973105,1.139860868,1.139601111,1.13973105
14/07/2026 06:45,1.139471292,1.13973105,1.139471292,1.13973105
14/07/2026 07:00,1.139211655,1.139471292,1.139211655,1.139471292
14/07/2026 07:15,1.138952136,1.139211655,1.138952136,1.139211655
14/07/2026 07:30,1.139211655,1.13973105,1.139081836,1.139081836
14/07/2026 07:45,1.138952136,1.139081836,1.138822436,1.139081836
14/07/2026 08:00,1.139081836,1.139211655,1.138822436,1.138822436
14/07/2026 08:15,1.13973105,1.13973105,1.138952136,1.138952136
14/07/2026 08:30,1.139341474,1.139601111,1.139341474,1.139601111
14/07/2026 08:45,1.139860868,1.139990926,1.139601111,1.139601111
14/07/2026 09:00,1.140120864,1.140120864,1.13973105,1.139860868
14/07/2026 09:15,1.140250921,1.140250921,1.139990926,1.139990926
14/07/2026 09:30,1.140901327,1.140901327,1.140120864,1.140380859
14/07/2026 09:45,1.140380859,1.140901327,1.140380859,1.140901327
14/07/2026 10:00,1.140641093,1.140771151,1.140250921,1.140250921
14/07/2026 10:15,1.140250921,1.140641093,1.140120864,1.140641093
14/07/2026 10:30,1.139860868,1.140120864,1.139860868,1.140120864
14/07/2026 10:45,1.140380859,1.140641093,1.139860868,1.139860868
14/07/2026 11:00,1.140120864,1.140510917,1.140120864,1.140380859
14/07/2026 11:15,1.139860868,1.140250921,1.13973105,1.140120864
14/07/2026 11:30,1.13973105,1.139990926,1.13973105,1.139860868
14/07/2026 11:45,1.139471292,1.139860868,1.139471292,1.139860868
14/07/2026 12:00,1.139601111,1.140120864,1.139341474,1.139471292
14/07/2026 12:15,1.139860868,1.139990926,1.139601111,1.13973105
14/07/2026 12:30,1.140771151,1.140771151,1.139860868,1.139990926
14/07/2026 12:45,1.141031504,1.14116168,1.140510917,1.140510917
14/07/2026 13:00,1.140901327,1.141031504,1.140771151,1.140901327
14/07/2026 13:15,1.141813159,1.141813159,1.140771151,1.140901327
14/07/2026 13:30,1.146131754,1.146263242,1.144295692,1.144950747
14/07/2026 13:45,1.144688606,1.146131754,1.144688606,1.146000385
14/07/2026 14:00,1.144819736,1.145737886,1.144819736,1.144819736
14/07/2026 14:15,1.145344257,1.145475388,1.144819736,1.144819736
14/07/2026 14:30,1.145606637,1.145606637,1.145081878,1.145344257
14/07/2026 14:45,1.145606637,1.145737886,1.145213008,1.145606637
14/07/2026 15:00,1.145869136,1.146131754,1.145344257,1.145344257
14/07/2026 15:15,1.144950747,1.145869136,1.144819736,1.145869136
14/07/2026 15:30,1.144950747,1.145344257,1.144557595,1.144688606
14/07/2026 15:45,1.144819736,1.145344257,1.144426703,1.145213008
14/07/2026 16:00,1.145213008,1.145475388,1.144688606,1.144819736
14/07/2026 16:15,1.144426703,1.145213008,1.144426703,1.145213008
14/07/2026 16:30,1.143641353,1.144557595,1.143641353,1.144426703
14/07/2026 16:45,1.142987847,1.143903017,1.142987847,1.143641353
14/07/2026 17:00,1.143118382,1.143118382,1.142857194,1.143118382
14/07/2026 17:15,1.143249154,1.143379807,1.142987847,1.143118382
14/07/2026 17:30,1.143641353,1.143772125,1.143379807,1.143379807
14/07/2026 17:45,1.143641353,1.143641353,1.143379807,1.14351058
14/07/2026 18:00,1.142857194,1.143641353,1.142857194,1.14351058
14/07/2026 18:15,1.142857194,1.142987847,1.142334938,1.142596006
14/07/2026 18:30,1.142857194,1.142987847,1.142726541,1.142857194
14/07/2026 18:45,1.142596006,1.143118382,1.142596006,1.142987847
14/07/2026 19:00,1.142726541,1.142857194,1.142596006,1.142726541
14/07/2026 19:15,1.142465472,1.142857194,1.142465472,1.142726541
14/07/2026 19:30,1.142073989,1.142596006,1.142073989,1.142465472
14/07/2026 19:45,1.142596006,1.142596006,1.142204404,1.142204404
14/07/2026 20:00,1.142857194,1.142857194,1.142596006,1.142726541
14/07/2026 20:15,1.142857194,1.142857194,1.142726541,1.142857194
14/07/2026 20:30,1.142596006,1.142726541,1.142596006,1.142726541
14/07/2026 20:45,1.142465472,1.142726541,1.142465472,1.142596006
14/07/2026 21:00,1.142465472,1.142596006,1.142204404,1.142334938
14/07/2026 21:15,1.142334938,1.142465472,1.142334938,1.142334938
14/07/2026 21:30,1.142334938,1.142465472,1.142204404,1.142204404
14/07/2026 21:45,1.142334938,1.142465472,1.142334938,1.142334938
14/07/2026 22:00,1.142857194,1.143118382,1.142465472,1.142465472
14/07/2026 22:15,1.142857194,1.142987847,1.142334938,1.142857194
14/07/2026 22:30,1.142596006,1.142857194,1.142465472,1.142726541
14/07/2026 22:45,1.142596006,1.142726541,1.142204404,1.142334938
14/07/2026 23:00,1.142204404,1.142465472,1.142073989,1.142465472
14/07/2026 23:15,1.142334938,1.142334938,1.142204404,1.142204404
14/07/2026 23:30,1.142465472,1.142465472,1.142334938,1.142334938
14/07/2026 23:45,1.142465472,1.142465472,1.142204404,1.142465472
15/07/2026 00:00,1.142465472,1.142596006,1.142334938,1.142334938
15/07/2026 00:15,1.142596006,1.142596006,1.142465472,1.142465472
15/07/2026 00:30,1.142726541,1.142726541,1.142465472,1.142596006
15/07/2026 00:45,1.142726541,1.142857194,1.142726541,1.142726541
15/07/2026 01:00,1.142857194,1.142987847,1.142726541,1.142726541
15/07/2026 01:15,1.143249154,1.143249154,1.142857194,1.142987847
15/07/2026 01:30,1.142987847,1.143379807,1.142987847,1.143379807
15/07/2026 01:45,1.143772125,1.143772125,1.142987847,1.142987847
15/07/2026 02:00,1.143903017,1.143903017,1.14351058,1.143772125
15/07/2026 02:15,1.143903017,1.14403379,1.143903017,1.143903017
15/07/2026 02:30,1.143641353,1.14403379,1.143641353,1.143903017
15/07/2026 02:45,1.143903017,1.143903017,1.143641353,1.143772125
15/07/2026 03:00,1.14403379,1.144295692,1.143772125,1.143903017
15/07/2026 03:15,1.143772125,1.143903017,1.143641353,1.143903017
15/07/2026 03:30,1.144426703,1.144426703,1.143903017,1.143903017
15/07/2026 03:45,1.144426703,1.144426703,1.144295692,1.144426703
15/07/2026 04:00,1.144164801,1.144557595,1.144164801,1.144295692
15/07/2026 04:15,1.143772125,1.14403379,1.143772125,1.14403379
15/07/2026 04:30,1.143772125,1.14403379,1.143772125,1.143772125
15/07/2026 04:45,1.144164801,1.144164801,1.143772125,1.143772125
15/07/2026 05:00,1.14403379,1.144164801,1.14403379,1.144164801
15/07/2026 05:15,1.144295692,1.144295692,1.14403379,1.14403379
15/07/2026 05:30,1.144164801,1.144426703,1.14403379,1.144164801
15/07/2026 05:45,1.14403379,1.144295692,1.14403379,1.144164801
15/07/2026 06:00,1.14403379,1.14403379,1.143903017,1.14403379
15/07/2026 06:15,1.14403379,1.144164801,1.14403379,1.14403379
15/07/2026 06:30,1.144426703,1.144426703,1.14403379,1.14403379
15/07/2026 06:45,1.144426703,1.144688606,1.144426703,1.144426703
15/07/2026 07:00,1.144295692,1.144557595,1.144295692,1.144426703
15/07/2026 07:15,1.144557595,1.144688606,1.144295692,1.144295692
15/07/2026 07:30,1.144164801,1.144557595,1.144164801,1.144557595
15/07/2026 07:45,1.143249154,1.144164801,1.143249154,1.144164801
15/07/2026 08:00,1.143379807,1.14351058,1.142987847,1.143249154
15/07/2026 08:15,1.142334938,1.143379807,1.142334938,1.143379807
15/07/2026 08:30,1.142596006,1.142726541,1.142596006,1.142596006
15/07/2026 08:45,1.142596006,1.142857194,1.142596006,1.142596006
15/07/2026 09:00,1.142596006,1.143118382,1.142596006,1.142726541
15/07/2026 09:15,1.142726541,1.142857194,1.142596006,1.142596006
15/07/2026 09:30,1.142726541,1.142987847,1.142726541,1.142857194
15/07/2026 09:45,1.142726541,1.142857194,1.142465472,1.142857194
15/07/2026 10:00,1.142857194,1.142857194,1.142465472,1.142726541
15/07/2026 10:15,1.142596006,1.142857194,1.142596006,1.142726541
15/07/2026 10:30,1.142465472,1.142596006,1.142204404,1.142596006
15/07/2026 10:45,1.142073989,1.142465472,1.142073989,1.142465472
15/07/2026 11:00,1.141813159,1.142204404,1.141682863,1.142073989
15/07/2026 11:15,1.141682863,1.142073989,1.141552567,1.141813159
15/07/2026 11:30,1.141422153,1.141813159,1.141422153,1.141682863
15/07/2026 11:45,1.141552567,1.141813159,1.141552567,1.141552567
15/07/2026 12:00,1.142073989,1.142204404,1.141943574,1.141943574
15/07/2026 12:15,1.141943574,1.142073989,1.141943574,1.142073989
15/07/2026 12:30,1.141943574,1.142204404,1.141943574,1.141943574
15/07/2026 12:45,1.141682863,1.141813159,1.141422153,1.141813159
15/07/2026 13:00,1.14116168,1.141813159,1.141031504,1.141682863
15/07/2026 13:15,1.141552567,1.141682863,1.14116168,1.141291857
15/07/2026 13:30,1.142857194,1.142857194,1.142073989,1.142073989
15/07/2026 13:45,1.143249154,1.143249154,1.142857194,1.142857194
15/07/2026 14:00,1.143118382,1.143641353,1.143118382,1.143118382
15/07/2026 14:15,1.142857194,1.14351058,1.142726541,1.143118382
15/07/2026 14:30,1.142987847,1.143118382,1.142726541,1.142726541
15/07/2026 14:45,1.143641353,1.143772125,1.142987847,1.142987847
15/07/2026 15:00,1.14351058,1.143772125,1.143379807,1.14351058
15/07/2026 15:15,1.14351058,1.143903017,1.143379807,1.143641353
15/07/2026 15:30,1.14403379,1.14403379,1.143641353,1.143641353
15/07/2026 15:45,1.143903017,1.144426703,1.143772125,1.144295692
15/07/2026 16:00,1.144164801,1.144426703,1.14403379,1.14403379
15/07/2026 16:15,1.144164801,1.144295692,1.143772125,1.143903017
15/07/2026 16:30,1.143772125,1.144295692,1.14351058,1.144295692
15/07/2026 16:45,1.143903017,1.14403379,1.14351058,1.143772125
15/07/2026 17:00,1.143772125,1.143903017,1.143379807,1.143903017
15/07/2026 17:15,1.144295692,1.144295692,1.143772125,1.143772125
15/07/2026 17:30,1.143772125,1.144164801,1.143772125,1.144164801
15/07/2026 17:45,1.144557595,1.144557595,1.143772125,1.143903017
15/07/2026 18:00,1.145213008,1.145344257,1.144557595,1.144557595
15/07/2026 18:15,1.145869136,1.145869136,1.145213008,1.145213008
15/07/2026 18:30,1.147315264,1.147315264,1.146000385,1.146000385
15/07/2026 18:45,1.147710323,1.147710323,1.147183657,1.147183657
15/07/2026 19:00,1.147578597,1.147973776,1.147578597,1.147710323
15/07/2026 19:15,1.148105621,1.148105621,1.147578597,1.147578597
15/07/2026 19:30,1.14784205,1.148369312,1.14784205,1.148237467
15/07/2026 19:45,1.147183657,1.147710323,1.147183657,1.147578597
15/07/2026 20:00,1.147710323,1.147710323,1.146920443,1.146920443
15/07/2026 20:15,1.147710323,1.147710323,1.147446871,1.147710323
15/07/2026 20:30,1.146657467,1.147578597,1.146657467,1.147578597
15/07/2026 20:45,1.146789074,1.146789074,1.146525979,1.146657467
15/07/2026 21:00,1.14639461,1.146789074,1.14639461,1.146789074
15/07/2026 21:15,1.146657467,1.146657467,1.146525979,1.146525979
15/07/2026 21:30,1.146525979,1.146789074,1.146525979,1.146789074
15/07/2026 21:45,1.146657467,1.146789074,1.146657467,1.146657467
15/07/2026 22:00,1.146920443,1.147315264,1.14639461,1.146789074
15/07/2026 22:15,1.146920443,1.14705205,1.146657467,1.146920443
15/07/2026 22:30,1.146789074,1.14705205,1.146657467,1.146920443
15/07/2026 22:45,1.146789074,1.147183657,1.146657467,1.146920443
15/07/2026 23:00,1.14705205,1.14705205,1.146920443,1.146920443
15/07/2026 23:15,1.14705205,1.14705205,1.146920443,1.14705205
15/07/2026 23:30,1.14705205,1.147183657,1.14705205,1.14705205
15/07/2026 23:45,1.146920443,1.14705205,1.146920443,1.14705205
16/07/2026 00:00,1.147183657,1.147183657,1.14705205,1.147183657
16/07/2026 00:15,1.147315264,1.147315264,1.147183657,1.147183657
16/07/2026 00:30,1.147315264,1.147315264,1.147183657,1.147315264
16/07/2026 00:45,1.147315264,1.147446871,1.147315264,1.147446871
16/07/2026 01:00,1.147710323,1.147710323,1.147315264,1.147315264
16/07/2026 01:15,1.147578597,1.147710323,1.147315264,1.147710323
16/07/2026 01:30,1.147315264,1.147578597,1.147183657,1.147446871
16/07/2026 01:45,1.147710323,1.147710323,1.14705205,1.147315264
16/07/2026 02:00,1.147578597,1.147710323,1.147446871,1.147710323
16/07/2026 02:15,1.147446871,1.147578597,1.147183657,1.147578597
16/07/2026 02:30,1.14705205,1.147315264,1.146920443,1.147315264
16/07/2026 02:45,1.146920443,1.14705205,1.146789074,1.14705205
16/07/2026 03:00,1.14639461,1.146920443,1.14639461,1.146920443
16/07/2026 03:15,1.146657467,1.146789074,1.14639461,1.14639461
16/07/2026 03:30,1.146657467,1.146789074,1.146525979,1.146789074
16/07/2026 03:45,1.146789074,1.146789074,1.146525979,1.146657467
16/07/2026 04:00,1.146789074,1.14705205,1.146657467,1.146789074
16/07/2026 04:15,1.147183657,1.147183657,1.146920443,1.146920443
16/07/2026 04:30,1.14705205,1.147183657,1.14705205,1.147183657
16/07/2026 04:45,1.146920443,1.14705205,1.146920443,1.14705205
16/07/2026 05:00,1.146789074,1.146920443,1.146789074,1.146920443
16/07/2026 05:15,1.146657467,1.146789074,1.146657467,1.146789074
16/07/2026 05:30,1.146920443,1.14705205,1.146657467,1.146657467
16/07/2026 05:45,1.146920443,1.146920443,1.146920443,1.146920443
16/07/2026 06:00,1.14705205,1.14705205,1.146920443,1.146920443
16/07/2026 06:15,1.14705205,1.147183657,1.14705205,1.14705205
16/07/2026 06:30,1.14705205,1.147183657,1.14705205,1.14705205
16/07/2026 06:45,1.146657467,1.14705205,1.146657467,1.14705205
16/07/2026 07:00,1.147183657,1.147183657,1.146789074,1.146789074
16/07/2026 07:15,1.147183657,1.147183657,1.146920443,1.147183657
16/07/2026 07:30,1.146920443,1.147183657,1.146920443,1.147183657
16/07/2026 07:45,1.147183657,1.147446871,1.146920443,1.14705205
16/07/2026 08:00,1.147183657,1.147183657,1.14705205,1.147183657
16/07/2026 08:15,1.147183657,1.147578597,1.147183657,1.147183657
16/07/2026 08:30,1.147446871,1.147578597,1.147183657,1.147315264
16/07/2026 08:45,1.147315264,1.147973776,1.147183657,1.147446871
16/07/2026 09:00,1.146789074,1.147446871,1.146789074,1.147183657
16/07/2026 09:15,1.146789074,1.14705205,1.146657467,1.146789074
16/07/2026 09:30,1.147183657,1.147183657,1.146920443,1.146920443
16/07/2026 09:45,1.146920443,1.14705205,1.146657467,1.14705205
16/07/2026 10:00,1.146789074,1.146920443,1.146657467,1.146920443
16/07/2026 10:15,1.146657467,1.14705205,1.146657467,1.146920443
16/07/2026 10:30,1.146657467,1.146789074,1.14639461,1.146657467
16/07/2026 10:45,1.146920443,1.14705205,1.146789074,1.146789074
16/07/2026 11:00,1.146920443,1.146920443,1.146789074,1.146920443
16/07/2026 11:15,1.146920443,1.147183657,1.146920443,1.146920443
16/07/2026 11:30,1.146789074,1.146920443,1.146657467,1.146920443
16/07/2026 11:45,1.14639461,1.146920443,1.14639461,1.146789074
16/07/2026 12:00,1.14639461,1.146525979,1.146263242,1.146263242
16/07/2026 12:15,1.146263242,1.146657467,1.146131754,1.14639461
16/07/2026 12:30,1.146920443,1.146920443,1.14639461,1.14639461
16/07/2026 12:45,1.147183657,1.147183657,1.146525979,1.146789074
16/07/2026 13:00,1.146789074,1.147315264,1.146789074,1.147183657
16/07/2026 13:15,1.146657467,1.146789074,1.146525979,1.146789074
16/07/2026 13:30,1.145737886,1.146789074,1.145737886,1.146657467
16/07/2026 13:45,1.145081878,1.145869136,1.145081878,1.145606637
16/07/2026 14:00,1.145606637,1.145606637,1.144950747,1.145081878
16/07/2026 14:15,1.146131754,1.146131754,1.145344257,1.145606637
16/07/2026 14:30,1.145869136,1.146263242,1.145869136,1.146263242
16/07/2026 14:45,1.145475388,1.145869136,1.145475388,1.145606637
16/07/2026 15:00,1.145081878,1.145737886,1.144950747,1.145344257
16/07/2026 15:15,1.145344257,1.145475388,1.145081878,1.145081878
16/07/2026 15:30,1.144688606,1.145475388,1.144688606,1.145344257
16/07/2026 15:45,1.144688606,1.144950747,1.144295692,1.144950747
16/07/2026 16:00,1.144426703,1.144557595,1.14403379,1.144557595
16/07/2026 16:15,1.144426703,1.144557595,1.144426703,1.144557595
16/07/2026 16:30,1.144950747,1.144950747,1.144295692,1.144295692
16/07/2026 16:45,1.144950747,1.145213008,1.144950747,1.145081878
16/07/2026 17:00,1.144557595,1.145081878,1.144426703,1.145081878
16/07/2026 17:15,1.143903017,1.144688606,1.143903017,1.144557595
16/07/2026 17:30,1.143903017,1.144164801,1.143772125,1.14403379
16/07/2026 17:45,1.143772125,1.14403379,1.143772125,1.14403379
16/07/2026 18:00,1.14351058,1.143772125,1.14351058,1.143772125
16/07/2026 18:15,1.143772125,1.143772125,1.14351058,1.14351058
16/07/2026 18:30,1.143772125,1.143903017,1.14351058,1.143772125
16/07/2026 18:45,1.14403379,1.144164801,1.143772125,1.143772125
16/07/2026 19:00,1.144164801,1.144164801,1.143772125,1.14403379
16/07/2026 19:15,1.14403379,1.144164801,1.14403379,1.14403379
16/07/2026 19:30,1.14403379,1.14403379,1.143903017,1.14403379
16/07/2026 19:45,1.144164801,1.144164801,1.14403379,1.14403379
16/07/2026 20:00,1.144164801,1.144295692,1.144164801,1.144164801
16/07/2026 20:15,1.143903017,1.144164801,1.143772125,1.144164801
16/07/2026 20:30,1.144164801,1.144164801,1.143772125,1.143772125
16/07/2026 20:45,1.144426703,1.144426703,1.14403379,1.14403379
16/07/2026 21:00,1.144295692,1.144557595,1.144295692,1.144295692
16/07/2026 21:15,1.144295692,1.144426703,1.144164801,1.144426703
16/07/2026 21:30,1.144688606,1.144688606,1.144295692,1.144295692
16/07/2026 21:45,1.144819736,1.144819736,1.144557595,1.144557595
16/07/2026 22:00,1.144557595,1.144819736,1.144295692,1.144426703
16/07/2026 22:15,1.144295692,1.144557595,1.144295692,1.144557595
16/07/2026 22:30,1.144295692,1.144688606,1.144295692,1.144557595
16/07/2026 22:45,1.144557595,1.144688606,1.144426703,1.144557595
16/07/2026 23:00,1.144819736,1.144819736,1.144557595,1.144557595
16/07/2026 23:15,1.144688606,1.144819736,1.144688606,1.144819736
16/07/2026 23:30,1.144688606,1.144688606,1.144688606,1.144688606
16/07/2026 23:45,1.144688606,1.144688606,1.144557595,1.144688606
17/07/2026 00:00,1.144688606,1.144688606,1.144557595,1.144688606
17/07/2026 00:15,1.144819736,1.144819736,1.144688606,1.144819736
17/07/2026 00:30,1.144950747,1.144950747,1.144819736,1.144819736
17/07/2026 00:45,1.144819736,1.144819736,1.144688606,1.144819736
17/07/2026 01:00,1.144819736,1.144950747,1.144688606,1.144819736
17/07/2026 01:15,1.144557595,1.144950747,1.144557595,1.144819736
17/07/2026 01:30,1.144557595,1.144688606,1.144426703,1.144557595
17/07/2026 01:45,1.144950747,1.144950747,1.144557595,1.144557595
17/07/2026 02:00,1.144819736,1.145081878,1.144688606,1.144950747
17/07/2026 02:15,1.144819736,1.144950747,1.144819736,1.144819736
17/07/2026 02:30,1.144688606,1.144688606,1.144557595,1.144688606
17/07/2026 02:45,1.144164801,1.144688606,1.144164801,1.144688606
17/07/2026 03:00,1.144426703,1.144426703,1.144295692,1.144295692
17/07/2026 03:15,1.144295692,1.144426703,1.144295692,1.144426703
17/07/2026 03:30,1.144164801,1.144295692,1.14403379,1.144295692
17/07/2026 03:45,1.14403379,1.144164801,1.14403379,1.144164801
17/07/2026 04:00,1.144164801,1.144295692,1.14403379,1.14403379
17/07/2026 04:15,1.144164801,1.144295692,1.144164801,1.144164801
17/07/2026 04:30,1.14403379,1.144295692,1.143903017,1.144295692
17/07/2026 04:45,1.144295692,1.144295692,1.143903017,1.143903017
17/07/2026 05:00,1.144164801,1.144295692,1.144164801,1.144295692
17/07/2026 05:15,1.14403379,1.144164801,1.14403379,1.144164801
17/07/2026 05:30,1.14403379,1.144164801,1.143903017,1.14403379
17/07/2026 05:45,1.143903017,1.14403379,1.143903017,1.14403379
17/07/2026 06:00,1.14403379,1.14403379,1.143903017,1.143903017
17/07/2026 10:15,1.144557595,1.144557595,1.144295692,1.144426703
17/07/2026 10:30,1.14403379,1.144557595,1.14403379,1.144557595
17/07/2026 10:45,1.144295692,1.144426703,1.14403379,1.144164801
17/07/2026 11:00,1.144295692,1.144295692,1.143903017,1.144295692
17/07/2026 11:15,1.14351058,1.144295692,1.14351058,1.144295692
17/07/2026 11:30,1.14351058,1.143641353,1.143379807,1.143641353
17/07/2026 11:45,1.142987847,1.143641353,1.142987847,1.143641353
17/07/2026 12:00,1.143249154,1.143249154,1.142857194,1.142987847
17/07/2026 12:15,1.143379807,1.143379807,1.143118382,1.143249154
17/07/2026 12:30,1.143641353,1.143903017,1.143379807,1.143379807
17/07/2026 12:45,1.143379807,1.143772125,1.143249154,1.143641353
17/07/2026 13:00,1.14351058,1.143903017,1.143379807,1.143379807
17/07/2026 13:15,1.143772125,1.143772125,1.14351058,1.143641353
17/07/2026 13:30,1.142987847,1.143641353,1.142987847,1.143641353
17/07/2026 13:45,1.143118382,1.143249154,1.142987847,1.142987847
17/07/2026 14:00,1.143379807,1.14351058,1.142987847,1.143249154
17/07/2026 14:15,1.142987847,1.143249154,1.142857194,1.143249154
17/07/2026 14:30,1.143379807,1.14351058,1.142857194,1.142857194
17/07/2026 14:45,1.143903017,1.14403379,1.14351058,1.14351058
17/07/2026 15:00,1.143903017,1.14403379,1.143641353,1.143903017
17/07/2026 15:15,1.143903017,1.144426703,1.143903017,1.14403379
17/07/2026 15:30,1.144557595,1.144557595,1.143903017,1.143903017
17/07/2026 15:45,1.144295692,1.144688606,1.144164801,1.144426703
17/07/2026 16:00,1.144164801,1.144557595,1.144164801,1.144295692
17/07/2026 16:15,1.144557595,1.144688606,1.144295692,1.144295692
17/07/2026 16:30,1.144164801,1.144557595,1.144164801,1.144426703
17/07/2026 16:45,1.144295692,1.144426703,1.14403379,1.14403379
17/07/2026 17:00,1.144295692,1.144295692,1.143772125,1.144295692
17/07/2026 17:15,1.144426703,1.144426703,1.144164801,1.144295692
17/07/2026 17:30,1.144295692,1.144426703,1.144295692,1.144426703
17/07/2026 17:45,1.144164801,1.144295692,1.14403379,1.144295692
17/07/2026 18:00,1.143772125,1.144164801,1.143772125,1.144164801
17/07/2026 18:15,1.143903017,1.143903017,1.143641353,1.143772125
17/07/2026 18:30,1.143772125,1.143903017,1.143772125,1.143903017
17/07/2026 18:45,1.143772125,1.143772125,1.143772125,1.143772125
17/07/2026 19:00,1.143772125,1.143903017,1.143772125,1.143772125
17/07/2026 19:15,1.14403379,1.14403379,1.143772125,1.143903017
17/07/2026 19:30,1.143903017,1.14403379,1.143903017,1.14403379
17/07/2026 19:45,1.14403379,1.14403379,1.143903017,1.143903017
17/07/2026 20:00,1.143903017,1.14403379,1.143903017,1.143903017
17/07/2026 20:15,1.14403379,1.14403379,1.143772125,1.143903017
17/07/2026 20:30,1.144164801,1.144164801,1.143772125,1.143903017
17/07/2026 20:45,1.144426703,1.144426703,1.144164801,1.144164801
17/07/2026 21:00,1.144295692,1.144557595,1.144295692,1.144426703
17/07/2026 21:15,1.14403379,1.144295692,1.143903017,1.144295692
17/07/2026 21:30,1.14403379,1.144164801,1.14403379,1.144164801
17/07/2026 21:45,1.14403379,1.144164801,1.14403379,1.14403379
17/07/2026 22:00,1.144557595,1.144557595,1.144295692,1.144295692
17/07/2026 22:15,1.144557595,1.144557595,1.144557595,1.144557595
20/07/2026 00:00,1.142857194,1.142987847,1.142857194,1.142987847
20/07/2026 00:15,1.142857194,1.142857194,1.142726541,1.142857194
20/07/2026 00:30,1.142987847,1.142987847,1.142857194,1.142857194
20/07/2026 00:45,1.142987847,1.143118382,1.142857194,1.142987847
20/07/2026 01:00,1.143249154,1.143379807,1.142987847,1.142987847
20/07/2026 01:15,1.14351058,1.143641353,1.143379807,1.143379807
20/07/2026 01:30,1.14351058,1.14351058,1.143379807,1.14351058
20/07/2026 01:45,1.143641353,1.143641353,1.14351058,1.14351058
20/07/2026 02:00,1.14351058,1.143903017,1.14351058,1.143772125
20/07/2026 02:15,1.143772125,1.143772125,1.14351058,1.14351058
20/07/2026 02:30,1.14351058,1.143903017,1.14351058,1.143903017
20/07/2026 02:45,1.143903017,1.143903017,1.143641353,1.143641353
20/07/2026 03:00,1.14403379,1.144164801,1.143903017,1.143903017
20/07/2026 03:15,1.144164801,1.144164801,1.143903017,1.143903017
20/07/2026 03:30,1.144557595,1.144557595,1.144164801,1.144164801
20/07/2026 03:45,1.144426703,1.144557595,1.144295692,1.144426703
20/07/2026 04:00,1.144426703,1.144426703,1.144295692,1.144426703
20/07/2026 04:15,1.144426703,1.144426703,1.144426703,1.144426703
20/07/2026 04:30,1.144557595,1.144557595,1.144426703,1.144426703
20/07/2026 04:45,1.144557595,1.144557595,1.144557595,1.144557595
20/07/2026 05:00,1.144557595,1.144557595,1.144426703,1.144557595
20/07/2026 05:15,1.144819736,1.144819736,1.144557595,1.144557595
20/07/2026 05:30,1.144819736,1.144819736,1.144688606,1.144688606
20/07/2026 05:45,1.144819736,1.144819736,1.144688606,1.144819736
20/07/2026 06:00,1.144688606,1.144819736,1.144557595,1.144819736
20/07/2026 06:15,1.144557595,1.144688606,1.144557595,1.144688606
20/07/2026 06:30,1.144426703,1.144557595,1.144426703,1.144557595
20/07/2026 06:45,1.144426703,1.144557595,1.144295692,1.144426703
20/07/2026 07:00,1.14403379,1.144557595,1.143903017,1.144426703
20/07/2026 07:15,1.14403379,1.144295692,1.143903017,1.14403379
20/07/2026 07:30,1.143903017,1.144164801,1.143772125,1.14403379
20/07/2026 07:45,1.143772125,1.144295692,1.143772125,1.14403379
20/07/2026 08:00,1.143772125,1.144295692,1.143772125,1.143772125
20/07/2026 08:15,1.144426703,1.144426703,1.143772125,1.143772125
20/07/2026 08:30,1.145081878,1.145213008,1.144688606,1.144950747
20/07/2026 08:45,1.144688606,1.145081878,1.144557595,1.145081878
20/07/2026 09:00,1.144557595,1.144819736,1.144557595,1.144819736
20/07/2026 09:15,1.144164801,1.144557595,1.144164801,1.144557595
20/07/2026 09:30,1.144557595,1.144688606,1.144164801,1.144164801
20/07/2026 09:45,1.144295692,1.144426703,1.144164801,1.144426703
20/07/2026 10:00,1.143772125,1.144295692,1.143641353,1.144295692
20/07/2026 10:15,1.143379807,1.143772125,1.143379807,1.143772125
20/07/2026 10:30,1.14351058,1.14351058,1.143249154,1.143379807
20/07/2026 10:45,1.143379807,1.143379807,1.143118382,1.143379807
20/07/2026 11:00,1.14351058,1.143641353,1.143249154,1.143379807
20/07/2026 11:15,1.143641353,1.143641353,1.14351058,1.14351058
20/07/2026 11:30,1.143772125,1.143903017,1.14351058,1.14351058
20/07/2026 11:45,1.14351058,1.143772125,1.14351058,1.143772125
20/07/2026 12:00,1.143379807,1.143641353,1.143249154,1.14351058
20/07/2026 12:15,1.143641353,1.143641353,1.143379807,1.143379807
20/07/2026 12:30,1.143903017,1.144295692,1.143903017,1.14403379
20/07/2026 12:45,1.143249154,1.143772125,1.143249154,1.143772125
20/07/2026 13:00,1.142465472,1.143249154,1.142465472,1.143118382
20/07/2026 13:15,1.142204404,1.142465472,1.142073989,1.142465472
20/07/2026 13:30,1.142334938,1.142596006,1.142204404,1.142204404
20/07/2026 13:45,1.142726541,1.142987847,1.142465472,1.142465472
20/07/2026 14:00,1.142334938,1.142726541,1.142204404,1.142726541
20/07/2026 14:15,1.142334938,1.142334938,1.142073989,1.142204404
20/07/2026 14:30,1.141813159,1.142334938,1.141813159,1.142204404
20/07/2026 14:45,1.142073989,1.142073989,1.141813159,1.141813159
20/07/2026 15:00,1.141682863,1.141943574,1.141552567,1.141943574
20/07/2026 15:15,1.141943574,1.142073989,1.141682863,1.141813159
20/07/2026 15:30,1.141031504,1.141943574,1.141031504,1.141943574
20/07/2026 15:45,1.141031504,1.141422153,1.140641093,1.140901327
20/07/2026 16:00,1.14116168,1.141291857,1.141031504,1.141031504
20/07/2026 16:15,1.14116168,1.141291857,1.140901327,1.141031504
20/07/2026 16:30,1.141031504,1.141422153,1.141031504,1.141291857
20/07/2026 16:45,1.141552567,1.141552567,1.14116168,1.14116168
20/07/2026 17:00,1.141943574,1.141943574,1.141422153,1.141422153
20/07/2026 17:15,1.141813159,1.141943574,1.141682863,1.141943574
20/07/2026 17:30,1.141422153,1.141813159,1.141422153,1.141813159
20/07/2026 17:45,1.141422153,1.141422153,1.141291857,1.141422153
20/07/2026 18:00,1.141422153,1.141813159,1.141422153,1.141552567
20/07/2026 18:15,1.141813159,1.141813159,1.141552567,1.141552567
20/07/2026 18:30,1.141682863,1.141813159,1.141682863,1.141682863
20/07/2026 18:45,1.141682863,1.141813159,1.141682863,1.141682863
20/07/2026 19:00,1.141943574,1.141943574,1.141682863,1.141682863
20/07/2026 19:15,1.142073989,1.142204404,1.141943574,1.141943574
20/07/2026 19:30,1.141813159,1.142073989,1.141813159,1.142073989
20/07/2026 19:45,1.141813159,1.141813159,1.141682863,1.141682863
20/07/2026 20:00,1.141813159,1.141943574,1.141813159,1.141943574
20/07/2026 20:15,1.141813159,1.141813159,1.141682863,1.141813159
20/07/2026 20:30,1.141943574,1.142073989,1.141943574,1.142073989
20/07/2026 20:45,1.141943574,1.142073989,1.141813159,1.141943574
20/07/2026 21:00,1.141813159,1.141943574,1.141682863,1.141943574
20/07/2026 21:15,1.141813159,1.141813159,1.141552567,1.141682863
20/07/2026 21:30,1.141682863,1.141813159,1.141682863,1.141813159
20/07/2026 21:45,1.141682863,1.141813159,1.141682863,1.141682863
20/07/2026 22:00,1.141943574,1.142334938,1.141552567,1.141943574
20/07/2026 22:15,1.141682863,1.141943574,1.141552567,1.141682863
20/07/2026 22:30,1.141552567,1.141682863,1.141291857,1.141682863
20/07/2026 22:45,1.141682863,1.141682863,1.141422153,1.141552567
20/07/2026 23:00,1.141552567,1.141552567,1.141291857,1.141422153
20/07/2026 23:15,1.141552567,1.141552567,1.141552567,1.141552567
20/07/2026 23:30,1.141552567,1.141552567,1.141422153,1.141552567
20/07/2026 23:45,1.141682863,1.141682863,1.141552567,1.141552567
21/07/2026 00:00,1.141682863,1.141682863,1.141552567,1.141682863
21/07/2026 00:15,1.141682863,1.141682863,1.141552567,1.141682863
21/07/2026 00:30,1.141682863,1.141682863,1.141682863,1.141682863
21/07/2026 00:45,1.141813159,1.141813159,1.141682863,1.141682863
21/07/2026 01:00,1.141943574,1.142073989,1.141813159,1.141943574
21/07/2026 01:15,1.141552567,1.141943574,1.141552567,1.141943574
21/07/2026 01:30,1.141682863,1.141682863,1.141552567,1.141552567
21/07/2026 01:45,1.141682863,1.141943574,1.141682863,1.141813159
21/07/2026 02:00,1.141682863,1.141813159,1.141552567,1.141552567
21/07/2026 02:15,1.141813159,1.141813159,1.141682863,1.141682863
21/07/2026 02:30,1.141943574,1.141943574,1.141682863,1.141943574
21/07/2026 02:45,1.141813159,1.141943574,1.141813159,1.141813159
21/07/2026 03:00,1.141813159,1.141943574,1.141813159,1.141813159
21/07/2026 03:15,1.141682863,1.141943574,1.141682863,1.141813159
21/07/2026 03:30,1.141682863,1.141813159,1.141682863,1.141682863
21/07/2026 03:45,1.141422153,1.141682863,1.141422153,1.141552567
21/07/2026 04:00,1.141291857,1.141552567,1.141291857,1.141552567
21/07/2026 04:15,1.141422153,1.141422153,1.141291857,1.141291857
21/07/2026 04:30,1.141682863,1.141682863,1.141422153,1.141422153
21/07/2026 04:45,1.141552567,1.141813159,1.141552567,1.141682863
21/07/2026 05:00,1.141813159,1.141813159,1.141552567,1.141552567
21/07/2026 05:15,1.141813159,1.141943574,1.141813159,1.141813159
21/07/2026 05:30,1.141943574,1.141943574,1.141813159,1.141813159
21/07/2026 05:45,1.142073989,1.142073989,1.141943574,1.141943574
21/07/2026 06:00,1.141943574,1.142204404,1.141943574,1.142073989
21/07/2026 06:15,1.142073989,1.142073989,1.141943574,1.141943574
21/07/2026 06:30,1.142465472,1.142465472,1.142073989,1.142073989
21/07/2026 06:45,1.142073989,1.142334938,1.142073989,1.142334938
21/07/2026 07:00,1.142334938,1.142334938,1.142073989,1.142204404
21/07/2026 07:15,1.142334938,1.142465472,1.142204404,1.142204404
21/07/2026 07:30,1.142596006,1.142596006,1.142334938,1.142334938
21/07/2026 07:45,1.142596006,1.142596006,1.142334938,1.142596006
21/07/2026 08:00,1.142596006,1.142987847,1.142596006,1.142596006
21/07/2026 08:15,1.142857194,1.142987847,1.142596006,1.142596006
21/07/2026 08:30,1.142596006,1.142857194,1.142596006,1.142726541
21/07/2026 08:45,1.142596006,1.142596006,1.142465472,1.142596006
21/07/2026 09:00,1.142726541,1.142726541,1.142596006,1.142596006
21/07/2026 09:15,1.142596006,1.142857194,1.142596006,1.142596006
21/07/2026 09:30,1.142596006,1.142596006,1.142334938,1.142465472
21/07/2026 09:45,1.142465472,1.142726541,1.142465472,1.142726541
21/07/2026 10:00,1.142596006,1.142596006,1.142465472,1.142465472
21/07/2026 10:15,1.142465472,1.142857194,1.142465472,1.142596006
21/07/2026 10:30,1.142726541,1.143118382,1.142465472,1.142465472
21/07/2026 10:45,1.142596006,1.142857194,1.142596006,1.142596006
21/07/2026 11:00,1.142726541,1.143118382,1.142596006,1.142596006
21/07/2026 11:15,1.142987847,1.142987847,1.142726541,1.142857194
21/07/2026 11:30,1.142857194,1.143118382,1.142726541,1.142987847
21/07/2026 11:45,1.142465472,1.142726541,1.142334938,1.142726541
21/07/2026 12:00,1.142334938,1.142465472,1.142073989,1.142465472
21/07/2026 12:15,1.142334938,1.142465472,1.142204404,1.142204404
21/07/2026 12:30,1.142596006,1.142596006,1.142334938,1.142465472
21/07/2026 12:45,1.142204404,1.142596006,1.142073989,1.142596006
21/07/2026 13:00,1.142073989,1.142334938,1.141943574,1.142334938
21/07/2026 13:15,1.141943574,1.142073989,1.141943574,1.141943574
21/07/2026 13:30,1.141813159,1.142204404,1.141813159,1.142073989
21/07/2026 13:45,1.142073989,1.142204404,1.141813159,1.141943574
21/07/2026 14:00,1.142073989,1.142073989,1.141813159,1.141943574
21/07/2026 14:15,1.141291857,1.141943574,1.141291857,1.141943574
21/07/2026 14:30,1.140901327,1.141682863,1.140901327,1.141422153
21/07/2026 14:45,1.141552567,1.141552567,1.140901327,1.140901327
21/07/2026 15:00,1.142204404,1.142204404,1.141552567,1.141552567
21/07/2026 15:15,1.141422153,1.142073989,1.141422153,1.142073989
21/07/2026 15:30,1.14116168,1.141291857,1.140771151,1.14116168
21/07/2026 15:45,1.140901327,1.141031504,1.140641093,1.141031504
21/07/2026 16:00,1.140771151,1.140901327,1.140641093,1.140901327
21/07/2026 16:15,1.141291857,1.141422153,1.140901327,1.140901327
21/07/2026 16:30,1.141031504,1.141422153,1.141031504,1.141291857
21/07/2026 16:45,1.141031504,1.141031504,1.140771151,1.140901327
21/07/2026 17:00,1.14116168,1.141291857,1.141031504,1.141031504
21/07/2026 17:15,1.14116168,1.14116168,1.141031504,1.14116168
21/07/2026 17:30,1.141422153,1.141422153,1.141031504,1.141031504
21/07/2026 17:45,1.14116168,1.141291857,1.14116168,1.141291857
21/07/2026 18:00,1.141291857,1.141291857,1.141031504,1.14116168
21/07/2026 18:15,1.141291857,1.141291857,1.14116168,1.14116168
21/07/2026 18:30,1.141031504,1.141291857,1.141031504,1.141291857
21/07/2026 18:45,1.141031504,1.14116168,1.141031504,1.141031504
21/07/2026 19:00,1.140510917,1.140901327,1.140510917,1.140901327
21/07/2026 19:15,1.140510917,1.140641093,1.140250921,1.140510917
21/07/2026 19:30,1.140510917,1.140641093,1.140250921,1.140641093
21/07/2026 19:45,1.140641093,1.140641093,1.140380859,1.140510917
21/07/2026 20:00,1.140380859,1.140771151,1.140380859,1.140771151
21/07/2026 20:15,1.140641093,1.140771151,1.140510917,1.140510917
21/07/2026 20:30,1.140510917,1.140641093,1.140380859,1.140641093
21/07/2026 20:45,1.140380859,1.140641093,1.140380859,1.140510917
21/07/2026 21:00,1.140510917,1.140641093,1.140380859,1.140510917
21/07/2026 21:15,1.140380859,1.140380859,1.140250921,1.140380859
21/07/2026 21:30,1.140380859,1.140380859,1.140380859,1.140380859
21/07/2026 21:45,1.140120864,1.140510917,1.140120864,1.140510917
21/07/2026 22:00,1.140250921,1.140250921,1.139860868,1.139990926
21/07/2026 22:15,1.140250921,1.140380859,1.140120864,1.140120864
21/07/2026 22:30,1.140510917,1.140641093,1.140250921,1.140380859
21/07/2026 22:45,1.140641093,1.140641093,1.140250921,1.140510917
21/07/2026 23:00,1.140250921,1.140380859,1.140250921,1.140380859
21/07/2026 23:15,1.140380859,1.140380859,1.140250921,1.140250921
21/07/2026 23:30,1.140380859,1.140380859,1.140250921,1.140380859
21/07/2026 23:45,1.140250921,1.140380859,1.140250921,1.140380859
22/07/2026 00:00,1.140250921,1.140250921,1.140120864,1.140250921
22/07/2026 00:15,1.140250921,1.140250921,1.140250921,1.140250921
22/07/2026 00:30,1.140380859,1.140380859,1.140250921,1.140250921
22/07/2026 00:45,1.140510917,1.140510917,1.140380859,1.140380859
22/07/2026 01:00,1.140641093,1.140641093,1.140380859,1.140380859
22/07/2026 01:15,1.141031504,1.141031504,1.140641093,1.140641093
22/07/2026 01:30,1.140510917,1.141031504,1.140510917,1.141031504
22/07/2026 01:45,1.140771151,1.140771151,1.140510917,1.140641093
22/07/2026 02:00,1.140901327,1.141031504,1.140641093,1.140771151
22/07/2026 02:15,1.140641093,1.140901327,1.140641093,1.140901327
22/07/2026 02:30,1.140380859,1.140641093,1.140120864,1.140641093
22/07/2026 02:45,1.140641093,1.140641093,1.140510917,1.140510917
22/07/2026 03:00,1.140771151,1.140771151,1.140510917,1.140641093
22/07/2026 03:15,1.14116168,1.141291857,1.140771151,1.140771151
22/07/2026 03:30,1.141031504,1.14116168,1.140901327,1.141031504
22/07/2026 03:45,1.140901327,1.141031504,1.140901327,1.141031504
22/07/2026 04:00,1.140901327,1.141031504,1.140771151,1.140901327
22/07/2026 04:15,1.141031504,1.14116168,1.140901327,1.140901327
22/07/2026 04:30,1.140901327,1.14116168,1.140901327,1.14116168
22/07/2026 04:45,1.141031504,1.141031504,1.140901327,1.141031504
22/07/2026 05:00,1.140901327,1.141031504,1.140901327,1.141031504
22/07/2026 05:15,1.141031504,1.141031504,1.140901327,1.141031504
22/07/2026 05:30,1.14116168,1.14116168,1.141031504,1.141031504
22/07/2026 05:45,1.14116168,1.14116168,1.141031504,1.14116168
22/07/2026 06:00,1.14116168,1.141291857,1.14116168,1.14116168
22/07/2026 06:15,1.14116168,1.141291857,1.141031504,1.14116168
22/07/2026 06:30,1.141031504,1.141031504,1.140901327,1.141031504
22/07/2026 06:45,1.141291857,1.141291857,1.140901327,1.141031504
22/07/2026 07:00,1.141552567,1.141682863,1.141291857,1.141291857
22/07/2026 07:15,1.141031504,1.141552567,1.141031504,1.141422153
22/07/2026 07:30,1.141422153,1.141422153,1.141031504,1.141031504
22/07/2026 07:45,1.141422153,1.141552567,1.141291857,1.141422153
22/07/2026 08:00,1.141422153,1.141552567,1.141291857,1.141422153
22/07/2026 08:15,1.141552567,1.141813159,1.141422153,1.141552567
22/07/2026 08:30,1.141031504,1.142073989,1.141031504,1.142073989
22/07/2026 08:45,1.141291857,1.141422153,1.140771151,1.140901327
22/07/2026 09:00,1.140901327,1.141291857,1.140901327,1.141291857
22/07/2026 09:15,1.14116168,1.14116168,1.140771151,1.140771151
22/07/2026 09:30,1.141552567,1.141552567,1.141291857,1.141291857
22/07/2026 09:45,1.141291857,1.141422153,1.14116168,1.141422153
22/07/2026 10:00,1.141291857,1.141552567,1.141291857,1.141422153
22/07/2026 10:15,1.14116168,1.141291857,1.14116168,1.141291857
22/07/2026 10:30,1.141291857,1.141552567,1.14116168,1.141291857
22/07/2026 10:45,1.140771151,1.141291857,1.140771151,1.141291857
22/07/2026 11:00,1.140641093,1.140901327,1.140380859,1.140771151
22/07/2026 11:15,1.140901327,1.141031504,1.140510917,1.140641093
22/07/2026 11:30,1.140771151,1.140901327,1.140771151,1.140771151
22/07/2026 11:45,1.140641093,1.141031504,1.140641093,1.140771151
22/07/2026 12:00,1.140771151,1.140771151,1.140641093,1.140771151
22/07/2026 12:15,1.140771151,1.140901327,1.140641093,1.140901327
22/07/2026 12:30,1.140771151,1.141031504,1.140771151,1.140771151
22/07/2026 12:45,1.140901327,1.141031504,1.140771151,1.140771151
22/07/2026 13:00,1.141291857,1.141291857,1.141031504,1.141031504
22/07/2026 13:15,1.141291857,1.141422153,1.141291857,1.141422153
22/07/2026 13:30,1.141422153,1.141682863,1.141422153,1.141552567
22/07/2026 13:45,1.141291857,1.141422153,1.141031504,1.141422153
22/07/2026 14:00,1.141291857,1.141552567,1.14116168,1.14116168
22/07/2026 14:15,1.141813159,1.141943574,1.141291857,1.141291857
22/07/2026 14:30,1.142204404,1.142334938,1.141943574,1.141943574
22/07/2026 14:45,1.141682863,1.142073989,1.141682863,1.142073989
22/07/2026 15:00,1.142073989,1.142073989,1.141422153,1.141813159
22/07/2026 15:15,1.141422153,1.142073989,1.141422153,1.141943574
22/07/2026 15:30,1.141552567,1.141552567,1.141291857,1.141422153
22/07/2026 15:45,1.141291857,1.141682863,1.14116168,1.141422153
22/07/2026 16:00,1.141422153,1.141422153,1.14116168,1.14116168
22/07/2026 16:15,1.141682863,1.141682863,1.14116168,1.141291857
22/07/2026 16:30,1.141291857,1.141682863,1.14116168,1.141682863
22/07/2026 16:45,1.141682863,1.141682863,1.141291857,1.141291857
22/07/2026 17:00,1.141031504,1.141682863,1.141031504,1.141682863
22/07/2026 17:15,1.141422153,1.141422153,1.141031504,1.14116168
22/07/2026 17:30,1.14116168,1.141552567,1.14116168,1.141422153
22/07/2026 17:45,1.141291857,1.141291857,1.14116168,1.14116168
22/07/2026 18:00,1.141422153,1.141552567,1.141291857,1.141291857
22/07/2026 18:15,1.141422153,1.141552567,1.141422153,1.141422153
22/07/2026 18:30,1.141291857,1.141422153,1.14116168,1.141422153
22/07/2026 18:45,1.141291857,1.141422153,1.141291857,1.141291857
22/07/2026 19:00,1.14116168,1.141422153,1.14116168,1.141422153
22/07/2026 19:15,1.141291857,1.141422153,1.14116168,1.14116168
22/07/2026 19:30,1.141291857,1.141422153,1.141291857,1.141291857
22/07/2026 19:45,1.141422153,1.141422153,1.141291857,1.141291857
22/07/2026 20:00,1.141291857,1.141552567,1.141291857,1.141422153
22/07/2026 20:15,1.141422153,1.141552567,1.141291857,1.141291857
22/07/2026 20:30,1.141422153,1.141422153,1.141291857,1.141422153
22/07/2026 20:45,1.141422153,1.141552567,1.141291857,1.141552567
22/07/2026 21:00,1.141552567,1.141552567,1.141422153,1.141422153
22/07/2026 21:15,1.141552567,1.141552567,1.141422153,1.141552567
22/07/2026 21:30,1.141552567,1.141552567,1.141422153,1.141552567
22/07/2026 21:45,1.141422153,1.141552567,1.141422153,1.141552567
22/07/2026 22:00,1.14116168,1.141552567,1.140901327,1.140901327
22/07/2026 22:15,1.14116168,1.141552567,1.141031504,1.141552567
22/07/2026 22:30,1.141291857,1.141291857,1.140901327,1.14116168
22/07/2026 22:45,1.140901327,1.141422153,1.140901327,1.141031504
22/07/2026 23:00,1.141031504,1.141291857,1.141031504,1.141291857
22/07/2026 23:15,1.141031504,1.14116168,1.141031504,1.14116168
22/07/2026 23:30,1.141031504,1.14116168,1.140901327,1.141031504
22/07/2026 23:45,1.141031504,1.14116168,1.140901327,1.141031504
23/07/2026 00:00,1.141291857,1.141291857,1.14116168,1.14116168
23/07/2026 00:15,1.141291857,1.141422153,1.141291857,1.141291857
23/07/2026 00:30,1.141422153,1.141422153,1.141291857,1.141291857
23/07/2026 00:45,1.141422153,1.141552567,1.141291857,1.141422153
23/07/2026 01:00,1.141422153,1.141682863,1.141422153,1.141552567
23/07/2026 01:15,1.141552567,1.141682863,1.141422153,1.141422153
23/07/2026 01:30,1.141682863,1.141682863,1.141552567,1.141552567
23/07/2026 01:45,1.142073989,1.142073989,1.141552567,1.141682863
23/07/2026 02:00,1.142073989,1.142334938,1.142073989,1.142073989
23/07/2026 02:15,1.142073989,1.142204404,1.142073989,1.142204404
23/07/2026 02:30,1.142204404,1.142334938,1.142073989,1.142204404
23/07/2026 02:45,1.141943574,1.142073989,1.141943574,1.142073989
23/07/2026 03:00,1.142204404,1.142204404,1.141943574,1.141943574
23/07/2026 03:15,1.142334938,1.142334938,1.142204404,1.142204404
23/07/2026 03:30,1.142857194,1.142987847,1.142465472,1.142465472
23/07/2026 03:45,1.143118382,1.143118382,1.142857194,1.142857194
23/07/2026 04:00,1.142857194,1.143249154,1.142857194,1.143249154
23/07/2026 04:15,1.143249154,1.143249154,1.142726541,1.142726541
23/07/2026 04:30,1.143379807,1.143379807,1.143118382,1.143118382
23/07/2026 04:45,1.143249154,1.143379807,1.143249154,1.143249154
23/07/2026 05:00,1.143641353,1.143903017,1.143118382,1.143118382
23/07/2026 05:15,1.143772125,1.143772125,1.143379807,1.143772125
23/07/2026 05:30,1.143641353,1.143903017,1.14351058,1.143772125
23/07/2026 05:45,1.143641353,1.143772125,1.143379807,1.14351058
23/07/2026 06:00,1.143641353,1.143772125,1.143641353,1.143641353
23/07/2026 06:15,1.143379807,1.14351058,1.143249154,1.14351058
23/07/2026 06:30,1.143249154,1.143379807,1.143249154,1.143379807
23/07/2026 06:45,1.143379807,1.14351058,1.143249154,1.143379807
23/07/2026 07:00,1.14351058,1.143641353,1.143249154,1.143379807
23/07/2026 07:15,1.143118382,1.14351058,1.143118382,1.14351058
23/07/2026 07:30,1.142987847,1.143118382,1.142726541,1.143118382
23/07/2026 07:45,1.142857194,1.143118382,1.142726541,1.142987847
23/07/2026 08:00,1.142857194,1.142857194,1.142596006,1.142726541
23/07/2026 08:15,1.142857194,1.142987847,1.142726541,1.142987847
23/07/2026 08:30,1.142596006,1.142987847,1.142596006,1.142857194
23/07/2026 08:45,1.142726541,1.142857194,1.142465472,1.142596006
23/07/2026 09:00,1.142334938,1.142857194,1.142334938,1.142857194
23/07/2026 09:15,1.142073989,1.142204404,1.141943574,1.142204404
23/07/2026 09:30,1.14116168,1.141943574,1.14116168,1.141943574
23/07/2026 09:45,1.141422153,1.141552567,1.14116168,1.141291857
23/07/2026 10:00,1.141552567,1.141813159,1.141291857,1.141291857
23/07/2026 10:15,1.141291857,1.141552567,1.141291857,1.141422153
23/07/2026 10:30,1.141682863,1.141682863,1.141422153,1.141422153
23/07/2026 10:45,1.141552567,1.141813159,1.141552567,1.141813159
23/07/2026 11:00,1.141291857,1.141682863,1.141291857,1.141682863
23/07/2026 11:15,1.14116168,1.141422153,1.141031504,1.141422153
23/07/2026 11:30,1.141031504,1.141291857,1.141031504,1.141291857
23/07/2026 11:45,1.140771151,1.14116168,1.140771151,1.141031504
23/07/2026 12:00,1.140901327,1.140901327,1.140641093,1.140641093
23/07/2026 12:15,1.140120864,1.140901327,1.140120864,1.140901327
23/07/2026 12:30,1.138952136,1.140120864,1.138822436,1.140120864
23/07/2026 12:45,1.139860868,1.139860868,1.139081836,1.139081836
23/07/2026 13:00,1.13973105,1.13973105,1.139341474,1.13973105
23/07/2026 13:15,1.138952136,1.139471292,1.138433456,1.139471292
23/07/2026 13:30,1.138303995,1.138822436,1.138174415,1.138692737
23/07/2026 13:45,1.138822436,1.138822436,1.138044834,1.138174415
23/07/2026 14:00,1.137268305,1.138952136,1.137268305,1.138952136
23/07/2026 14:15,1.138174415,1.138174415,1.137268305,1.137268305
23/07/2026 14:30,1.138433456,1.138822436,1.138044834,1.138174415
23/07/2026 14:45,1.137785912,1.138174415,1.137785912,1.138174415
23/07/2026 15:00,1.137526989,1.137785912,1.137138963,1.137785912
23/07/2026 15:15,1.137268305,1.137526989,1.136751175,1.137397647
23/07/2026 15:30,1.137138963,1.13765645,1.137138963,1.137397647
23/07/2026 15:45,1.137397647,1.137397647,1.136880398,1.13700974
23/07/2026 16:00,1.13765645,1.137785912,1.137397647,1.137397647
23/07/2026 16:15,1.13765645,1.137785912,1.137268305,1.13765645
23/07/2026 16:30,1.13765645,1.137785912,1.13700974,1.137397647
23/07/2026 16:45,1.137526989,1.137785912,1.137397647,1.13765645
23/07/2026 17:00,1.138044834,1.138044834,1.13765645,1.13765645
23/07/2026 17:15,1.138044834,1.138044834,1.137785912,1.137915373
23/07/2026 17:30,1.138174415,1.138303995,1.137915373,1.138174415
23/07/2026 17:45,1.138303995,1.138303995,1.138044834,1.138174415
23/07/2026 18:00,1.138044834,1.138433456,1.138044834,1.138303995
23/07/2026 18:15,1.137915373,1.138174415,1.137915373,1.137915373
23/07/2026 18:30,1.13765645,1.137915373,1.13765645,1.137915373
23/07/2026 18:45,1.137526989,1.137785912,1.137526989,1.13765645
23/07/2026 19:00,1.137785912,1.137785912,1.137397647,1.137526989
23/07/2026 19:15,1.137785912,1.137785912,1.13765645,1.13765645
23/07/2026 19:30,1.137785912,1.137915373,1.13765645,1.137785912
23/07/2026 19:45,1.137785912,1.137915373,1.137785912,1.137785912
23/07/2026 20:00,1.137785912,1.138174415,1.137785912,1.138174415
23/07/2026 20:15,1.137915373,1.137915373,1.137785912,1.137785912
23/07/2026 20:30,1.137915373,1.138174415,1.137915373,1.138174415
23/07/2026 20:45,1.138044834,1.138174415,1.137785912,1.137915373
23/07/2026 21:00,1.138174415,1.138303995,1.138174415,1.138174415
23/07/2026 21:15,1.138174415,1.138174415,1.138044834,1.138174415
23/07/2026 21:30,1.138174415,1.138303995,1.138044834,1.138303995
23/07/2026 21:45,1.138044834,1.138174415,1.138044834,1.138174415
23/07/2026 22:00,1.137526989,1.138433456,1.137138963,1.137526989
23/07/2026 22:15,1.138044834,1.138174415,1.137785912,1.137785912
23/07/2026 22:30,1.138044834,1.138303995,1.137915373,1.138303995
23/07/2026 22:45,1.138174415,1.138303995,1.137915373,1.138174415
23/07/2026 23:00,1.138174415,1.138174415,1.137915373,1.137915373
23/07/2026 23:15,1.138044834,1.138303995,1.138044834,1.138174415
23/07/2026 23:30,1.138174415,1.138174415,1.138044834,1.138044834
23/07/2026 23:45,1.138303995,1.138303995,1.138174415,1.138174415
24/07/2026 00:00,1.138174415,1.138303995,1.138174415,1.138303995
24/07/2026 00:15,1.138303995,1.138303995,1.138174415,1.138174415
24/07/2026 00:30,1.138044834,1.138303995,1.138044834,1.138174415
24/07/2026 00:45,1.138044834,1.138174415,1.137915373,1.138174415
24/07/2026 01:00,1.138303995,1.138303995,1.137915373,1.137915373
24/07/2026 01:15,1.138303995,1.138303995,1.138174415,1.138174415
24/07/2026 01:30,1.138044834,1.138303995,1.138044834,1.138174415
24/07/2026 01:45,1.138692737,1.138692737,1.138044834,1.138044834
24/07/2026 02:00,1.138692737,1.138952136,1.138563156,1.138822436
24/07/2026 02:15,1.138563156,1.138952136,1.138563156,1.138692737
24/07/2026 02:30,1.138952136,1.138952136,1.138563156,1.138563156
24/07/2026 02:45,1.138692737,1.139081836,1.138692737,1.138952136
24/07/2026 03:00,1.138692737,1.138822436,1.138692737,1.138822436
24/07/2026 03:15,1.138692737,1.138952136,1.138692737,1.138822436
24/07/2026 03:30,1.138822436,1.139081836,1.138822436,1.138822436
24/07/2026 03:45,1.138563156,1.138822436,1.138563156,1.138822436
24/07/2026 04:00,1.138174415,1.138433456,1.138174415,1.138433456
24/07/2026 04:15,1.138174415,1.138303995,1.138174415,1.138174415
24/07/2026 04:30,1.138563156,1.138563156,1.138303995,1.138303995
24/07/2026 04:45,1.138563156,1.138563156,1.138433456,1.138563156
24/07/2026 05:00,1.138692737,1.138692737,1.138563156,1.138563156
24/07/2026 05:15,1.138433456,1.138692737,1.138433456,1.138692737
24/07/2026 05:30,1.138174415,1.138433456,1.138174415,1.138433456
24/07/2026 05:45,1.138174415,1.138174415,1.138044834,1.138174415
24/07/2026 06:00,1.138303995,1.138433456,1.138174415,1.138303995
24/07/2026 06:15,1.138563156,1.138563156,1.138303995,1.138303995
24/07/2026 06:30,1.138433456,1.138692737,1.138433456,1.138563156
24/07/2026 06:45,1.138044834,1.138433456,1.138044834,1.138433456
24/07/2026 07:00,1.138303995,1.138303995,1.138044834,1.138174415
24/07/2026 07:15,1.138822436,1.138952136,1.138303995,1.138303995
24/07/2026 07:30,1.138692737,1.138952136,1.138692737,1.138822436
24/07/2026 07:45,1.138952136,1.138952136,1.138692737,1.138822436
24/07/2026 08:00,1.139860868,1.139860868,1.138952136,1.139081836
24/07/2026 08:15,1.140120864,1.140120864,1.139341474,1.13973105
24/07/2026 08:30,1.139601111,1.140380859,1.139341474,1.140250921
24/07/2026 08:45,1.139341474,1.139601111,1.139341474,1.139471292
24/07/2026 09:00,1.139081836,1.139341474,1.138952136,1.139341474
24/07/2026 09:15,1.139081836,1.139081836,1.138692737,1.139081836
24/07/2026 09:30,1.138952136,1.139081836,1.138822436,1.138952136
24/07/2026 09:45,1.138692737,1.138822436,1.138433456,1.138822436
24/07/2026 10:00,1.138822436,1.138952136,1.138563156,1.138563156
24/07/2026 10:15,1.139081836,1.139081836,1.138692737,1.138822436
24/07/2026 10:30,1.138952136,1.139081836,1.138692737,1.138952136
24/07/2026 10:45,1.139081836,1.139081836,1.138822436,1.138822436
24/07/2026 11:00,1.139211655,1.139341474,1.139081836,1.139211655
24/07/2026 11:15,1.139471292,1.139601111,1.139081836,1.139081836
24/07/2026 11:30,1.139081836,1.139471292,1.139081836,1.139341474
24/07/2026 11:45,1.138692737,1.139081836,1.138563156,1.138952136
24/07/2026 12:00,1.138952136,1.138952136,1.138563156,1.138563156
24/07/2026 12:15,1.138692737,1.139081836,1.138692737,1.139081836
24/07/2026 12:30,1.138303995,1.138563156,1.138174415,1.138563156
24/07/2026 12:45,1.137785912,1.138433456,1.137526989,1.138433456
24/07/2026 13:00,1.138044834,1.138174415,1.137526989,1.137915373
24/07/2026 13:15,1.137785912,1.138044834,1.13765645,1.138044834
24/07/2026 13:30,1.137138963,1.137915373,1.137138963,1.137785912
24/07/2026 13:45,1.137268305,1.137526989,1.137138963,1.137268305
24/07/2026 14:00,1.137397647,1.137526989,1.136880398,1.137397647
24/07/2026 14:15,1.137397647,1.13765645,1.137268305,1.137268305
24/07/2026 14:30,1.137526989,1.13765645,1.137138963,1.137397647
24/07/2026 14:45,1.137915373,1.137915373,1.137268305,1.137526989
24/07/2026 15:00,1.137526989,1.138303995,1.137397647,1.138044834
24/07/2026 15:15,1.137915373,1.138044834,1.137526989,1.13765645
24/07/2026 15:30,1.137915373,1.138174415,1.137915373,1.137915373
24/07/2026 15:45,1.138303995,1.138303995,1.137915373,1.137915373
24/07/2026 16:00,1.138952136,1.139211655,1.138044834,1.138044834
24/07/2026 16:15,1.138822436,1.139341474,1.138822436,1.139211655
24/07/2026 16:30,1.138822436,1.139211655,1.138692737,1.138692737
24/07/2026 16:45,1.138692737,1.138952136,1.138692737,1.138952136
24/07/2026 17:00,1.138952136,1.138952136,1.138563156,1.138692737
24/07/2026 17:15,1.138692737,1.138952136,1.138563156,1.138822436
24/07/2026 17:30,1.138433456,1.138692737,1.138303995,1.138563156
24/07/2026 17:45,1.138174415,1.138303995,1.138174415,1.138303995
24/07/2026 18:00,1.137526989,1.138044834,1.137397647,1.138044834
24/07/2026 18:15,1.137526989,1.137526989,1.137138963,1.137526989
24/07/2026 18:30,1.137268305,1.137526989,1.137138963,1.137526989
24/07/2026 18:45,1.137268305,1.137268305,1.137138963,1.137268305
24/07/2026 19:00,1.137268305,1.137397647,1.137138963,1.137268305
24/07/2026 19:15,1.137268305,1.137397647,1.137138963,1.137397647
24/07/2026 19:30,1.137268305,1.137268305,1.13700974,1.137268305
24/07/2026 19:45,1.137268305,1.137397647,1.137138963,1.137138963
24/07/2026 20:00,1.137397647,1.137397647,1.137268305,1.137397647
24/07/2026 20:15,1.137138963,1.137397647,1.137138963,1.137397647
24/07/2026 20:30,1.137526989,1.137526989,1.137138963,1.137138963
24/07/2026 20:45,1.137397647,1.137526989,1.137268305,1.137397647
24/07/2026 21:00,1.137268305,1.137397647,1.137268305,1.137397647
24/07/2026 21:15,1.137138963,1.137268305,1.137138963,1.137268305
24/07/2026 21:30,1.137268305,1.137268305,1.13700974,1.137138963
24/07/2026 21:45,1.137397647,1.13765645,1.137138963,1.137268305
24/07/2026 22:00,1.137526989,1.137526989,1.137526989,1.137526989
24/07/2026 22:15,1.137526989,1.137526989,1.137526989,1.137526989
27/07/2026 00:00,1.139211655,1.139471292,1.139211655,1.139341474
27/07/2026 00:15,1.139211655,1.139341474,1.139211655,1.139211655
27/07/2026 00:30,1.139601111,1.139601111,1.139211655,1.139211655
27/07/2026 00:45,1.139860868,1.139860868,1.139471292,1.139601111
27/07/2026 01:00,1.140510917,1.140510917,1.139990926,1.139990926
27/07/2026 01:15,1.14116168,1.141291857,1.140510917,1.140510917
27/07/2026 01:30,1.140771151,1.141552567,1.140771151,1.141422153
27/07/2026 01:45,1.140510917,1.140901327,1.140380859,1.140771151
27/07/2026 02:00,1.140901327,1.141031504,1.140641093,1.140641093
27/07/2026 02:15,1.140901327,1.141031504,1.140901327,1.140901327
27/07/2026 02:30,1.141031504,1.14116168,1.140641093,1.141031504
27/07/2026 02:45,1.141682863,1.141682863,1.14116168,1.14116168
27/07/2026 03:00,1.141291857,1.141682863,1.141291857,1.141682863
27/07/2026 03:15,1.141422153,1.141422153,1.14116168,1.141422153
27/07/2026 03:30,1.14116168,1.141422153,1.14116168,1.14116168
27/07/2026 03:45,1.140901327,1.14116168,1.140901327,1.14116168
27/07/2026 04:00,1.140641093,1.141031504,1.140641093,1.141031504
27/07/2026 04:15,1.140771151,1.140771151,1.140641093,1.140641093
27/07/2026 04:30,1.140641093,1.140641093,1.140510917,1.140641093
27/07/2026 04:45,1.140641093,1.140771151,1.140641093,1.140641093
27/07/2026 05:00,1.140641093,1.140771151,1.140641093,1.140641093
27/07/2026 05:15,1.140641093,1.140901327,1.140641093,1.140771151
27/07/2026 05:30,1.140641093,1.140771151,1.140641093,1.140641093
27/07/2026 05:45,1.140771151,1.140771151,1.140510917,1.140641093
27/07/2026 06:00,1.140901327,1.140901327,1.140510917,1.140510917
27/07/2026 06:15,1.140901327,1.141031504,1.140771151,1.141031504
27/07/2026 06:30,1.140771151,1.140901327,1.140771151,1.140901327
27/07/2026 06:45,1.140901327,1.141031504,1.140641093,1.140771151
27/07/2026 07:00,1.141422153,1.141682863,1.141031504,1.141031504
27/07/2026 07:15,1.141552567,1.141682863,1.14116168,1.141552567
27/07/2026 07:30,1.141813159,1.142073989,1.141291857,1.141552567
27/07/2026 07:45,1.141291857,1.141813159,1.14116168,1.141813159
27/07/2026 08:00,1.14116168,1.141291857,1.140771151,1.14116168
27/07/2026 08:15,1.14116168,1.14116168,1.140901327,1.14116168
27/07/2026 08:30,1.140641093,1.141031504,1.140510917,1.140901327
27/07/2026 08:45,1.140250921,1.140641093,1.140250921,1.140641093
27/07/2026 09:00,1.139990926,1.140250921,1.139990926,1.140120864
27/07/2026 09:15,1.139990926,1.139990926,1.139860868,1.139860868
27/07/2026 09:30,1.140250921,1.140380859,1.139860868,1.139860868
27/07/2026 09:45,1.140641093,1.140641093,1.139990926,1.140250921
27/07/2026 10:00,1.140120864,1.140641093,1.140120864,1.140510917
27/07/2026 10:15,1.139990926,1.140250921,1.139990926,1.140120864
27/07/2026 10:30,1.139990926,1.140250921,1.139860868,1.139860868
27/07/2026 10:45,1.139990926,1.140120864,1.139990926,1.139990926
27/07/2026 11:00,1.139860868,1.140380859,1.13973105,1.139860868
27/07/2026 11:15,1.140120864,1.140250921,1.139990926,1.139990926
27/07/2026 11:30,1.140380859,1.140510917,1.139990926,1.140120864
27/07/2026 11:45,1.13973105,1.140380859,1.13973105,1.140380859
27/07/2026 12:00,1.139601111,1.139860868,1.139471292,1.139860868
27/07/2026 12:15,1.139601111,1.13973105,1.139471292,1.139471292
27/07/2026 12:30,1.139601111,1.139860868,1.139601111,1.139601111
27/07/2026 12:45,1.138952136,1.139471292,1.138822436,1.139471292
27/07/2026 13:00,1.138822436,1.139341474,1.138822436,1.139081836
27/07/2026 13:15,1.138692737,1.138952136,1.138692737,1.138822436
27/07/2026 13:30,1.138303995,1.138692737,1.138044834,1.138692737
27/07/2026 13:45,1.138822436,1.138822436,1.138303995,1.138303995
27/07/2026 14:00,1.138822436,1.138952136,1.138303995,1.138563156
27/07/2026 14:15,1.138044834,1.138692737,1.138044834,1.138692737
27/07/2026 14:30,1.138303995,1.138692737,1.138303995,1.138433456
27/07/2026 14:45,1.13765645,1.138303995,1.13765645,1.138303995
27/07/2026 15:00,1.137915373,1.137915373,1.137397647,1.137397647
27/07/2026 15:15,1.137526989,1.137915373,1.137526989,1.137915373
27/07/2026 15:30,1.137397647,1.13765645,1.137397647,1.137397647
27/07/2026 15:45,1.137397647,1.137785912,1.137268305,1.137526989
27/07/2026 16:00,1.137397647,1.13765645,1.137268305,1.137526989
27/07/2026 16:15,1.137915373,1.137915373,1.137397647,1.137397647
27/07/2026 16:30,1.137915373,1.137915373,1.137785912,1.137915373
27/07/2026 16:45,1.137915373,1.138044834,1.137785912,1.137785912
27/07/2026 17:00,1.137915373,1.138044834,1.137785912,1.137785912
27/07/2026 17:15,1.138563156,1.138692737,1.137915373,1.137915373
27/07/2026 17:30,1.138563156,1.138822436,1.138563156,1.138563156
27/07/2026 17:45,1.138303995,1.138563156,1.138303995,1.138563156
27/07/2026 18:00,1.137785912,1.138303995,1.13765645,1.138174415
27/07/2026 18:15,1.137397647,1.13765645,1.137268305,1.13765645
27/07/2026 18:30,1.137268305,1.13765645,1.137268305,1.137268305
27/07/2026 18:45,1.13765645,1.13765645,1.137138963,1.137268305
27/07/2026 19:00,1.13765645,1.13765645,1.137526989,1.137526989
27/07/2026 19:15,1.137268305,1.13765645,1.137268305,1.13765645
27/07/2026 19:30,1.137397647,1.137397647,1.137138963,1.137397647
27/07/2026 19:45,1.137138963,1.137268305,1.137138963,1.137268305
27/07/2026 20:00,1.13700974,1.137268305,1.13700974,1.137268305
27/07/2026 20:15,1.137397647,1.137397647,1.137138963,1.137138963
27/07/2026 20:30,1.137526989,1.13765645,1.137397647,1.137526989
27/07/2026 20:45,1.137397647,1.137526989,1.137397647,1.137526989
27/07/2026 21:00,1.137526989,1.137526989,1.137268305,1.137268305
27/07/2026 21:15,1.137397647,1.137526989,1.137397647,1.137526989
27/07/2026 21:30,1.137138963,1.137397647,1.137138963,1.137397647
27/07/2026 21:45,1.137138963,1.137138963,1.13700974,1.13700974
27/07/2026 22:00,1.138174415,1.138174415,1.136492848,1.136492848
27/07/2026 22:15,1.138044834,1.138174415,1.137915373,1.137915373
27/07/2026 22:30,1.137785912,1.138433456,1.137397647,1.138433456
27/07/2026 22:45,1.137526989,1.137915373,1.137268305,1.137915373
27/07/2026 23:00,1.137268305,1.137526989,1.137268305,1.137268305
27/07/2026 23:15,1.137268305,1.137397647,1.137268305,1.137268305
27/07/2026 23:30,1.137268305,1.137397647,1.137268305,1.137268305
27/07/2026 23:45,1.137268305,1.137268305,1.137268305,1.137268305
28/07/2026 00:00,1.137268305,1.137397647,1.137268305,1.137268305
28/07/2026 00:15,1.137397647,1.137397647,1.137268305,1.137397647
28/07/2026 00:30,1.137268305,1.137397647,1.137268305,1.137397647
28/07/2026 00:45,1.137268305,1.137268305,1.137138963,1.137268305
28/07/2026 01:00,1.137138963,1.137268305,1.13700974,1.137138963
28/07/2026 01:15,1.137526989,1.13765645,1.137138963,1.137138963
28/07/2026 01:30,1.137526989,1.13765645,1.137526989,1.137526989
28/07/2026 01:45,1.137785912,1.137785912,1.137397647,1.137526989
28/07/2026 02:00,1.137785912,1.138044834,1.137785912,1.137785912
28/07/2026 02:15,1.137915373,1.137915373,1.137785912,1.137785912
28/07/2026 02:30,1.13765645,1.137915373,1.13765645,1.137915373
28/07/2026 02:45,1.13765645,1.13765645,1.137397647,1.13765645
28/07/2026 03:00,1.13765645,1.137785912,1.137526989,1.13765645
28/07/2026 03:15,1.137526989,1.137785912,1.137526989,1.137785912
28/07/2026 03:30,1.13765645,1.13765645,1.137526989,1.137526989
28/07/2026 03:45,1.138044834,1.138174415,1.13765645,1.13765645
28/07/2026 04:00,1.137915373,1.138044834,1.137915373,1.138044834
28/07/2026 04:15,1.138044834,1.138174415,1.137915373,1.137915373
28/07/2026 04:30,1.137915373,1.138303995,1.137915373,1.138174415
28/07/2026 04:45,1.137785912,1.137915373,1.13765645,1.137915373
28/07/2026 05:00,1.137397647,1.13765645,1.137397647,1.13765645
28/07/2026 05:15,1.137397647,1.137526989,1.137268305,1.137397647
28/07/2026 05:30,1.137397647,1.13765645,1.137397647,1.13765645
28/07/2026 05:45,1.137268305,1.137526989,1.137138963,1.137397647
28/07/2026 06:00,1.136621952,1.137138963,1.136621952,1.137138963
28/07/2026 06:15,1.136751175,1.136751175,1.136492848,1.136621952
28/07/2026 06:30,1.136880398,1.136880398,1.136621952,1.136880398
28/07/2026 06:45,1.13700974,1.13700974,1.136751175,1.136880398
28/07/2026 07:00,1.13700974,1.137138963,1.136880398,1.13700974
28/07/2026 07:15,1.137397647,1.137397647,1.13700974,1.137138963
28/07/2026 07:30,1.137397647,1.137526989,1.137268305,1.137397647
28/07/2026 07:45,1.137138963,1.137397647,1.137138963,1.137268305
28/07/2026 08:00,1.137526989,1.13765645,1.13700974,1.137138963
28/07/2026 08:15,1.137268305,1.13765645,1.137268305,1.13765645
28/07/2026 08:30,1.137138963,1.137526989,1.137138963,1.137397647
28/07/2026 08:45,1.136880398,1.137138963,1.136751175,1.137138963
28/07/2026 09:00,1.137138963,1.137397647,1.136880398,1.136880398
28/07/2026 09:15,1.137268305,1.137526989,1.137138963,1.137138963
28/07/2026 09:30,1.137397647,1.137397647,1.137138963,1.137397647
28/07/2026 09:45,1.137526989,1.137526989,1.137397647,1.137397647
28/07/2026 10:00,1.13700974,1.13765645,1.13700974,1.13765645
28/07/2026 10:15,1.13700974,1.137138963,1.136880398,1.13700974
28/07/2026 10:30,1.136621952,1.136880398,1.136621952,1.136880398
28/07/2026 10:45,1.135976434,1.136492848,1.135976434,1.136363626
28/07/2026 11:00,1.135976434,1.135976434,1.135718346,1.135976434
28/07/2026 11:15,1.135976434,1.136105418,1.13584733,1.13584733
28/07/2026 11:30,1.136105418,1.136363626,1.135976434,1.135976434
28/07/2026 11:45,1.136363626,1.136621952,1.136105418,1.136105418
28/07/2026 12:00,1.136234522,1.136492848,1.136105418,1.136492848
28/07/2026 12:15,1.136880398,1.136880398,1.136363626,1.136363626
28/07/2026 12:30,1.136751175,1.136880398,1.136751175,1.136880398
28/07/2026 12:45,1.13700974,1.137138963,1.136492848,1.136751175
28/07/2026 13:00,1.136880398,1.136880398,1.136492848,1.136880398
28/07/2026 13:15,1.136621952,1.136880398,1.136621952,1.136880398
28/07/2026 13:30,1.136880398,1.136880398,1.136492848,1.136621952
28/07/2026 13:45,1.13700974,1.137138963,1.136880398,1.136880398
28/07/2026 14:00,1.13700974,1.137268305,1.136880398,1.136880398
28/07/2026 14:15,1.137138963,1.137397647,1.13700974,1.13700974
28/07/2026 14:30,1.137268305,1.137397647,1.137138963,1.137268305
28/07/2026 14:45,1.137397647,1.13765645,1.137138963,1.137138963
28/07/2026 15:00,1.13765645,1.137785912,1.137526989,1.137526989
28/07/2026 15:15,1.138044834,1.138044834,1.137526989,1.13765645
28/07/2026 15:30,1.138303995,1.138303995,1.138044834,1.138174415
28/07/2026 15:45,1.138952136,1.138952136,1.138044834,1.138174415
28/07/2026 16:00,1.13973105,1.13973105,1.138822436,1.138952136
28/07/2026 16:15,1.139990926,1.140120864,1.139601111,1.139860868
28/07/2026 16:30,1.140380859,1.140380859,1.139860868,1.139990926
28/07/2026 16:45,1.140380859,1.140510917,1.139990926,1.140510917
28/07/2026 17:00,1.140641093,1.140641093,1.140250921,1.140380859
28/07/2026 17:15,1.140771151,1.140771151,1.140510917,1.140510917
28/07/2026 17:30,1.140380859,1.140771151,1.140380859,1.140771151
28/07/2026 17:45,1.139990926,1.140380859,1.139990926,1.140380859
28/07/2026 18:00,1.13973105,1.139990926,1.13973105,1.139860868
28/07/2026 18:15,1.139601111,1.139990926,1.139601111,1.139860868
28/07/2026 18:30,1.139471292,1.13973105,1.139471292,1.139601111
28/07/2026 18:45,1.139341474,1.139471292,1.139211655,1.139471292
28/07/2026 19:00,1.139211655,1.139341474,1.139081836,1.139211655
28/07/2026 19:15,1.139081836,1.139471292,1.139081836,1.139341474
28/07/2026 19:30,1.139211655,1.139211655,1.139081836,1.139211655
28/07/2026 19:45,1.138952136,1.139081836,1.138952136,1.139081836
28/07/2026 20:00,1.139081836,1.139341474,1.138952136,1.138952136
28/07/2026 20:15,1.139211655,1.139341474,1.139081836,1.139081836
28/07/2026 20:30,1.139341474,1.139471292,1.139211655,1.139211655
28/07/2026 20:45,1.139081836,1.139471292,1.139081836,1.139341474
28/07/2026 21:00,1.139211655,1.139211655,1.139081836,1.139081836
28/07/2026 21:15,1.138952136,1.139211655,1.138952136,1.139211655
28/07/2026 21:30,1.139081836,1.139081836,1.138822436,1.138952136
28/07/2026 21:45,1.138952136,1.139081836,1.138952136,1.139081836
28/07/2026 22:00,1.139341474,1.139860868,1.138303995,1.138563156
28/07/2026 22:15,1.139471292,1.139601111,1.139211655,1.139471292
28/07/2026 22:30,1.139471292,1.139601111,1.139341474,1.139341474
28/07/2026 22:45,1.139471292,1.139601111,1.139211655,1.139601111
28/07/2026 23:00,1.139211655,1.139471292,1.139211655,1.139211655
28/07/2026 23:15,1.138822436,1.139211655,1.138822436,1.139211655
28/07/2026 23:30,1.138822436,1.138952136,1.138822436,1.138822436
28/07/2026 23:45,1.138822436,1.138822436,1.138822436,1.138822436
29/07/2026 00:00,1.138692737,1.138822436,1.138563156,1.138822436
29/07/2026 00:15,1.138822436,1.138822436,1.138692737,1.138692737
29/07/2026 00:30,1.138822436,1.138822436,1.138822436,1.138822436
29/07/2026 00:45,1.138952136,1.138952136,1.138692737,1.138822436
29/07/2026 01:00,1.138692737,1.138952136,1.138563156,1.138822436
29/07/2026 01:15,1.139211655,1.139341474,1.138692737,1.138692737
29/07/2026 01:30,1.139211655,1.139341474,1.139211655,1.139211655
29/07/2026 01:45,1.139341474,1.139341474,1.139081836,1.139211655
29/07/2026 02:00,1.139211655,1.139471292,1.139211655,1.139471292
29/07/2026 02:15,1.139471292,1.139601111,1.139211655,1.139211655
29/07/2026 02:30,1.138952136,1.139341474,1.138952136,1.139081836
29/07/2026 02:45,1.139471292,1.139471292,1.138952136,1.138952136
29/07/2026 03:00,1.13973105,1.13973105,1.139341474,1.139471292
29/07/2026 03:15,1.13973105,1.139860868,1.139601111,1.13973105
29/07/2026 03:30,1.139860868,1.139860868,1.13973105,1.13973105
29/07/2026 03:45,1.13973105,1.139860868,1.139601111,1.13973105
29/07/2026 04:00,1.139860868,1.139990926,1.13973105,1.13973105
29/07/2026 04:15,1.140250921,1.140250921,1.139860868,1.139860868
29/07/2026 04:30,1.140250921,1.140380859,1.140250921,1.140250921
29/07/2026 04:45,1.139990926,1.140380859,1.139990926,1.140250921
29/07/2026 05:00,1.140250921,1.140250921,1.139990926,1.139990926
29/07/2026 05:15,1.140250921,1.140510917,1.140250921,1.140250921
29/07/2026 05:30,1.140641093,1.140641093,1.140250921,1.140250921
29/07/2026 05:45,1.140510917,1.140641093,1.140250921,1.140641093
29/07/2026 06:00,1.140510917,1.140641093,1.140380859,1.140510917
29/07/2026 06:15,1.140250921,1.140510917,1.140250921,1.140510917
29/07/2026 06:30,1.140250921,1.140250921,1.140120864,1.140250921
29/07/2026 06:45,1.140120864,1.140510917,1.140120864,1.140250921
29/07/2026 07:00,1.139990926,1.140380859,1.139860868,1.140250921
29/07/2026 07:15,1.13973105,1.140120864,1.13973105,1.140120864
29/07/2026 07:30,1.13973105,1.13973105,1.139601111,1.139601111
29/07/2026 07:45,1.139471292,1.13973105,1.139341474,1.13973105
29/07/2026 08:00,1.13973105,1.139990926,1.139471292,1.139471292
29/07/2026 08:15,1.139990926,1.140120864,1.13973105,1.13973105
29/07/2026 08:30,1.140120864,1.140380859,1.139990926,1.139990926
29/07/2026 08:45,1.140120864,1.140380859,1.140120864,1.140120864
29/07/2026 09:00,1.139860868,1.140250921,1.139860868,1.140120864
29/07/2026 09:15,1.139860868,1.139990926,1.13973105,1.139990926
29/07/2026 09:30,1.140120864,1.140120864,1.139601111,1.139860868
29/07/2026 09:45,1.139990926,1.140380859,1.139860868,1.140120864
29/07/2026 10:00,1.139860868,1.139990926,1.139860868,1.139860868
29/07/2026 10:15,1.139860868,1.139990926,1.13973105,1.139860868
29/07/2026 10:30,1.13973105,1.139990926,1.139601111,1.139860868
29/07/2026 10:45,1.139601111,1.139860868,1.139601111,1.139860868
29/07/2026 11:00,1.139471292,1.139601111,1.139341474,1.139471292
29/07/2026 11:15,1.139211655,1.139471292,1.139081836,1.139471292
29/07/2026 11:30,1.139081836,1.139471292,1.139081836,1.139471292
29/07/2026 11:45,1.138822436,1.139081836,1.138692737,1.139081836
29/07/2026 12:00,1.139081836,1.139081836,1.138952136,1.138952136
29/07/2026 12:15,1.139081836,1.139211655,1.138822436,1.139081836
29/07/2026 12:30,1.138563156,1.139081836,1.138563156,1.139081836
29/07/2026 12:45,1.138433456,1.138822436,1.138433456,1.138563156
29/07/2026 13:00,1.138303995,1.138563156,1.138303995,1.138563156
29/07/2026 13:15,1.138044834,1.138303995,1.137915373,1.138174415
29/07/2026 13:30,1.138303995,1.138303995,1.137915373,1.137915373
29/07/2026 13:45,1.138044834,1.138303995,1.138044834,1.138174415
29/07/2026 14:00,1.138303995,1.138303995,1.138044834,1.138303995
29/07/2026 14:15,1.138952136,1.138952136,1.138303995,1.138303995
29/07/2026 14:30,1.138952136,1.138952136,1.138692737,1.138822436
29/07/2026 14:45,1.139341474,1.139471292,1.139081836,1.139081836
29/07/2026 15:00,1.139211655,1.139601111,1.139211655,1.139601111
29/07/2026 15:15,1.13973105,1.13973105,1.139081836,1.139211655
29/07/2026 15:30,1.139471292,1.139990926,1.139471292,1.139860868
29/07/2026 15:45,1.138433456,1.139471292,1.138433456,1.139471292
29/07/2026 16:00,1.138822436,1.138822436,1.138303995,1.138433456
29/07/2026 16:15,1.138433456,1.138822436,1.138174415,1.138822436
29/07/2026 16:30,1.138433456,1.138433456,1.138174415,1.138303995
29/07/2026 16:45,1.138563156,1.138692737,1.138433456,1.138433456
29/07/2026 17:00,1.138303995,1.138563156,1.138174415,1.138563156
29/07/2026 17:15,1.138563156,1.138563156,1.138044834,1.138044834
29/07/2026 17:30,1.138563156,1.138563156,1.138303995,1.138563156
29/07/2026 17:45,1.138822436,1.138822436,1.138563156,1.138563156
29/07/2026 18:00,1.139341474,1.139341474,1.138822436,1.138822436
29/07/2026 18:15,1.139341474,1.139601111,1.139211655,1.139211655
29/07/2026 18:30,1.139860868,1.139860868,1.139341474,1.139341474
29/07/2026 18:45,1.139990926,1.140250921,1.139860868,1.139990926
29/07/2026 19:00,1.142857194,1.142987847,1.141813159,1.141813159
29/07/2026 19:15,1.142334938,1.143249154,1.142073989,1.143249154
29/07/2026 19:30,1.143641353,1.143641353,1.14116168,1.142857194
29/07/2026 19:45,1.145344257,1.145475388,1.143903017,1.143903017
29/07/2026 20:00,1.145344257,1.145737886,1.144688606,1.145606637
29/07/2026 20:15,1.145606637,1.146920443,1.145475388,1.145606637
29/07/2026 20:30,1.146131754,1.146131754,1.144950747,1.145475388
29/07/2026 20:45,1.145213008,1.146000385,1.145213008,1.145869136
29/07/2026 21:00,1.145475388,1.145475388,1.145081878,1.145081878
29/07/2026 21:15,1.145869136,1.145869136,1.145344257,1.145344257
29/07/2026 21:30,1.146920443,1.146920443,1.145869136,1.145869136
29/07/2026 21:45,1.14705205,1.147315264,1.146789074,1.146789074
29/07/2026 22:00,1.146525979,1.149293184,1.145344257,1.147578597
29/07/2026 22:15,1.146789074,1.146920443,1.14639461,1.14639461
29/07/2026 22:30,1.146920443,1.146920443,1.146525979,1.146789074
29/07/2026 22:45,1.146525979,1.146789074,1.14639461,1.146789074
29/07/2026 23:00,1.147183657,1.147183657,1.146920443,1.146920443
29/07/2026 23:15,1.14705205,1.147315264,1.14705205,1.147183657
29/07/2026 23:30,1.147315264,1.147315264,1.147183657,1.147183657
29/07/2026 23:45,1.147446871,1.147446871,1.147315264,1.147315264
30/07/2026 00:00,1.147315264,1.14784205,1.147315264,1.147578597
30/07/2026 00:15,1.14705205,1.147446871,1.14705205,1.147315264
30/07/2026 00:30,1.146920443,1.14705205,1.146920443,1.14705205
30/07/2026 00:45,1.14705205,1.147315264,1.146789074,1.146789074
30/07/2026 01:00,1.14705205,1.147183657,1.146789074,1.14705205
30/07/2026 01:15,1.146131754,1.14705205,1.146000385,1.14705205
30/07/2026 01:30,1.146000385,1.146131754,1.146000385,1.146131754
30/07/2026 01:45,1.146131754,1.146131754,1.146000385,1.146000385
30/07/2026 02:00,1.146263242,1.14639461,1.146131754,1.146131754
30/07/2026 02:15,1.145869136,1.146263242,1.145737886,1.146263242
30/07/2026 02:30,1.146000385,1.146131754,1.145869136,1.145869136
30/07/2026 02:45,1.145606637,1.146131754,1.145606637,1.146000385
30/07/2026 03:00,1.145606637,1.145869136,1.145606637,1.145869136
30/07/2026 03:15,1.145606637,1.145606637,1.145475388,1.145606637
30/07/2026 03:30,1.145737886,1.145869136,1.145606637,1.145606637
30/07/2026 03:45,1.145606637,1.145869136,1.145606637,1.145737886
30/07/2026 04:00,1.145475388,1.145737886,1.145475388,1.145606637
30/07/2026 04:15,1.145344257,1.145475388,1.145213008,1.145475388
30/07/2026 04:30,1.145606637,1.145606637,1.145344257,1.145344257
30/07/2026 04:45,1.145344257,1.145475388,1.145344257,1.145475388
30/07/2026 05:00,1.145606637,1.145606637,1.145213008,1.145213008
30/07/2026 05:15,1.145606637,1.145737886,1.145606637,1.145606637
30/07/2026 05:30,1.145606637,1.145737886,1.145606637,1.145606637
30/07/2026 05:45,1.145344257,1.145606637,1.145344257,1.145606637
30/07/2026 06:00,1.145869136,1.145869136,1.145344257,1.145344257
30/07/2026 06:15,1.145869136,1.146000385,1.145737886,1.145869136
30/07/2026 06:30,1.145475388,1.145869136,1.145475388,1.145869136
30/07/2026 06:45,1.145344257,1.145737886,1.145213008,1.145606637
30/07/2026 07:00,1.144688606,1.145475388,1.144688606,1.145475388
30/07/2026 07:15,1.144819736,1.144950747,1.144688606,1.144950747
30/07/2026 07:30,1.145081878,1.145081878,1.144688606,1.144819736
30/07/2026 07:45,1.145081878,1.145344257,1.144950747,1.144950747
30/07/2026 08:00,1.144557595,1.145475388,1.144557595,1.145081878
30/07/2026 08:15,1.14403379,1.144688606,1.14403379,1.144557595
30/07/2026 08:30,1.144164801,1.144164801,1.143903017,1.143903017
30/07/2026 08:45,1.144164801,1.144164801,1.14403379,1.14403379
30/07/2026 09:00,1.145081878,1.145081878,1.144295692,1.144426703
30/07/2026 09:15,1.145737886,1.145737886,1.145081878,1.145081878
30/07/2026 09:30,1.145344257,1.145737886,1.144950747,1.145737886
30/07/2026 09:45,1.145213008,1.145737886,1.145081878,1.145475388
30/07/2026 10:00,1.146131754,1.146131754,1.145344257,1.145344257
30/07/2026 10:15,1.146657467,1.146657467,1.146131754,1.146131754
30/07/2026 10:30,1.146525979,1.146657467,1.14639461,1.14639461
30/07/2026 10:45,1.146789074,1.14705205,1.146525979,1.146525979
30/07/2026 11:00,1.147315264,1.147315264,1.146525979,1.146789074
30/07/2026 11:15,1.147578597,1.147973776,1.147315264,1.147578597
30/07/2026 11:30,1.148501158,1.148501158,1.147578597,1.147578597
30/07/2026 11:45,1.147710323,1.148633122,1.147710323,1.148501158
30/07/2026 12:00,1.147578597,1.147973776,1.147578597,1.14784205
30/07/2026 12:15,1.14705205,1.147578597,1.14705205,1.147578597
30/07/2026 12:30,1.146920443,1.14705205,1.146920443,1.14705205
30/07/2026 12:45,1.14784205,1.14784205,1.146920443,1.146920443
30/07/2026 13:00,1.148369312,1.148369312,1.147973776,1.147973776
30/07/2026 13:15,1.148105621,1.148237467,1.14784205,1.148237467
30/07/2026 13:30,1.148501158,1.148633122,1.147578597,1.148633122
30/07/2026 13:45,1.147710323,1.148501158,1.147446871,1.148501158
30/07/2026 14:00,1.147710323,1.14784205,1.147315264,1.147710323
30/07/2026 14:15,1.148369312,1.148369312,1.147446871,1.147446871
30/07/2026 14:30,1.150483251,1.150483251,1.148369312,1.148369312
30/07/2026 14:45,1.152604818,1.152604818,1.150350809,1.150615573
30/07/2026 15:00,1.152870655,1.153801799,1.152206421,1.152604818
30/07/2026 15:15,1.15233922,1.153535604,1.15233922,1.153269529
30/07/2026 15:30,1.15141046,1.152472019,1.15141046,1.152472019
30/07/2026 15:45,1.150748014,1.151808381,1.150748014,1.151808381
30/07/2026 16:00,1.150615573,1.150880456,1.150350809,1.150483251
30/07/2026 16:15,1.151808381,1.151808381,1.151145339,1.151145339
30/07/2026 16:30,1.152472019,1.152604818,1.151808381,1.151941061
30/07/2026 16:45,1.152472019,1.152737737,1.152472019,1.152604818
30/07/2026 17:00,1.152737737,1.153136492,1.152737737,1.152737737
30/07/2026 17:15,1.153269529,1.153269529,1.152737737,1.152737737
30/07/2026 17:30,1.152870655,1.153402567,1.152870655,1.153402567
30/07/2026 17:45,1.153136492,1.153136492,1.152737737,1.152870655
30/07/2026 18:00,1.152472019,1.153269529,1.152472019,1.153269529
30/07/2026 18:15,1.15233922,1.15233922,1.152206421,1.15233922
30/07/2026 18:30,1.153136492,1.153136492,1.151941061,1.152206421
30/07/2026 18:45,1.153136492,1.153269529,1.153003573,1.153269529
30/07/2026 19:00,1.153801799,1.153801799,1.153269529,1.153535604
30/07/2026 19:15,1.153269529,1.153801799,1.153136492,1.153801799
30/07/2026 19:30,1.153402567,1.153668642,1.153269529,1.153402567
30/07/2026 19:45,1.153801799,1.153801799,1.153535604,1.153535604
30/07/2026 20:00,1.153402567,1.153934956,1.153136492,1.153934956
30/07/2026 20:15,1.153535604,1.153668642,1.153136492,1.153136492
30/07/2026 20:30,1.153402567,1.153535604,1.153402567,1.153535604
30/07/2026 20:45,1.153535604,1.153535604,1.153269529,1.153535604
30/07/2026 21:00,1.153402567,1.153535604,1.153269529,1.153402567
30/07/2026 21:15,1.153136492,1.153402567,1.153136492,1.153402567
30/07/2026 21:30,1.153003573,1.153269529,1.153003573,1.153003573
30/07/2026 21:45,1.153136492,1.153269529,1.153003573,1.153003573
30/07/2026 22:00,1.152870655,1.153269529,1.152870655,1.153136492
30/07/2026 22:15,1.152737737,1.153003573,1.152737737,1.152870655
30/07/2026 22:30,1.153003573,1.153003573,1.152737737,1.152737737
30/07/2026 22:45,1.152870655,1.153003573,1.152737737,1.152737737
30/07/2026 23:00,1.153003573,1.153269529,1.152870655,1.153003573
30/07/2026 23:15,1.153003573,1.153136492,1.152870655,1.153003573
30/07/2026 23:30,1.153269529,1.153402567,1.153003573,1.153003573
30/07/2026 23:45,1.153136492,1.153402567,1.153136492,1.153269529
31/07/2026 00:00,1.152870655,1.153402567,1.152870655,1.153269529
31/07/2026 00:15,1.152870655,1.153003573,1.152737737,1.152870655
31/07/2026 00:30,1.152737737,1.152870655,1.152604818,1.152737737
31/07/2026 00:45,1.152604818,1.152870655,1.152604818,1.152870655
31/07/2026 01:00,1.152604818,1.152737737,1.15233922,1.152737737
31/07/2026 01:15,1.152604818,1.153003573,1.152604818,1.152604818
31/07/2026 01:30,1.151941061,1.152604818,1.151941061,1.152604818
31/07/2026 01:45,1.152206421,1.15233922,1.151941061,1.152073741
31/07/2026 02:00,1.151941061,1.15233922,1.151941061,1.152206421
31/07/2026 02:15,1.152073741,1.152206421,1.151941061,1.151941061
31/07/2026 02:30,1.151808381,1.15233922,1.151808381,1.151941061
31/07/2026 02:45,1.15141046,1.151808381,1.15141046,1.151808381
31/07/2026 03:00,1.151941061,1.151941061,1.15141046,1.15141046
31/07/2026 03:15,1.151675701,1.151808381,1.151675701,1.151808381
31/07/2026 03:30,1.15154314,1.151808381,1.15154314,1.151675701
31/07/2026 03:45,1.15154314,1.15154314,1.15141046,1.15154314
31/07/2026 04:00,1.15141046,1.15154314,1.1512779,1.15154314
31/07/2026 04:15,1.1512779,1.15141046,1.151145339,1.15141046
31/07/2026 04:30,1.151012897,1.1512779,1.151012897,1.1512779
31/07/2026 04:45,1.151675701,1.151675701,1.151145339,1.151145339
31/07/2026 05:00,1.15154314,1.151675701,1.15154314,1.151675701
31/07/2026 05:15,1.15154314,1.151675701,1.15154314,1.15154314
31/07/2026 05:30,1.151012897,1.15141046,1.150880456,1.15141046
31/07/2026 05:45,1.151145339,1.151145339,1.150880456,1.150880456
31/07/2026 06:00,1.151012897,1.1512779,1.151012897,1.151145339
31/07/2026 06:15,1.151012897,1.151012897,1.150880456,1.150880456
31/07/2026 06:30,1.151012897,1.1512779,1.150880456,1.150880456
31/07/2026 06:45,1.151012897,1.151012897,1.150880456,1.151012897
31/07/2026 07:00,1.151808381,1.151941061,1.150880456,1.150880456
31/07/2026 07:15,1.152472019,1.152472019,1.151808381,1.151808381
31/07/2026 07:30,1.15154314,1.152206421,1.15141046,1.152073741
31/07/2026 07:45,1.152073741,1.152472019,1.151941061,1.151941061
31/07/2026 08:00,1.152073741,1.152073741,1.151808381,1.152073741
31/07/2026 08:15,1.151941061,1.151941061,1.151675701,1.151941061
31/07/2026 08:30,1.152206421,1.152206421,1.15154314,1.151675701
31/07/2026 08:45,1.151675701,1.152737737,1.151675701,1.152206421
31/07/2026 09:00,1.15141046,1.151941061,1.151145339,1.151808381
31/07/2026 09:15,1.1512779,1.15154314,1.1512779,1.15141046
31/07/2026 09:30,1.151145339,1.1512779,1.150880456,1.151145339
31/07/2026 09:45,1.152870655,1.152870655,1.1512779,1.1512779
31/07/2026 10:00,1.151941061,1.152737737,1.151941061,1.152737737
31/07/2026 10:15,1.1512779,1.152073741,1.1512779,1.151808381
31/07/2026 10:30,1.150880456,1.15141046,1.150880456,1.1512779
31/07/2026 10:45,1.150880456,1.1512779,1.150748014,1.150748014
31/07/2026 11:00,1.151145339,1.151145339,1.150748014,1.150748014
31/07/2026 11:15,1.150615573,1.151012897,1.150615573,1.151012897
31/07/2026 11:30,1.150748014,1.150748014,1.150483251,1.150615573
31/07/2026 11:45,1.150483251,1.150748014,1.150483251,1.150615573
31/07/2026 12:00,1.150218487,1.150483251,1.150218487,1.150483251
31/07/2026 12:15,1.149689674,1.150218487,1.149557471,1.150218487
31/07/2026 12:30,1.149425268,1.149557471,1.149293184,1.149557471
31/07/2026 12:45,1.148897052,1.149425268,1.148897052,1.149425268
31/07/2026 13:00,1.149029136,1.149029136,1.148633122,1.148765087
31/07/2026 13:15,1.148765087,1.1491611,1.148765087,1.149029136
31/07/2026 13:30,1.148897052,1.149029136,1.148633122,1.148633122
31/07/2026 13:45,1.149293184,1.149425268,1.148765087,1.148897052
31/07/2026 14:00,1.1491611,1.149425268,1.1491611,1.1491611
31/07/2026 14:15,1.150350809,1.150615573,1.149029136,1.1491611
31/07/2026 14:30,1.147315264,1.150350809,1.146131754,1.150350809
31/07/2026 14:45,1.14705205,1.147710323,1.146920443,1.147183657
31/07/2026 15:00,1.147710323,1.147710323,1.146657467,1.14705205
31/07/2026 15:15,1.148105621,1.148237467,1.147578597,1.147710323
31/07/2026 15:30,1.149293184,1.149293184,1.148369312,1.148369312
31/07/2026 15:45,1.150880456,1.150880456,1.149557471,1.149557471
31/07/2026 16:00,1.150615573,1.151012897,1.150086284,1.151012897
31/07/2026 16:15,1.150615573,1.151145339,1.150350809,1.150748014
31/07/2026 16:30,1.1512779,1.1512779,1.150483251,1.150748014
31/07/2026 16:45,1.152206421,1.152206421,1.151145339,1.151145339
31/07/2026 17:00,1.152206421,1.152206421,1.151675701,1.152073741
31/07/2026 17:15,1.151675701,1.152073741,1.151675701,1.151941061
31/07/2026 17:30,1.151675701,1.152073741,1.151675701,1.151675701
31/07/2026 17:45,1.152073741,1.152073741,1.151808381,1.151808381
31/07/2026 18:00,1.152604818,1.152604818,1.152073741,1.152206421
31/07/2026 18:15,1.153003573,1.153003573,1.15233922,1.152604818
31/07/2026 18:30,1.153801799,1.153801799,1.153136492,1.153136492
31/07/2026 18:45,1.153801799,1.154068112,1.153136492,1.153801799
31/07/2026 19:00,1.153402567,1.153801799,1.153402567,1.153668642
31/07/2026 19:15,1.153269529,1.153402567,1.153136492,1.153136492
31/07/2026 19:30,1.153136492,1.153402567,1.153003573,1.153269529
31/07/2026 19:45,1.153402567,1.153402567,1.152870655,1.153003573
31/07/2026 20:00,1.153535604,1.153668642,1.153535604,1.153535604
31/07/2026 20:15,1.153535604,1.153535604,1.153402567,1.153535604
31/07/2026 20:30,1.153535604,1.153535604,1.153003573,1.153402567
31/07/2026 20:45,1.153402567,1.153934956,1.153402567,1.153668642
31/07/2026 21:00,1.153136492,1.153402567,1.152870655,1.153402567
31/07/2026 21:15,1.153934956,1.154201269,1.153402567,1.153402567
31/07/2026 21:30,1.154334545,1.154334545,1.153801799,1.153934956
31/07/2026 21:45,1.153269529,1.155001163,1.153269529,1.154467821
31/07/2026 22:00,1.152737737,1.152737737,1.152737737,1.152737737
31/07/2026 22:15,1.152737737,1.152737737,1.152737737,1.152737737
3/08/2026 00:00,1.154867768,1.155268073,1.154734373,1.155268073
3/08/2026 00:15,1.154867768,1.154867768,1.154601097,1.154867768
3/08/2026 00:30,1.154734373,1.154867768,1.154601097,1.154867768
3/08/2026 00:45,1.154734373,1.154734373,1.154601097,1.154734373
3/08/2026 01:00,1.154068112,1.154334545,1.153934956,1.154334545
3/08/2026 01:15,1.155134559,1.155134559,1.153934956,1.154068112
3/08/2026 01:30,1.155802131,1.155802131,1.155134559,1.155268073
3/08/2026 01:45,1.154601097,1.155802131,1.154601097,1.155802131
3/08/2026 02:00,1.153934956,1.154734373,1.153934956,1.154334545
3/08/2026 02:15,1.153535604,1.153934956,1.153535604,1.153934956
3/08/2026 02:30,1.153535604,1.153668642,1.153402567,1.153535604
3/08/2026 02:45,1.153535604,1.153535604,1.153402567,1.153535604
3/08/2026 03:00,1.153402567,1.153668642,1.153402567,1.153535604
3/08/2026 03:15,1.153668642,1.153668642,1.153269529,1.153269529
3/08/2026 03:30,1.153535604,1.153801799,1.153535604,1.153668642
3/08/2026 03:45,1.153402567,1.153668642,1.153402567,1.153535604
3/08/2026 04:00,1.153136492,1.153402567,1.153136492,1.153402567
3/08/2026 04:15,1.153269529,1.153269529,1.153003573,1.153003573
3/08/2026 04:30,1.153136492,1.153136492,1.153003573,1.153136492
3/08/2026 04:45,1.153402567,1.153402567,1.153136492,1.153136492
3/08/2026 05:00,1.153535604,1.153535604,1.153269529,1.153402567
3/08/2026 05:15,1.153668642,1.153668642,1.153402567,1.153535604
3/08/2026 05:30,1.153934956,1.153934956,1.153535604,1.153668642
3/08/2026 05:45,1.153801799,1.153801799,1.153668642,1.153801799
3/08/2026 06:00,1.153668642,1.153934956,1.153535604,1.153801799
3/08/2026 06:15,1.153668642,1.153801799,1.153535604,1.153668642
3/08/2026 06:30,1.153934956,1.153934956,1.153668642,1.153801799
3/08/2026 06:45,1.154068112,1.154068112,1.153801799,1.153934956
3/08/2026 07:00,1.153668642,1.154201269,1.153668642,1.154201269
3/08/2026 07:15,1.153668642,1.153801799,1.153535604,1.153668642
3/08/2026 07:30,1.152870655,1.153668642,1.152870655,1.153668642
3/08/2026 07:45,1.153003573,1.153136492,1.152737737,1.152737737
3/08/2026 08:00,1.153269529,1.153269529,1.152604818,1.153136492
3/08/2026 08:15,1.153269529,1.153269529,1.152472019,1.153269529
3/08/2026 08:30,1.153003573,1.153535604,1.152737737,1.153402567
3/08/2026 08:45,1.153003573,1.153003573,1.152737737,1.153003573
3/08/2026 09:00,1.153003573,1.153003573,1.152737737,1.152737737
3/08/2026 09:15,1.152737737,1.153003573,1.152604818,1.152870655
3/08/2026 09:30,1.152870655,1.152870655,1.152737737,1.152737737
3/08/2026 09:45,1.152604818,1.152870655,1.152472019,1.152737737
3/08/2026 10:00,1.152870655,1.152870655,1.15233922,1.152737737
3/08/2026 10:15,1.152737737,1.152737737,1.152472019,1.152737737
3/08/2026 10:30,1.153136492,1.153136492,1.152737737,1.152737737
3/08/2026 10:45,1.152604818,1.153269529,1.152604818,1.153136492
3/08/2026 11:00,1.152737737,1.152737737,1.152472019,1.152472019
3/08/2026 11:15,1.152604818,1.152737737,1.152073741,1.152604818
3/08/2026 11:30,1.152472019,1.152604818,1.152472019,1.152604818
3/08/2026 11:45,1.152604818,1.152737737,1.15233922,1.15233922
3/08/2026 12:00,1.152870655,1.153003573,1.152737737,1.152737737
3/08/2026 12:15,1.152472019,1.152870655,1.152472019,1.152870655
3/08/2026 12:30,1.152870655,1.152870655,1.152604818,1.152604818
3/08/2026 12:45,1.153535604,1.153535604,1.153003573,1.153003573
3/08/2026 13:00,1.153402567,1.153801799,1.153402567,1.153668642
3/08/2026 13:15,1.153402567,1.153668642,1.153269529,1.153535604
3/08/2026 13:30,1.152870655,1.153668642,1.152870655,1.153402567
3/08/2026 13:45,1.153136492,1.153136492,1.152604818,1.152870655
3/08/2026 14:00,1.153269529,1.153668642,1.153136492,1.153269529
3/08/2026 14:15,1.153535604,1.153535604,1.152870655,1.153269529
3/08/2026 14:30,1.153003573,1.153801799,1.153003573,1.153535604
3/08/2026 14:45,1.153003573,1.153269529,1.152604818,1.153269529
3/08/2026 15:00,1.151941061,1.153003573,1.151941061,1.152604818
3/08/2026 15:15,1.151941061,1.15233922,1.151941061,1.152073741
3/08/2026 15:30,1.151675701,1.152073741,1.15141046,1.151808381
3/08/2026 15:45,1.151808381,1.151941061,1.15154314,1.151675701
3/08/2026 16:00,1.150615573,1.15154314,1.150615573,1.15154314
3/08/2026 16:15,1.150748014,1.151012897,1.150615573,1.150748014
3/08/2026 16:30,1.150748014,1.150880456,1.150615573,1.150748014
3/08/2026 16:45,1.1512779,1.1512779,1.150748014,1.150748014
3/08/2026 17:00,1.151145339,1.15141046,1.151012897,1.1512779
3/08/2026 17:15,1.150880456,1.151145339,1.150880456,1.151012897
3/08/2026 17:30,1.151012897,1.151145339,1.150880456,1.150880456
3/08/2026 17:45,1.151012897,1.151145339,1.150880456,1.151012897
3/08/2026 18:00,1.150748014,1.150880456,1.150748014,1.150880456
3/08/2026 18:15,1.150748014,1.150748014,1.150615573,1.150615573
3/08/2026 18:30,1.150748014,1.150748014,1.150615573,1.150748014
3/08/2026 18:45,1.150483251,1.150880456,1.150483251,1.150748014
3/08/2026 19:00,1.150880456,1.150880456,1.150483251,1.150483251
3/08/2026 19:15,1.1512779,1.1512779,1.151012897,1.151012897
3/08/2026 19:30,1.15154314,1.15154314,1.1512779,1.1512779
3/08/2026 19:45,1.151675701,1.151808381,1.15141046,1.15154314
3/08/2026 20:00,1.151675701,1.151808381,1.151675701,1.151675701
3/08/2026 20:15,1.151675701,1.151675701,1.15154314,1.151675701
3/08/2026 20:30,1.15154314,1.151675701,1.15154314,1.15154314
3/08/2026 20:45,1.15141046,1.151675701,1.1512779,1.15154314
3/08/2026 21:00,1.151145339,1.15141046,1.151145339,1.15141046
3/08/2026 21:15,1.151012897,1.151145339,1.151012897,1.151012897
3/08/2026 21:30,1.1512779,1.1512779,1.151145339,1.151145339
3/08/2026 21:45,1.151145339,1.1512779,1.151145339,1.1512779
3/08/2026 22:00,1.15141046,1.151808381,1.1512779,1.151675701
3/08/2026 22:15,1.1512779,1.15154314,1.151012897,1.151012897
3/08/2026 22:30,1.15141046,1.15154314,1.1512779,1.15141046
3/08/2026 22:45,1.15141046,1.151675701,1.1512779,1.15141046
3/08/2026 23:00,1.151012897,1.15154314,1.151012897,1.15154314
3/08/2026 23:15,1.151012897,1.151145339,1.151012897,1.151145339
3/08/2026 23:30,1.151145339,1.151145339,1.151012897,1.151145339
3/08/2026 23:45,1.151145339,1.1512779,1.151145339,1.151145339
4/08/2026 00:00,1.1512779,1.1512779,1.151145339,1.1512779
4/08/2026 00:15,1.1512779,1.15141046,1.1512779,1.1512779
4/08/2026 00:30,1.151145339,1.1512779,1.151012897,1.1512779
4/08/2026 00:45,1.151012897,1.151145339,1.151012897,1.151145339
4/08/2026 01:00,1.1512779,1.151675701,1.151145339,1.151145339
4/08/2026 01:15,1.15154314,1.15154314,1.1512779,1.1512779
4/08/2026 01:30,1.15154314,1.151808381,1.15141046,1.15141046
4/08/2026 01:45,1.150880456,1.15154314,1.150880456,1.15154314
4/08/2026 02:00,1.150880456,1.150880456,1.150615573,1.150748014
4/08/2026 02:15,1.151145339,1.1512779,1.150880456,1.150880456
4/08/2026 02:30,1.151808381,1.151808381,1.15141046,1.15141046
4/08/2026 02:45,1.15154314,1.151808381,1.15154314,1.151675701
4/08/2026 03:00,1.15154314,1.151675701,1.1512779,1.151675701
4/08/2026 03:15,1.1512779,1.151675701,1.1512779,1.151675701
4/08/2026 03:30,1.15154314,1.15154314,1.1512779,1.15141046
4/08/2026 03:45,1.151145339,1.15154314,1.151145339,1.15141046
4/08/2026 04:00,1.1512779,1.15141046,1.151145339,1.15141046
4/08/2026 04:15,1.15154314,1.15154314,1.15141046,1.15141046
4/08/2026 04:30,1.151145339,1.15154314,1.151145339,1.15154314
4/08/2026 04:45,1.151145339,1.1512779,1.151145339,1.151145339
4/08/2026 05:00,1.151012897,1.1512779,1.151012897,1.1512779
4/08/2026 05:15,1.151145339,1.151145339,1.151012897,1.151012897
4/08/2026 05:30,1.1512779,1.1512779,1.151145339,1.151145339
4/08/2026 05:45,1.1512779,1.15141046,1.151145339,1.1512779
4/08/2026 06:00,1.151012897,1.15141046,1.151012897,1.1512779
4/08/2026 06:15,1.1512779,1.1512779,1.151012897,1.151012897
4/08/2026 06:30,1.150880456,1.1512779,1.150880456,1.1512779
4/08/2026 06:45,1.151012897,1.151012897,1.150748014,1.150880456
4/08/2026 07:00,1.151145339,1.151145339,1.150748014,1.151012897
4/08/2026 07:15,1.151012897,1.1512779,1.151012897,1.151145339
4/08/2026 07:30,1.150748014,1.151145339,1.150748014,1.151012897
4/08/2026 07:45,1.151012897,1.151012897,1.150748014,1.150748014
4/08/2026 08:00,1.1512779,1.1512779,1.151145339,1.151145339
4/08/2026 08:15,1.15154314,1.151941061,1.15141046,1.15141046
4/08/2026 08:30,1.1512779,1.151675701,1.1512779,1.15154314
4/08/2026 08:45,1.15141046,1.15154314,1.1512779,1.15141046
4/08/2026 09:00,1.1512779,1.151675701,1.1512779,1.15154314
4/08/2026 09:15,1.15154314,1.15154314,1.151145339,1.1512779
4/08/2026 09:30,1.1512779,1.15141046,1.151012897,1.15141046
4/08/2026 09:45,1.151145339,1.1512779,1.151012897,1.151145339
4/08/2026 10:00,1.151012897,1.151145339,1.150748014,1.151145339
4/08/2026 10:15,1.15141046,1.15141046,1.151012897,1.151012897
4/08/2026 10:30,1.151145339,1.15141046,1.151145339,1.1512779
4/08/2026 10:45,1.151145339,1.1512779,1.150880456,1.151145339
4/08/2026 11:00,1.1512779,1.15141046,1.151145339,1.151145339
4/08/2026 11:15,1.1512779,1.1512779,1.151145339,1.1512779
4/08/2026 11:30,1.151675701,1.151675701,1.1512779,1.15141046
4/08/2026 11:45,1.151675701,1.152206421,1.151675701,1.151941061
4/08/2026 12:00,1.151941061,1.151941061,1.15154314,1.151675701
4/08/2026 12:15,1.15233922,1.15233922,1.151941061,1.151941061
4/08/2026 12:30,1.152604818,1.152604818,1.152206421,1.152206421
4/08/2026 12:45,1.151941061,1.152472019,1.151941061,1.152472019
4/08/2026 13:00,1.151808381,1.152073741,1.151808381,1.152073741
4/08/2026 13:15,1.151808381,1.152073741,1.151675701,1.151675701
4/08/2026 13:30,1.152472019,1.152604818,1.151941061,1.151941061
4/08/2026 13:45,1.151808381,1.15233922,1.151808381,1.15233922
4/08/2026 14:00,1.15154314,1.151808381,1.15154314,1.151808381
4/08/2026 14:15,1.151941061,1.152206421,1.15141046,1.151675701
4/08/2026 14:30,1.152737737,1.152870655,1.151941061,1.151941061
4/08/2026 14:45,1.152737737,1.152870655,1.152604818,1.152604818
4/08/2026 15:00,1.153269529,1.153402567,1.152604818,1.152737737
4/08/2026 15:15,1.153136492,1.153269529,1.153003573,1.153269529
4/08/2026 15:30,1.152737737,1.153136492,1.152737737,1.153003573
4/08/2026 15:45,1.152604818,1.152737737,1.15233922,1.152604818
4/08/2026 16:00,1.152206421,1.152870655,1.152206421,1.152737737
4/08/2026 16:15,1.152073741,1.152073741,1.151808381,1.152073741
4/08/2026 16:30,1.152472019,1.152472019,1.151941061,1.152073741
4/08/2026 16:45,1.152870655,1.153003573,1.15233922,1.152472019
4/08/2026 17:00,1.152472019,1.152870655,1.152472019,1.152870655
4/08/2026 17:15,1.15233922,1.152472019,1.15233922,1.152472019
4/08/2026 17:30,1.152206421,1.15233922,1.152073741,1.15233922
4/08/2026 17:45,1.152206421,1.152206421,1.152073741,1.152206421
4/08/2026 18:00,1.152604818,1.152604818,1.15233922,1.15233922
4/08/2026 18:15,1.152472019,1.152604818,1.15233922,1.152472019
4/08/2026 18:30,1.152870655,1.152870655,1.152472019,1.152472019
4/08/2026 18:45,1.152737737,1.152870655,1.152737737,1.152870655
4/08/2026 19:00,1.152737737,1.153003573,1.152604818,1.152737737
4/08/2026 19:15,1.152870655,1.152870655,1.152604818,1.152737737
4/08/2026 19:30,1.153003573,1.153003573,1.152870655,1.152870655
4/08/2026 19:45,1.153535604,1.153668642,1.153003573,1.153136492
4/08/2026 20:00,1.153402567,1.153668642,1.153402567,1.153535604
4/08/2026 20:15,1.153535604,1.153535604,1.153269529,1.153535604
4/08/2026 20:30,1.153535604,1.153535604,1.153402567,1.153535604
4/08/2026 20:45,1.153402567,1.153535604,1.153269529,1.153535604
4/08/2026 21:00,1.153535604,1.153535604,1.153402567,1.153402567
4/08/2026 21:15,1.153535604,1.153668642,1.153535604,1.153535604
4/08/2026 21:30,1.153402567,1.153668642,1.153402567,1.153535604
4/08/2026 21:45,1.153535604,1.153668642,1.153402567,1.153402567
4/08/2026 22:00,1.153136492,1.153269529,1.153003573,1.153136492
4/08/2026 22:15,1.153136492,1.153402567,1.153136492,1.153136492
4/08/2026 22:30,1.153402567,1.153402567,1.153136492,1.153269529
4/08/2026 22:45,1.153269529,1.153402567,1.153269529,1.153269529
4/08/2026 23:00,1.153535604,1.153535604,1.153402567,1.153402567
4/08/2026 23:15,1.153402567,1.153535604,1.153402567,1.153402567
4/08/2026 23:30,1.153535604,1.153535604,1.153402567,1.153402567
4/08/2026 23:45,1.153535604,1.153535604,1.153402567,1.153535604
5/08/2026 00:00,1.153535604,1.153668642,1.153402567,1.153535604
5/08/2026 00:15,1.153402567,1.153535604,1.153402567,1.153535604
5/08/2026 00:30,1.153402567,1.153402567,1.153269529,1.153402567
5/08/2026 00:45,1.153535604,1.153535604,1.153402567,1.153402567
5/08/2026 01:00,1.153668642,1.153801799,1.153535604,1.153535604
5/08/2026 01:15,1.153801799,1.153801799,1.153668642,1.153668642
5/08/2026 01:30,1.153668642,1.153801799,1.153668642,1.153801799
5/08/2026 01:45,1.153402567,1.153668642,1.153402567,1.153535604
5/08/2026 02:00,1.153402567,1.153535604,1.153269529,1.153269529
5/08/2026 02:15,1.153136492,1.153535604,1.153136492,1.153402567
5/08/2026 02:30,1.153136492,1.153269529,1.153136492,1.153269529
5/08/2026 02:45,1.153003573,1.153136492,1.153003573,1.153136492
5/08/2026 03:00,1.153269529,1.153402567,1.153136492,1.153136492
5/08/2026 03:15,1.153668642,1.153801799,1.153269529,1.153269529
5/08/2026 03:30,1.154334545,1.154334545,1.153668642,1.153668642
5/08/2026 03:45,1.153801799,1.154334545,1.153801799,1.154334545
5/08/2026 04:00,1.154334545,1.154467821,1.153801799,1.153801799
5/08/2026 04:15,1.154068112,1.154334545,1.154068112,1.154334545
5/08/2026 04:30,1.153934956,1.154068112,1.153934956,1.153934956
5/08/2026 04:45,1.154068112,1.154068112,1.153934956,1.153934956
5/08/2026 05:00,1.154201269,1.154201269,1.154068112,1.154068112
5/08/2026 05:15,1.154201269,1.154334545,1.154201269,1.154201269
5/08/2026 05:30,1.154068112,1.154334545,1.154068112,1.154201269
5/08/2026 05:45,1.153934956,1.154068112,1.153801799,1.154068112
5/08/2026 06:00,1.153668642,1.153801799,1.153535604,1.153801799
5/08/2026 06:15,1.153801799,1.153801799,1.153668642,1.153668642
5/08/2026 06:30,1.153934956,1.154068112,1.153801799,1.153801799
5/08/2026 06:45,1.153934956,1.154068112,1.153934956,1.153934956
5/08/2026 07:00,1.153934956,1.154068112,1.153801799,1.153801799
5/08/2026 07:15,1.153801799,1.153934956,1.153535604,1.153934956
5/08/2026 07:30,1.154601097,1.154601097,1.153668642,1.153668642
5/08/2026 07:45,1.154867768,1.154867768,1.154601097,1.154601097
5/08/2026 08:00,1.154201269,1.154867768,1.154068112,1.154867768
5/08/2026 08:15,1.153801799,1.154467821,1.153801799,1.154334545
5/08/2026 08:30,1.153934956,1.154068112,1.153934956,1.153934956
5/08/2026 08:45,1.154201269,1.154201269,1.153801799,1.153801799
5/08/2026 09:00,1.154068112,1.154334545,1.153934956,1.154334545
5/08/2026 09:15,1.154601097,1.154601097,1.154068112,1.154068112
5/08/2026 09:30,1.153801799,1.154734373,1.153668642,1.154734373
5/08/2026 09:45,1.153934956,1.154068112,1.153535604,1.153535604
5/08/2026 10:00,1.154068112,1.154068112,1.153668642,1.154068112
5/08/2026 10:15,1.154334545,1.154467821,1.153934956,1.153934956
5/08/2026 10:30,1.154467821,1.154601097,1.154334545,1.154334545
5/08/2026 10:45,1.154334545,1.154467821,1.154334545,1.154467821
5/08/2026 11:00,1.153934956,1.154334545,1.153801799,1.154334545
5/08/2026 11:15,1.154068112,1.154467821,1.153934956,1.153934956
5/08/2026 11:30,1.154068112,1.154201269,1.154068112,1.154201269
5/08/2026 11:45,1.154334545,1.154467821,1.153934956,1.154068112
5/08/2026 12:00,1.154867768,1.154867768,1.154467821,1.154467821
5/08/2026 12:15,1.155134559,1.155401587,1.154601097,1.154867768
5/08/2026 12:30,1.155668497,1.155802131,1.155134559,1.155134559
5/08/2026 12:45,1.155534983,1.155668497,1.155268073,1.155534983
5/08/2026 13:00,1.155534983,1.155802131,1.155534983,1.155668497
5/08/2026 13:15,1.155668497,1.155935645,1.155668497,1.155802131
5/08/2026 13:30,1.155134559,1.155802131,1.155134559,1.155668497
5/08/2026 13:45,1.154867768,1.155268073,1.154867768,1.155134559
5/08/2026 14:00,1.154867768,1.155134559,1.154601097,1.154734373
5/08/2026 14:15,1.155534983,1.155668497,1.155001163,1.155001163
5/08/2026 14:30,1.155001163,1.155668497,1.154867768,1.155534983
5/08/2026 14:45,1.154734373,1.154867768,1.154467821,1.154734373
5/08/2026 15:00,1.155668497,1.155802131,1.154867768,1.155134559
5/08/2026 15:15,1.155401587,1.155935645,1.155401587,1.155802131
5/08/2026 15:30,1.155534983,1.155534983,1.155134559,1.155268073
5/08/2026 15:45,1.155668497,1.155668497,1.155001163,1.155268073
5/08/2026 16:00,1.155268073,1.155935645,1.155268073,1.155802131
5/08/2026 16:15,1.155001163,1.155134559,1.155001163,1.155134559
5/08/2026 16:30,1.155268073,1.155401587,1.154734373,1.154867768
5/08/2026 16:45,1.155001163,1.155268073,1.154601097,1.155134559
5/08/2026 17:00,1.155001163,1.155134559,1.154734373,1.155134559
5/08/2026 17:15,1.155134559,1.155134559,1.155001163,1.155001163
5/08/2026 17:30,1.154867768,1.155134559,1.154734373,1.155134559
5/08/2026 17:45,1.154867768,1.155001163,1.154734373,1.154867768
5/08/2026 18:00,1.154734373,1.155001163,1.154734373,1.155001163
5/08/2026 18:15,1.155268073,1.155268073,1.154867768,1.154867768
5/08/2026 18:30,1.155668497,1.155668497,1.155134559,1.155134559
5/08/2026 18:45,1.155935645,1.156069398,1.155668497,1.155802131
5/08/2026 19:00,1.155935645,1.156203032,1.155935645,1.155935645
5/08/2026 19:15,1.156203032,1.156203032,1.155802131,1.155802131
5/08/2026 19:30,1.155802131,1.156203032,1.155802131,1.156203032
5/08/2026 19:45,1.155802131,1.155802131,1.155802131,1.155802131
5/08/2026 20:00,1.155534983,1.155802131,1.155401587,1.155802131
5/08/2026 20:15,1.155134559,1.155401587,1.155134559,1.155401587
5/08/2026 20:30,1.155268073,1.155401587,1.155268073,1.155268073
5/08/2026 20:45,1.155401587,1.155534983,1.155268073,1.155401587
5/08/2026 21:00,1.155401587,1.155668497,1.155401587,1.155668497
5/08/2026 21:15,1.155401587,1.155534983,1.155268073,1.155268073
5/08/2026 21:30,1.155534983,1.155668497,1.155534983,1.155534983
5/08/2026 21:45,1.155668497,1.155668497,1.155534983,1.155534983
5/08/2026 22:00,1.155401587,1.156336784,1.155401587,1.156336784
5/08/2026 22:15,1.155668497,1.155802131,1.155401587,1.155534983
5/08/2026 22:30,1.155802131,1.155802131,1.155401587,1.155534983
5/08/2026 22:45,1.155534983,1.155802131,1.155534983,1.155534983
5/08/2026 23:00,1.155668497,1.155802131,1.155534983,1.155668497
5/08/2026 23:15,1.155802131,1.155935645,1.155668497,1.155668497
5/08/2026 23:30,1.155802131,1.155802131,1.155668497,1.155802131
5/08/2026 23:45,1.155802131,1.155802131,1.155802131,1.155802131
6/08/2026 00:00,1.155935645,1.155935645,1.155802131,1.155802131
6/08/2026 00:15,1.155802131,1.155935645,1.155802131,1.155935645
6/08/2026 00:30,1.155935645,1.155935645,1.155802131,1.155802131
6/08/2026 00:45,1.156069398,1.156203032,1.155935645,1.156069398
6/08/2026 01:00,1.155802131,1.155935645,1.155802131,1.155935645
6/08/2026 01:15,1.155935645,1.156069398,1.155935645,1.155935645
6/08/2026 01:30,1.155935645,1.156203032,1.155935645,1.155935645
6/08/2026 01:45,1.155935645,1.156203032,1.155935645,1.156069398
6/08/2026 02:00,1.155935645,1.156069398,1.155668497,1.155935645
6/08/2026 02:15,1.155802131,1.156069398,1.155802131,1.155802131
6/08/2026 02:30,1.155935645,1.156069398,1.155802131,1.155802131
6/08/2026 02:45,1.155802131,1.155935645,1.155802131,1.155935645
6/08/2026 03:00,1.155935645,1.156069398,1.155802131,1.155935645
6/08/2026 03:15,1.155935645,1.156069398,1.155802131,1.155935645
6/08/2026 03:30,1.156069398,1.156069398,1.155802131,1.155802131
6/08/2026 03:45,1.155668497,1.156069398,1.155668497,1.156069398
6/08/2026 04:00,1.155534983,1.155668497,1.155534983,1.155668497
6/08/2026 04:15,1.155401587,1.155534983,1.155268073,1.155534983
6/08/2026 04:30,1.155134559,1.155401587,1.155134559,1.155401587
6/08/2026 04:45,1.155268073,1.155401587,1.155001163,1.155134559
6/08/2026 05:00,1.155268073,1.155268073,1.155134559,1.155134559
6/08/2026 05:15,1.155134559,1.155268073,1.155134559,1.155268073
6/08/2026 05:30,1.155134559,1.155268073,1.155134559,1.155268073
6/08/2026 05:45,1.155268073,1.155268073,1.155001163,1.155134559
6/08/2026 06:00,1.154867768,1.155268073,1.154867768,1.155268073
6/08/2026 06:15,1.154867768,1.155001163,1.154867768,1.154867768
6/08/2026 06:30,1.155268073,1.155268073,1.154867768,1.154867768
6/08/2026 06:45,1.155268073,1.155401587,1.155134559,1.155134559
6/08/2026 07:00,1.155001163,1.155534983,1.155001163,1.155534983
6/08/2026 07:15,1.155001163,1.155134559,1.154867768,1.155001163
6/08/2026 07:30,1.154867768,1.155001163,1.154734373,1.155001163
6/08/2026 07:45,1.154867768,1.155001163,1.154734373,1.155001163
6/08/2026 08:00,1.154867768,1.154867768,1.154601097,1.154867768
6/08/2026 08:15,1.154867768,1.155001163,1.154734373,1.154867768
6/08/2026 08:30,1.154867768,1.154867768,1.154601097,1.154734373
6/08/2026 08:45,1.154734373,1.154867768,1.154467821,1.154601097
6/08/2026 09:00,1.154601097,1.154867768,1.154334545,1.154734373
6/08/2026 09:15,1.154467821,1.154734373,1.154467821,1.154734373
6/08/2026 09:30,1.154601097,1.154734373,1.154334545,1.154467821
6/08/2026 09:45,1.154601097,1.154734373,1.154467821,1.154601097
6/08/2026 10:00,1.154734373,1.154734373,1.154467821,1.154601097
6/08/2026 10:15,1.154601097,1.154601097,1.154467821,1.154601097
6/08/2026 10:30,1.154068112,1.154601097,1.154068112,1.154601097
6/08/2026 10:45,1.154201269,1.154334545,1.154068112,1.154068112
6/08/2026 11:00,1.154068112,1.154334545,1.154068112,1.154201269
6/08/2026 11:15,1.154467821,1.154467821,1.153934956,1.153934956
6/08/2026 11:30,1.154467821,1.154601097,1.154334545,1.154601097
6/08/2026 11:45,1.154467821,1.154601097,1.154334545,1.154467821
6/08/2026 12:00,1.154601097,1.154867768,1.154601097,1.154601097
6/08/2026 12:15,1.154867768,1.155001163,1.154601097,1.154734373
6/08/2026 12:30,1.154201269,1.154867768,1.154201269,1.154867768
6/08/2026 12:45,1.154867768,1.154867768,1.154201269,1.154201269
6/08/2026 13:00,1.154334545,1.154867768,1.154201269,1.154734373
6/08/2026 13:15,1.154601097,1.154734373,1.154467821,1.154467821
6/08/2026 13:30,1.154467821,1.154867768,1.154334545,1.154601097
6/08/2026 13:45,1.154201269,1.154601097,1.154068112,1.154601097
6/08/2026 14:00,1.154201269,1.154467821,1.153934956,1.154334545
6/08/2026 14:15,1.154201269,1.154334545,1.154068112,1.154201269
6/08/2026 14:30,1.154601097,1.154734373,1.154201269,1.154201269
6/08/2026 14:45,1.154734373,1.154734373,1.154201269,1.154467821
6/08/2026 15:00,1.153801799,1.154734373,1.153668642,1.154734373
6/08/2026 15:15,1.153801799,1.154201269,1.153801799,1.153934956
6/08/2026 15:30,1.153934956,1.154068112,1.153668642,1.153934956
6/08/2026 15:45,1.153801799,1.153801799,1.153402567,1.153801799
6/08/2026 16:00,1.153269529,1.153801799,1.153269529,1.153801799
6/08/2026 16:15,1.152737737,1.153136492,1.152472019,1.153136492
6/08/2026 16:30,1.152604818,1.152604818,1.15233922,1.152604818
6/08/2026 16:45,1.152472019,1.152737737,1.152206421,1.152737737
6/08/2026 17:00,1.15233922,1.152604818,1.152206421,1.15233922
6/08/2026 17:15,1.15233922,1.15233922,1.151941061,1.152206421
6/08/2026 17:30,1.152073741,1.15233922,1.152073741,1.152206421
6/08/2026 17:45,1.15233922,1.152472019,1.152206421,1.152206421
6/08/2026 18:00,1.15233922,1.152472019,1.152206421,1.152472019
6/08/2026 18:15,1.15233922,1.15233922,1.152073741,1.152206421
6/08/2026 18:30,1.152206421,1.15233922,1.152206421,1.152206421
6/08/2026 18:45,1.152604818,1.152604818,1.152206421,1.152206421
6/08/2026 19:00,1.152737737,1.152737737,1.152604818,1.152604818
6/08/2026 19:15,1.152604818,1.152737737,1.152604818,1.152737737
6/08/2026 19:30,1.152604818,1.152604818,1.152472019,1.152604818
6/08/2026 19:45,1.152737737,1.152737737,1.152472019,1.152472019
6/08/2026 20:00,1.152604818,1.152870655,1.152604818,1.152737737
6/08/2026 20:15,1.152206421,1.152737737,1.152206421,1.152604818
6/08/2026 20:30,1.152206421,1.152472019,1.152206421,1.15233922
6/08/2026 20:45,1.152604818,1.152870655,1.152206421,1.15233922
6/08/2026 21:00,1.152472019,1.152737737,1.152472019,1.152604818
6/08/2026 21:15,1.15233922,1.152472019,1.152206421,1.152472019
6/08/2026 21:30,1.152472019,1.152604818,1.15233922,1.152472019
6/08/2026 21:45,1.152737737,1.152737737,1.152472019,1.152472019
6/08/2026 22:00,1.152472019,1.153003573,1.15233922,1.153003573
6/08/2026 22:15,1.152737737,1.152737737,1.152206421,1.152472019
6/08/2026 22:30,1.152206421,1.152604818,1.152206421,1.152604818
6/08/2026 22:45,1.152472019,1.152604818,1.15233922,1.15233922
6/08/2026 23:00,1.152472019,1.152604818,1.152472019,1.152604818
6/08/2026 23:15,1.152604818,1.152604818,1.152472019,1.152604818
6/08/2026 23:30,1.152604818,1.152604818,1.152472019,1.152472019
6/08/2026 23:45,1.152472019,1.152604818,1.152472019,1.152604818
7/08/2026 00:00,1.152604818,1.152604818,1.152604818,1.152604818
7/08/2026 00:15,1.152737737,1.152737737,1.152604818,1.152737737
7/08/2026 00:30,1.152737737,1.152737737,1.152604818,1.152604818
7/08/2026 00:45,1.152737737,1.152737737,1.152737737,1.152737737
7/08/2026 01:00,1.152472019,1.152737737,1.152472019,1.152604818
7/08/2026 01:15,1.152472019,1.152604818,1.15233922,1.15233922
7/08/2026 01:30,1.152472019,1.152604818,1.15233922,1.152472019
7/08/2026 01:45,1.152206421,1.152472019,1.152206421,1.152472019
7/08/2026 02:00,1.152604818,1.152604818,1.152206421,1.15233922
7/08/2026 02:15,1.152472019,1.152604818,1.152472019,1.152472019
7/08/2026 02:30,1.152870655,1.152870655,1.15233922,1.152472019
7/08/2026 02:45,1.152472019,1.152870655,1.152472019,1.152870655
7/08/2026 03:00,1.152472019,1.152604818,1.152472019,1.152604818
7/08/2026 03:15,1.152604818,1.152604818,1.152472019,1.152472019
7/08/2026 03:30,1.152472019,1.152604818,1.152472019,1.152472019
7/08/2026 03:45,1.152472019,1.152737737,1.152472019,1.152472019
7/08/2026 04:00,1.152472019,1.152604818,1.15233922,1.152472019
7/08/2026 04:15,1.152472019,1.152472019,1.15233922,1.15233922
7/08/2026 04:30,1.152472019,1.152604818,1.152472019,1.152472019
7/08/2026 04:45,1.152604818,1.152604818,1.152472019,1.152472019
7/08/2026 05:00,1.152604818,1.152604818,1.152472019,1.152604818
7/08/2026 05:15,1.152604818,1.152604818,1.152472019,1.152604818
7/08/2026 05:30,1.152737737,1.152737737,1.152604818,1.152604818
7/08/2026 05:45,1.152737737,1.152737737,1.152604818,1.152737737
7/08/2026 06:00,1.152870655,1.152870655,1.152737737,1.152737737
7/08/2026 06:15,1.152472019,1.152870655,1.152472019,1.152870655
7/08/2026 06:30,1.152604818,1.152737737,1.152472019,1.152472019
7/08/2026 06:45,1.152604818,1.152737737,1.152604818,1.152737737
7/08/2026 07:00,1.152604818,1.152737737,1.152472019,1.152737737
7/08/2026 07:15,1.152737737,1.152870655,1.152604818,1.152737737
7/08/2026 07:30,1.152604818,1.152737737,1.152472019,1.152737737
7/08/2026 07:45,1.152604818,1.152737737,1.152472019,1.152604818
7/08/2026 08:00,1.152604818,1.152737737,1.152206421,1.152472019
7/08/2026 08:15,1.152604818,1.152737737,1.152604818,1.152737737
7/08/2026 08:30,1.15233922,1.152604818,1.15233922,1.152604818
7/08/2026 08:45,1.152604818,1.152604818,1.15233922,1.15233922
7/08/2026 09:00,1.152206421,1.152604818,1.152206421,1.152604818
7/08/2026 09:15,1.15233922,1.152472019,1.15233922,1.15233922
7/08/2026 09:30,1.152737737,1.152737737,1.15233922,1.15233922
7/08/2026 09:45,1.152604818,1.152870655,1.152604818,1.152737737
7/08/2026 10:00,1.153136492,1.153136492,1.152737737,1.152737737
7/08/2026 10:15,1.153136492,1.153269529,1.153003573,1.153269529
7/08/2026 10:30,1.153136492,1.153136492,1.153003573,1.153003573
7/08/2026 10:45,1.153136492,1.153402567,1.153136492,1.153136492
7/08/2026 11:00,1.153003573,1.153269529,1.153003573,1.153269529
7/08/2026 11:15,1.153136492,1.153136492,1.153003573,1.153136492
7/08/2026 11:30,1.152870655,1.153136492,1.152870655,1.153136492
7/08/2026 11:45,1.153003573,1.153269529,1.153003573,1.153003573
7/08/2026 12:00,1.153136492,1.153269529,1.153136492,1.153136492
7/08/2026 12:15,1.153003573,1.153269529,1.153003573,1.153136492
7/08/2026 12:30,1.153535604,1.153535604,1.153003573,1.153003573
7/08/2026 12:45,1.153668642,1.153668642,1.153535604,1.153535604
7/08/2026 13:00,1.153801799,1.154068112,1.153801799,1.153801799
7/08/2026 13:15,1.153402567,1.153801799,1.153269529,1.153801799
7/08/2026 13:30,1.157675385,1.157809496,1.156336784,1.156738043
7/08/2026 13:45,1.157675385,1.158211708,1.157541394,1.158211708
7/08/2026 14:00,1.157809496,1.157809496,1.15713954,1.157675385
7/08/2026 14:15,1.157407403,1.157675385,1.157005668,1.157541394
7/08/2026 14:30,1.157541394,1.157675385,1.156604171,1.157273531
7/08/2026 14:45,1.156069398,1.157541394,1.156069398,1.157541394
7/08/2026 15:00,1.156069398,1.156203032,1.155668497,1.156069398
7/08/2026 15:15,1.156069398,1.156738043,1.156069398,1.156069398
7/08/2026 15:30,1.155534983,1.156336784,1.155534983,1.155935645
7/08/2026 15:45,1.155668497,1.155802131,1.155401587,1.155668497
7/08/2026 16:00,1.156470418,1.156470418,1.155401587,1.155802131
7/08/2026 16:15,1.156069398,1.156738043,1.156069398,1.156336784
7/08/2026 16:30,1.156470418,1.156470418,1.155802131,1.155935645
7/08/2026 16:45,1.156203032,1.156604171,1.156069398,1.156470418
7/08/2026 17:00,1.156871796,1.156871796,1.156203032,1.156203032
7/08/2026 17:15,1.156604171,1.156738043,1.156470418,1.156738043
7/08/2026 17:30,1.156604171,1.156738043,1.156470418,1.156604171
7/08/2026 17:45,1.156203032,1.157005668,1.156203032,1.156738043
7/08/2026 18:00,1.156470418,1.156470418,1.156203032,1.156203032
7/08/2026 18:15,1.156470418,1.156604171,1.156336784,1.156470418
7/08/2026 18:30,1.156604171,1.156604171,1.156336784,1.156470418
7/08/2026 18:45,1.156470418,1.156604171,1.156470418,1.156604171
7/08/2026 19:00,1.156470418,1.156604171,1.156203032,1.156336784
7/08/2026 19:15,1.156470418,1.156604171,1.156336784,1.156470418
7/08/2026 19:30,1.156738043,1.156738043,1.156604171,1.156604171
7/08/2026 19:45,1.156738043,1.157005668,1.156738043,1.156738043
7/08/2026 20:00,1.156738043,1.157005668,1.156738043,1.156871796
7/08/2026 20:15,1.157273531,1.157273531,1.156871796,1.156871796
7/08/2026 20:30,1.157005668,1.157273531,1.157005668,1.157273531
7/08/2026 20:45,1.156470418,1.157005668,1.156470418,1.157005668
7/08/2026 21:00,1.156203032,1.156470418,1.156203032,1.156470418
7/08/2026 21:15,1.156069398,1.156203032,1.155935645,1.156203032
7/08/2026 21:30,1.156203032,1.156203032,1.155935645,1.155935645
7/08/2026 21:45,1.156069398,1.156336784,1.155935645,1.156069398
7/08/2026 22:00,1.156203032,1.156203032,1.156203032,1.156203032
7/08/2026 22:15,1.156203032,1.156203032,1.156203032,1.156203032
10/08/2026 00:00,1.156069398,1.156069398,1.155935645,1.155935645
10/08/2026 00:15,1.156069398,1.156203032,1.156069398,1.156203032
10/08/2026 00:30,1.156069398,1.156069398,1.155802131,1.156069398
10/08/2026 00:45,1.155935645,1.156203032,1.155935645,1.156203032
10/08/2026 01:00,1.156203032,1.156203032,1.155935645,1.156069398
10/08/2026 01:15,1.155935645,1.156203032,1.155802131,1.156203032
10/08/2026 01:30,1.155802131,1.155935645,1.155802131,1.155935645
10/08/2026 01:45,1.156069398,1.156203032,1.155802131,1.155802131
10/08/2026 02:00,1.155802131,1.156203032,1.155668497,1.156203032
10/08/2026 02:15,1.155935645,1.155935645,1.155802131,1.155802131
10/08/2026 02:30,1.155802131,1.155802131,1.155534983,1.155802131
10/08/2026 02:45,1.155668497,1.155802131,1.155668497,1.155668497
10/08/2026 03:00,1.155668497,1.155802131,1.155668497,1.155802131
10/08/2026 03:15,1.155802131,1.155802131,1.155668497,1.155668497
10/08/2026 03:30,1.155534983,1.155802131,1.155534983,1.155802131
10/08/2026 03:45,1.155534983,1.155668497,1.155534983,1.155534983
10/08/2026 04:00,1.155401587,1.155534983,1.155401587,1.155534983
10/08/2026 04:15,1.155401587,1.155534983,1.155401587,1.155401587
10/08/2026 04:30,1.155268073,1.155401587,1.155268073,1.155401587
10/08/2026 04:45,1.155268073,1.155401587,1.155268073,1.155268073
10/08/2026 05:00,1.155268073,1.155268073,1.155134559,1.155268073
10/08/2026 05:15,1.155401587,1.155401587,1.155268073,1.155268073
10/08/2026 05:30,1.155268073,1.155268073,1.155134559,1.155268073
10/08/2026 05:45,1.155534983,1.155534983,1.155401587,1.155401587
10/08/2026 06:00,1.155401587,1.155668497,1.155401587,1.155534983
10/08/2026 06:15,1.155401587,1.155534983,1.155401587,1.155401587
10/08/2026 06:30,1.155534983,1.155668497,1.155401587,1.155401587
10/08/2026 06:45,1.155802131,1.155935645,1.155534983,1.155534983
10/08/2026 07:00,1.155668497,1.155802131,1.155668497,1.155802131
10/08/2026 07:15,1.155935645,1.155935645,1.155802131,1.155802131
10/08/2026 07:30,1.155802131,1.155935645,1.155802131,1.155802131
10/08/2026 07:45,1.155802131,1.155802131,1.155668497,1.155802131
10/08/2026 08:00,1.155802131,1.155935645,1.155534983,1.155668497
10/08/2026 08:15,1.155935645,1.156069398,1.155668497,1.155668497
10/08/2026 08:30,1.156470418,1.156470418,1.155935645,1.156069398
10/08/2026 08:45,1.156470418,1.156871796,1.156203032,1.156871796
10/08/2026 09:00,1.156738043,1.156738043,1.156336784,1.156336784
10/08/2026 09:15,1.156738043,1.156871796,1.156738043,1.156871796
10/08/2026 09:30,1.156604171,1.156871796,1.156604171,1.156871796
10/08/2026 09:45,1.156470418,1.156604171,1.156470418,1.156604171
10/08/2026 10:00,1.156604171,1.156604171,1.156336784,1.156336784
10/08/2026 10:15,1.156604171,1.156738043,1.156470418,1.156738043
10/08/2026 10:30,1.156203032,1.156604171,1.156069398,1.156604171
10/08/2026 10:45,1.156069398,1.156336784,1.156069398,1.156336784
10/08/2026 11:00,1.155935645,1.155935645,1.155802131,1.155935645
10/08/2026 11:15,1.155935645,1.156069398,1.155935645,1.155935645
10/08/2026 11:30,1.155935645,1.156069398,1.155802131,1.156069398
10/08/2026 11:45,1.155935645,1.156069398,1.155802131,1.155935645
10/08/2026 12:00,1.155401587,1.155935645,1.155401587,1.155802131
10/08/2026 12:15,1.155401587,1.155668497,1.155401587,1.155534983
10/08/2026 12:30,1.155534983,1.155534983,1.155401587,1.155401587
10/08/2026 12:45,1.155534983,1.155534983,1.155268073,1.155401587
10/08/2026 13:00,1.155534983,1.155802131,1.155401587,1.155534983
10/08/2026 13:15,1.155134559,1.155534983,1.155134559,1.155401587
10/08/2026 13:30,1.155001163,1.155268073,1.155001163,1.155134559
10/08/2026 13:45,1.155134559,1.155268073,1.155001163,1.155001163
10/08/2026 14:00,1.155534983,1.155534983,1.154867768,1.155134559
10/08/2026 14:15,1.155668497,1.155668497,1.155401587,1.155534983
10/08/2026 14:30,1.155268073,1.155534983,1.155268073,1.155534983
10/08/2026 14:45,1.154867768,1.155134559,1.154734373,1.155134559
10/08/2026 15:00,1.155268073,1.155268073,1.154867768,1.154867768
10/08/2026 15:15,1.155668497,1.155668497,1.155134559,1.155268073
10/08/2026 15:30,1.155802131,1.155802131,1.155534983,1.155534983
10/08/2026 15:45,1.155401587,1.155802131,1.155401587,1.155802131
10/08/2026 16:00,1.155401587,1.155534983,1.155134559,1.155534983
10/08/2026 16:15,1.155134559,1.155668497,1.155001163,1.155534983
10/08/2026 16:30,1.155001163,1.155268073,1.155001163,1.155268073
10/08/2026 16:45,1.155534983,1.155534983,1.155001163,1.155001163
10/08/2026 17:00,1.155668497,1.155802131,1.155534983,1.155534983
10/08/2026 17:15,1.155534983,1.155534983,1.155268073,1.155534983
10/08/2026 17:30,1.155134559,1.155668497,1.155134559,1.155534983
10/08/2026 17:45,1.155134559,1.155134559,1.154867768,1.155001163
10/08/2026 18:00,1.154734373,1.155134559,1.154734373,1.155001163
10/08/2026 18:15,1.154734373,1.154867768,1.154467821,1.154867768
10/08/2026 18:30,1.154867768,1.155001163,1.154867768,1.154867768
10/08/2026 18:45,1.154601097,1.154867768,1.154601097,1.154867768
10/08/2026 19:00,1.154734373,1.154734373,1.154601097,1.154601097
10/08/2026 19:15,1.154601097,1.154734373,1.154467821,1.154734373
10/08/2026 19:30,1.154867768,1.154867768,1.154601097,1.154601097
10/08/2026 19:45,1.154601097,1.154734373,1.154334545,1.154734373
10/08/2026 20:00,1.154467821,1.154467821,1.154334545,1.154467821
10/08/2026 20:15,1.154467821,1.154601097,1.154467821,1.154467821
10/08/2026 20:30,1.154601097,1.154601097,1.154467821,1.154601097
10/08/2026 20:45,1.154467821,1.154601097,1.154467821,1.154601097
10/08/2026 21:00,1.154601097,1.154601097,1.154467821,1.154467821
10/08/2026 21:15,1.154467821,1.154601097,1.154467821,1.154601097
10/08/2026 21:30,1.154601097,1.154601097,1.154467821,1.154467821
10/08/2026 21:45,1.154601097,1.154601097,1.154467821,1.154601097
10/08/2026 22:00,1.154601097,1.154867768,1.154334545,1.154601097
10/08/2026 22:15,1.154734373,1.154734373,1.154601097,1.154734373
10/08/2026 22:30,1.154601097,1.154734373,1.154467821,1.154601097
10/08/2026 22:45,1.154467821,1.154734373,1.154467821,1.154734373
10/08/2026 23:00,1.154601097,1.154734373,1.154601097,1.154734373
10/08/2026 23:15,1.154601097,1.154601097,1.154467821,1.154601097
10/08/2026 23:30,1.154734373,1.154734373,1.154601097,1.154601097
10/08/2026 23:45,1.154734373,1.154734373,1.154601097,1.154601097
11/08/2026 00:00,1.154601097,1.154734373,1.154601097,1.154734373
11/08/2026 00:15,1.154601097,1.154734373,1.154601097,1.154601097
11/08/2026 00:30,1.154601097,1.154601097,1.154601097,1.154601097
11/08/2026 00:45,1.155001163,1.155001163,1.154734373,1.154734373
11/08/2026 01:00,1.155001163,1.155001163,1.154867768,1.155001163
11/08/2026 01:15,1.155134559,1.155134559,1.155001163,1.155001163
11/08/2026 01:30,1.155268073,1.155268073,1.155001163,1.155268073
11/08/2026 01:45,1.155001163,1.155268073,1.155001163,1.155268073
11/08/2026 02:00,1.155001163,1.155001163,1.154601097,1.154867768
11/08/2026 02:15,1.155134559,1.155268073,1.155001163,1.155001163
11/08/2026 02:30,1.155001163,1.155268073,1.155001163,1.155134559
11/08/2026 02:45,1.155001163,1.155268073,1.155001163,1.155001163
11/08/2026 03:00,1.154867768,1.155001163,1.154734373,1.155001163
11/08/2026 03:15,1.154467821,1.154867768,1.154467821,1.154867768
11/08/2026 03:30,1.154601097,1.154601097,1.154467821,1.154467821
11/08/2026 03:45,1.154334545,1.154467821,1.154201269,1.154467821
11/08/2026 04:00,1.154467821,1.154467821,1.154334545,1.154334545
11/08/2026 04:15,1.154734373,1.154734373,1.154467821,1.154467821
11/08/2026 04:30,1.154734373,1.154867768,1.154734373,1.154867768
11/08/2026 04:45,1.154601097,1.154734373,1.154601097,1.154734373
11/08/2026 05:00,1.154734373,1.154734373,1.154601097,1.154601097
11/08/2026 05:15,1.154867768,1.154867768,1.154734373,1.154734373
11/08/2026 05:30,1.154467821,1.154867768,1.154334545,1.154734373
11/08/2026 05:45,1.154601097,1.154601097,1.154334545,1.154467821
11/08/2026 06:00,1.154467821,1.154601097,1.154467821,1.154467821
11/08/2026 06:15,1.154467821,1.154467821,1.154334545,1.154467821
11/08/2026 06:30,1.154601097,1.154601097,1.154467821,1.154467821
11/08/2026 06:45,1.154467821,1.154601097,1.154201269,1.154601097
11/08/2026 07:00,1.154467821,1.154601097,1.154334545,1.154467821
11/08/2026 07:15,1.154068112,1.154467821,1.153934956,1.154467821
11/08/2026 07:30,1.154068112,1.154068112,1.153668642,1.154068112
11/08/2026 07:45,1.153934956,1.153934956,1.153801799,1.153934956
11/08/2026 08:00,1.154201269,1.154334545,1.154068112,1.154068112
11/08/2026 08:15,1.154068112,1.154201269,1.153934956,1.154068112
11/08/2026 08:30,1.153668642,1.154068112,1.153668642,1.154068112
11/08/2026 08:45,1.153535604,1.153801799,1.153535604,1.153668642
11/08/2026 09:00,1.153668642,1.153668642,1.153535604,1.153535604
11/08/2026 09:15,1.153668642,1.153668642,1.153535604,1.153535604
11/08/2026 09:30,1.154068112,1.154201269,1.153801799,1.153801799
11/08/2026 09:45,1.153934956,1.154201269,1.153934956,1.154068112
11/08/2026 10:00,1.153801799,1.153934956,1.153801799,1.153934956
11/08/2026 10:15,1.153668642,1.153801799,1.153668642,1.153801799
11/08/2026 10:30,1.153801799,1.153801799,1.153668642,1.153668642
11/08/2026 10:45,1.153934956,1.154068112,1.153668642,1.153668642
11/08/2026 11:00,1.153934956,1.154201269,1.153801799,1.153934956
11/08/2026 11:15,1.153934956,1.154068112,1.153668642,1.153934956
11/08/2026 11:30,1.153934956,1.154201269,1.153934956,1.153934956
11/08/2026 11:45,1.153934956,1.153934956,1.153801799,1.153934956
11/08/2026 12:00,1.154334545,1.154601097,1.153934956,1.153934956
11/08/2026 12:15,1.154201269,1.154467821,1.154201269,1.154467821
11/08/2026 12:30,1.154068112,1.154201269,1.154068112,1.154201269
11/08/2026 12:45,1.154068112,1.154068112,1.153934956,1.153934956
11/08/2026 13:00,1.154068112,1.154334545,1.153934956,1.154068112
11/08/2026 13:15,1.153934956,1.154201269,1.153801799,1.154068112
11/08/2026 13:30,1.154334545,1.154467821,1.154068112,1.154068112
11/08/2026 13:45,1.154601097,1.154601097,1.154334545,1.154467821
11/08/2026 14:00,1.154467821,1.154734373,1.154467821,1.154734373
11/08/2026 14:15,1.154601097,1.154734373,1.154467821,1.154467821
11/08/2026 14:30,1.154734373,1.154734373,1.154334545,1.154467821
11/08/2026 14:45,1.154734373,1.155134559,1.154734373,1.155001163
11/08/2026 15:00,1.154467821,1.154601097,1.154334545,1.154601097
11/08/2026 15:15,1.154201269,1.154601097,1.154201269,1.154467821
11/08/2026 15:30,1.154601097,1.154601097,1.154201269,1.154201269
11/08/2026 15:45,1.154601097,1.154601097,1.154334545,1.154601097
11/08/2026 16:00,1.154201269,1.154734373,1.154201269,1.154601097
11/08/2026 16:15,1.154334545,1.154334545,1.154068112,1.154068112
11/08/2026 16:30,1.154068112,1.154467821,1.154068112,1.154334545
11/08/2026 16:45,1.154601097,1.154601097,1.154201269,1.154201269
11/08/2026 17:00,1.154467821,1.154601097,1.154334545,1.154601097
11/08/2026 17:15,1.154467821,1.154467821,1.154334545,1.154467821
11/08/2026 17:30,1.154467821,1.154601097,1.154467821,1.154467821
11/08/2026 17:45,1.154334545,1.154467821,1.154334545,1.154467821
11/08/2026 18:00,1.153934956,1.154334545,1.153934956,1.154201269
11/08/2026 18:15,1.153934956,1.154068112,1.153801799,1.153934956
11/08/2026 18:30,1.154068112,1.154201269,1.153801799,1.153934956
11/08/2026 18:45,1.154068112,1.154201269,1.154068112,1.154068112
11/08/2026 19:00,1.153934956,1.154068112,1.153934956,1.154068112
11/08/2026 19:15,1.154068112,1.154068112,1.153934956,1.153934956
11/08/2026 19:30,1.154467821,1.154467821,1.153934956,1.153934956
11/08/2026 19:45,1.154334545,1.154601097,1.154334545,1.154467821
11/08/2026 20:00,1.154601097,1.154601097,1.154334545,1.154467821
11/08/2026 20:15,1.154601097,1.154601097,1.154334545,1.154467821
11/08/2026 20:30,1.154601097,1.154734373,1.154467821,1.154601097
11/08/2026 20:45,1.154601097,1.154601097,1.154601097,1.154601097
11/08/2026 21:00,1.154601097,1.154734373,1.154601097,1.154601097
11/08/2026 21:15,1.154467821,1.154601097,1.154467821,1.154601097
11/08/2026 21:30,1.154334545,1.154467821,1.154334545,1.154467821
11/08/2026 21:45,1.154601097,1.154601097,1.154201269,1.154201269
11/08/2026 22:00,1.154467821,1.154601097,1.154334545,1.154467821
11/08/2026 22:15,1.154334545,1.154601097,1.154334545,1.154467821
11/08/2026 22:30,1.154467821,1.154467821,1.154201269,1.154201269
11/08/2026 22:45,1.154467821,1.154601097,1.154334545,1.154334545
11/08/2026 23:00,1.154601097,1.154601097,1.154467821,1.154601097
11/08/2026 23:15,1.154601097,1.154601097,1.154467821,1.154601097
11/08/2026 23:30,1.154601097,1.154601097,1.154467821,1.154601097
11/08/2026 23:45,1.154734373,1.154734373,1.154601097,1.154601097
12/08/2026 00:00,1.154601097,1.154734373,1.154601097,1.154734373
12/08/2026 00:15,1.154601097,1.154601097,1.154601097,1.154601097
12/08/2026 00:30,1.154601097,1.154601097,1.154467821,1.154601097
12/08/2026 00:45,1.154601097,1.154734373,1.154601097,1.154601097
12/08/2026 01:00,1.154734373,1.154867768,1.154601097,1.154601097
12/08/2026 01:15,1.154734373,1.154734373,1.154734373,1.154734373
12/08/2026 01:30,1.154601097,1.154734373,1.154601097,1.154734373
12/08/2026 01:45,1.154334545,1.154601097,1.154334545,1.154601097
12/08/2026 02:00,1.154068112,1.154334545,1.154068112,1.154334545
12/08/2026 02:15,1.154068112,1.154201269,1.154068112,1.154068112
12/08/2026 02:30,1.154334545,1.154334545,1.154068112,1.154201269
12/08/2026 02:45,1.154201269,1.154334545,1.154201269,1.154334545
12/08/2026 03:00,1.154068112,1.154201269,1.154068112,1.154201269
12/08/2026 03:15,1.154068112,1.154068112,1.153934956,1.154068112
12/08/2026 03:30,1.154201269,1.154334545,1.154068112,1.154068112
12/08/2026 03:45,1.154068112,1.154201269,1.154068112,1.154201269
12/08/2026 04:00,1.154068112,1.154201269,1.154068112,1.154201269
12/08/2026 04:15,1.153934956,1.154068112,1.153934956,1.154068112
12/08/2026 04:30,1.153934956,1.154068112,1.153934956,1.153934956
12/08/2026 04:45,1.153801799,1.153934956,1.153801799,1.153934956
12/08/2026 05:00,1.153801799,1.153934956,1.153801799,1.153934956
12/08/2026 05:15,1.153668642,1.153801799,1.153668642,1.153801799
12/08/2026 05:30,1.153934956,1.153934956,1.153668642,1.153801799
12/08/2026 05:45,1.153934956,1.153934956,1.153801799,1.153934956
12/08/2026 06:00,1.153801799,1.153934956,1.153668642,1.153934956
12/08/2026 06:15,1.153668642,1.153668642,1.153535604,1.153668642
12/08/2026 06:30,1.153801799,1.153801799,1.153668642,1.153668642
12/08/2026 06:45,1.153668642,1.153801799,1.153668642,1.153668642
12/08/2026 07:00,1.153801799,1.153801799,1.153668642,1.153801799
12/08/2026 07:15,1.153934956,1.153934956,1.153801799,1.153801799
12/08/2026 07:30,1.153801799,1.153934956,1.153801799,1.153801799
12/08/2026 07:45,1.154068112,1.154068112,1.153801799,1.153934956
12/08/2026 08:00,1.154201269,1.154201269,1.153934956,1.154068112
12/08/2026 08:15,1.154068112,1.154201269,1.154068112,1.154201269
12/08/2026 08:30,1.154068112,1.154201269,1.154068112,1.154068112
12/08/2026 08:45,1.154068112,1.154201269,1.154068112,1.154068112
12/08/2026 09:00,1.153934956,1.154068112,1.153801799,1.154068112
12/08/2026 09:15,1.154068112,1.154201269,1.153934956,1.153934956
12/08/2026 09:30,1.154334545,1.154334545,1.154068112,1.154201269
12/08/2026 09:45,1.154068112,1.154334545,1.154068112,1.154334545
12/08/2026 10:00,1.154334545,1.154334545,1.154068112,1.154068112
12/08/2026 10:15,1.154601097,1.155268073,1.154334545,1.154467821
12/08/2026 10:30,1.154201269,1.154734373,1.154201269,1.154601097
12/08/2026 10:45,1.153934956,1.154334545,1.153934956,1.154201269
12/08/2026 11:00,1.153934956,1.154201269,1.153934956,1.153934956
12/08/2026 11:15,1.154201269,1.154201269,1.153934956,1.153934956
12/08/2026 11:30,1.153934956,1.154068112,1.153934956,1.154068112
12/08/2026 11:45,1.153801799,1.154068112,1.153535604,1.154068112
12/08/2026 12:00,1.153801799,1.154068112,1.153801799,1.153801799
12/08/2026 12:15,1.154201269,1.154201269,1.153801799,1.153934956
12/08/2026 12:30,1.154334545,1.154334545,1.154201269,1.154201269
12/08/2026 12:45,1.154734373,1.154867768,1.154467821,1.154467821
12/08/2026 13:00,1.154867768,1.154867768,1.154601097,1.154734373
12/08/2026 13:15,1.154734373,1.154867768,1.154601097,1.154867768
12/08/2026 13:30,1.156203032,1.156336784,1.153668642,1.153668642
12/08/2026 13:45,1.156069398,1.156203032,1.155668497,1.155935645
12/08/2026 14:00,1.155534983,1.156470418,1.155534983,1.156336784
12/08/2026 14:15,1.155668497,1.155802131,1.155401587,1.155401587
12/08/2026 14:30,1.155134559,1.155802131,1.155134559,1.155802131
12/08/2026 14:45,1.155534983,1.155668497,1.155001163,1.155001163
12/08/2026 15:00,1.155401587,1.155668497,1.155268073,1.155534983
12/08/2026 15:15,1.155268073,1.155668497,1.155268073,1.155268073
12/08/2026 15:30,1.154867768,1.155401587,1.154867768,1.155401587
12/08/2026 15:45,1.154467821,1.155001163,1.154201269,1.154867768
12/08/2026 16:00,1.154734373,1.154734373,1.154201269,1.154467821
12/08/2026 16:15,1.154334545,1.154601097,1.154334545,1.154467821
12/08/2026 16:30,1.153934956,1.154334545,1.153934956,1.154334545
12/08/2026 16:45,1.154334545,1.154334545,1.153801799,1.154068112
12/08/2026 17:00,1.154068112,1.154334545,1.153668642,1.154201269
12/08/2026 17:15,1.153535604,1.153801799,1.153535604,1.153801799
12/08/2026 17:30,1.153269529,1.153535604,1.153269529,1.153535604
12/08/2026 17:45,1.153136492,1.153402567,1.152870655,1.153402567
12/08/2026 18:00,1.153269529,1.153402567,1.153136492,1.153269529
12/08/2026 18:15,1.153136492,1.153136492,1.153003573,1.153136492
12/08/2026 18:30,1.152737737,1.153136492,1.152737737,1.153136492
12/08/2026 18:45,1.152472019,1.152870655,1.152472019,1.152737737
12/08/2026 19:00,1.152737737,1.152870655,1.15233922,1.152472019
12/08/2026 19:15,1.152870655,1.153003573,1.152737737,1.152737737
12/08/2026 19:30,1.152737737,1.152870655,1.152604818,1.152870655
12/08/2026 19:45,1.15233922,1.152737737,1.15233922,1.152737737
12/08/2026 20:00,1.152604818,1.152604818,1.152472019,1.152472019
12/08/2026 20:15,1.152604818,1.152870655,1.152604818,1.152604818
12/08/2026 20:30,1.152604818,1.152604818,1.152472019,1.152472019
12/08/2026 20:45,1.152604818,1.152604818,1.15233922,1.152604818
12/08/2026 21:00,1.152604818,1.152737737,1.152604818,1.152604818
12/08/2026 21:15,1.152604818,1.152604818,1.152472019,1.152604818
12/08/2026 21:30,1.152737737,1.152737737,1.152604818,1.152604818
12/08/2026 21:45,1.152870655,1.152870655,1.152737737,1.152870655
12/08/2026 22:00,1.152604818,1.153269529,1.152604818,1.153269529
12/08/2026 22:15,1.152737737,1.153003573,1.152472019,1.152472019
12/08/2026 22:30,1.152604818,1.152737737,1.152472019,1.152737737
12/08/2026 22:45,1.152604818,1.152737737,1.152604818,1.152604818
12/08/2026 23:00,1.152870655,1.152870655,1.152604818,1.152870655
12/08/2026 23:15,1.152737737,1.152870655,1.152737737,1.152870655
12/08/2026 23:30,1.153003573,1.153003573,1.152737737,1.152870655
12/08/2026 23:45,1.153003573,1.153003573,1.152870655,1.152870655
13/08/2026 00:00,1.153003573,1.153003573,1.153003573,1.153003573
13/08/2026 00:15,1.153136492,1.153136492,1.153003573,1.153003573
13/08/2026 00:30,1.153003573,1.153136492,1.153003573,1.153003573
13/08/2026 00:45,1.153136492,1.153136492,1.153003573,1.153003573
13/08/2026 01:00,1.153269529,1.153269529,1.153136492,1.153136492
13/08/2026 01:15,1.153269529,1.153269529,1.153136492,1.153136492
13/08/2026 01:30,1.153402567,1.153402567,1.153269529,1.153269529
13/08/2026 01:45,1.153136492,1.153402567,1.153003573,1.153402567
13/08/2026 02:00,1.153269529,1.153269529,1.153136492,1.153269529
13/08/2026 02:15,1.153269529,1.153402567,1.153269529,1.153269529
13/08/2026 02:30,1.153136492,1.153402567,1.153136492,1.153269529
13/08/2026 02:45,1.152737737,1.153136492,1.152737737,1.153136492
13/08/2026 03:00,1.152737737,1.152870655,1.152737737,1.152870655
13/08/2026 03:15,1.152604818,1.152737737,1.152604818,1.152737737
13/08/2026 03:30,1.15233922,1.152604818,1.15233922,1.152472019
13/08/2026 03:45,1.152604818,1.152604818,1.152472019,1.152472019
13/08/2026 04:00,1.152604818,1.152737737,1.152472019,1.152472019
13/08/2026 04:15,1.152604818,1.152604818,1.15233922,1.152472019
13/08/2026 04:30,1.152604818,1.152737737,1.152472019,1.152472019
13/08/2026 04:45,1.152604818,1.152604818,1.152472019,1.152604818
13/08/2026 05:00,1.152472019,1.152604818,1.152472019,1.152604818
13/08/2026 05:15,1.152472019,1.152472019,1.15233922,1.152472019
13/08/2026 05:30,1.152472019,1.152472019,1.152472019,1.152472019
13/08/2026 05:45,1.153003573,1.153003573,1.152604818,1.152604818
13/08/2026 06:00,1.152870655,1.153003573,1.152870655,1.152870655
13/08/2026 06:15,1.153003573,1.153136492,1.152870655,1.152870655
13/08/2026 06:30,1.152737737,1.153003573,1.152737737,1.153003573
13/08/2026 06:45,1.152870655,1.152870655,1.152737737,1.152737737
13/08/2026 07:00,1.152472019,1.152870655,1.15233922,1.152870655
13/08/2026 07:15,1.152073741,1.152604818,1.152073741,1.152472019
13/08/2026 07:30,1.151941061,1.151941061,1.15154314,1.151941061
13/08/2026 07:45,1.152073741,1.152206421,1.151941061,1.151941061
13/08/2026 08:00,1.152073741,1.15233922,1.152073741,1.152073741
13/08/2026 08:15,1.152472019,1.152472019,1.152073741,1.152073741
13/08/2026 08:30,1.152870655,1.152870655,1.15233922,1.152472019
13/08/2026 08:45,1.152870655,1.153136492,1.152737737,1.152870655
13/08/2026 09:00,1.152870655,1.152870655,1.152604818,1.152870655
13/08/2026 09:15,1.152870655,1.152870655,1.152737737,1.152870655
13/08/2026 09:30,1.153003573,1.153003573,1.152737737,1.152870655
13/08/2026 09:45,1.152737737,1.153136492,1.152737737,1.153003573
13/08/2026 10:00,1.153136492,1.153136492,1.152737737,1.152737737
13/08/2026 10:15,1.153402567,1.153535604,1.153136492,1.153136492
13/08/2026 10:30,1.153535604,1.153668642,1.153402567,1.153402567
13/08/2026 10:45,1.153801799,1.153801799,1.153402567,1.153535604
13/08/2026 11:00,1.153934956,1.153934956,1.153801799,1.153801799
13/08/2026 11:15,1.153934956,1.154068112,1.153801799,1.153801799
13/08/2026 11:30,1.154068112,1.154201269,1.154068112,1.154201269
13/08/2026 11:45,1.153934956,1.153934956,1.153801799,1.153934956
13/08/2026 12:00,1.154201269,1.154201269,1.153801799,1.153934956
13/08/2026 12:15,1.154068112,1.154201269,1.153934956,1.154201269
13/08/2026 12:30,1.153934956,1.154068112,1.153934956,1.154068112
13/08/2026 12:45,1.153668642,1.153934956,1.153668642,1.153934956
13/08/2026 13:00,1.153668642,1.153801799,1.153668642,1.153801799
13/08/2026 13:15,1.153402567,1.153535604,1.153402567,1.153535604
13/08/2026 13:30,1.153402567,1.153668642,1.152870655,1.153535604
13/08/2026 13:45,1.154734373,1.154734373,1.153535604,1.153535604
13/08/2026 14:00,1.154068112,1.154867768,1.154068112,1.154601097
13/08/2026 14:15,1.153801799,1.154467821,1.153801799,1.154334545
13/08/2026 14:30,1.153668642,1.153934956,1.153402567,1.153934956
13/08/2026 14:45,1.153801799,1.153801799,1.153535604,1.153801799
13/08/2026 15:00,1.154334545,1.154334545,1.153535604,1.153934956
13/08/2026 15:15,1.154334545,1.154867768,1.154334545,1.154601097
13/08/2026 15:30,1.154467821,1.154467821,1.154068112,1.154068112
13/08/2026 15:45,1.154734373,1.154734373,1.154201269,1.154334545
13/08/2026 16:00,1.154068112,1.154867768,1.154068112,1.154734373
13/08/2026 16:15,1.153668642,1.154201269,1.153668642,1.154201269
13/08/2026 16:30,1.153668642,1.153934956,1.153668642,1.153801799
13/08/2026 16:45,1.153402567,1.153801799,1.153402567,1.153801799
13/08/2026 17:00,1.153136492,1.153535604,1.153136492,1.153402567
13/08/2026 17:15,1.153003573,1.153136492,1.152870655,1.153136492
13/08/2026 17:30,1.153269529,1.153269529,1.152870655,1.152870655
13/08/2026 17:45,1.153269529,1.153402567,1.153269529,1.153269529
13/08/2026 18:00,1.153136492,1.153535604,1.153136492,1.153402567
13/08/2026 18:15,1.153003573,1.153269529,1.153003573,1.153136492
13/08/2026 18:30,1.153269529,1.153269529,1.153003573,1.153003573
13/08/2026 18:45,1.153136492,1.153269529,1.153136492,1.153269529
13/08/2026 19:00,1.153535604,1.153535604,1.153003573,1.153136492
13/08/2026 19:15,1.153269529,1.153535604,1.153269529,1.153535604
13/08/2026 19:30,1.153269529,1.153402567,1.153269529,1.153269529
13/08/2026 19:45,1.153269529,1.153402567,1.153269529,1.153269529
13/08/2026 20:00,1.153269529,1.153402567,1.153269529,1.153269529
13/08/2026 20:15,1.153535604,1.153535604,1.153269529,1.153269529
13/08/2026 20:30,1.153269529,1.153535604,1.153269529,1.153402567
13/08/2026 20:45,1.153136492,1.153269529,1.153136492,1.153136492
13/08/2026 21:00,1.153003573,1.153402567,1.153003573,1.153402567
13/08/2026 21:15,1.153136492,1.153136492,1.153003573,1.153003573
13/08/2026 21:30,1.153136492,1.153136492,1.153136492,1.153136492
13/08/2026 21:45,1.153269529,1.153535604,1.153136492,1.153136492
13/08/2026 22:00,1.153136492,1.153402567,1.152870655,1.153003573
13/08/2026 22:15,1.153269529,1.153269529,1.153003573,1.153003573
13/08/2026 22:30,1.153136492,1.153535604,1.153136492,1.153136492
13/08/2026 22:45,1.153136492,1.153269529,1.152870655,1.153269529
13/08/2026 23:00,1.153269529,1.153402567,1.153269529,1.153269529
13/08/2026 23:15,1.153402567,1.153535604,1.153269529,1.153269529
13/08/2026 23:30,1.153535604,1.153535604,1.153402567,1.153402567
13/08/2026 23:45,1.153535604,1.153535604,1.153402567,1.153535604
14/08/2026 00:00,1.153668642,1.153668642,1.153535604,1.153535604
14/08/2026 00:15,1.153535604,1.153668642,1.153535604,1.153668642
14/08/2026 00:30,1.153668642,1.153801799,1.153535604,1.153535604
14/08/2026 00:45,1.153668642,1.153801799,1.153668642,1.153668642
14/08/2026 01:00,1.153801799,1.153934956,1.153668642,1.153668642
14/08/2026 01:15,1.154068112,1.154068112,1.153801799,1.153801799
14/08/2026 01:30,1.154068112,1.154068112,1.153934956,1.153934956
14/08/2026 01:45,1.154201269,1.154201269,1.153934956,1.154068112
14/08/2026 02:00,1.153668642,1.154201269,1.153668642,1.154201269
14/08/2026 02:15,1.153801799,1.153801799,1.153535604,1.153801799
14/08/2026 02:30,1.153934956,1.154068112,1.153801799,1.153801799
14/08/2026 02:45,1.153801799,1.154068112,1.153801799,1.154068112
14/08/2026 03:00,1.153934956,1.153934956,1.153801799,1.153801799
14/08/2026 03:15,1.153934956,1.154068112,1.153801799,1.153934956
14/08/2026 03:30,1.154068112,1.154068112,1.153934956,1.153934956
14/08/2026 03:45,1.153668642,1.154068112,1.153668642,1.154068112
14/08/2026 04:00,1.153934956,1.153934956,1.153668642,1.153801799
14/08/2026 04:15,1.154201269,1.154201269,1.153934956,1.153934956
14/08/2026 04:30,1.154068112,1.154201269,1.154068112,1.154201269
14/08/2026 04:45,1.154068112,1.154068112,1.153934956,1.154068112
14/08/2026 05:00,1.154334545,1.154334545,1.154068112,1.154068112
14/08/2026 05:15,1.154068112,1.154334545,1.154068112,1.154334545
14/08/2026 05:30,1.154201269,1.154334545,1.154068112,1.154068112
14/08/2026 05:45,1.154201269,1.154334545,1.154201269,1.154201269
14/08/2026 06:00,1.154334545,1.154334545,1.154201269,1.154201269
14/08/2026 06:15,1.154467821,1.154467821,1.154334545,1.154334545
14/08/2026 06:30,1.154467821,1.154601097,1.154334545,1.154334545
14/08/2026 06:45,1.154467821,1.154467821,1.154334545,1.154467821
14/08/2026 07:00,1.154467821,1.154734373,1.154467821,1.154601097
14/08/2026 07:15,1.154334545,1.154467821,1.154201269,1.154334545
14/08/2026 07:30,1.154601097,1.154601097,1.154334545,1.154334545
14/08/2026 07:45,1.154734373,1.154734373,1.154467821,1.154734373
14/08/2026 08:00,1.154867768,1.155001163,1.154601097,1.154734373
14/08/2026 08:15,1.155001163,1.155001163,1.154867768,1.154867768
14/08/2026 08:30,1.155134559,1.155268073,1.154867768,1.155001163
14/08/2026 08:45,1.155401587,1.155401587,1.155268073,1.155268073
14/08/2026 09:00,1.155668497,1.155802131,1.155401587,1.155534983
14/08/2026 09:15,1.155668497,1.155802131,1.155401587,1.155802131
14/08/2026 09:30,1.155802131,1.156069398,1.155401587,1.155668497
14/08/2026 09:45,1.155935645,1.155935645,1.155668497,1.155802131
14/08/2026 10:00,1.155802131,1.156069398,1.155802131,1.155935645
14/08/2026 10:15,1.155802131,1.155935645,1.155668497,1.155802131
14/08/2026 10:30,1.155534983,1.155802131,1.155401587,1.155802131
14/08/2026 10:45,1.155668497,1.155802131,1.155534983,1.155668497
14/08/2026 11:00,1.155802131,1.155802131,1.155534983,1.155668497
14/08/2026 11:15,1.155668497,1.155802131,1.155668497,1.155802131
14/08/2026 11:30,1.155802131,1.155802131,1.155668497,1.155668497
14/08/2026 11:45,1.155802131,1.155935645,1.155802131,1.155802131
14/08/2026 12:00,1.156203032,1.156203032,1.155935645,1.155935645
14/08/2026 12:15,1.156604171,1.156738043,1.156203032,1.156336784
14/08/2026 12:30,1.157273531,1.157407403,1.156604171,1.156604171
14/08/2026 12:45,1.156871796,1.157273531,1.156871796,1.157273531
14/08/2026 13:00,1.156738043,1.157407403,1.156738043,1.157005668
14/08/2026 13:15,1.15713954,1.157407403,1.156871796,1.156871796
14/08/2026 13:30,1.157005668,1.158077598,1.157005668,1.157943487
14/08/2026 13:45,1.157005668,1.157273531,1.156738043,1.157005668
14/08/2026 14:00,1.156604171,1.157005668,1.156604171,1.157005668
14/08/2026 14:15,1.15713954,1.157273531,1.156604171,1.156738043
14/08/2026 14:30,1.158614278,1.158614278,1.15713954,1.15713954
14/08/2026 14:45,1.158211708,1.158748627,1.158077598,1.158480048
14/08/2026 15:00,1.158345819,1.158748627,1.158211708,1.158748627
14/08/2026 15:15,1.158882856,1.158882856,1.158211708,1.158211708
14/08/2026 15:30,1.158480048,1.158748627,1.158211708,1.158748627
14/08/2026 15:45,1.158345819,1.158480048,1.158211708,1.158480048
14/08/2026 16:00,1.158480048,1.158748627,1.158480048,1.158480048
14/08/2026 16:15,1.158345819,1.158480048,1.158077598,1.158345819
14/08/2026 16:30,1.158480048,1.158882856,1.158480048,1.158480048
14/08/2026 16:45,1.158345819,1.158882856,1.158345819,1.158480048
14/08/2026 17:00,1.157943487,1.158480048,1.157943487,1.158480048
14/08/2026 17:15,1.157943487,1.158345819,1.157943487,1.158077598
14/08/2026 17:30,1.157809496,1.158211708,1.157809496,1.157943487
14/08/2026 17:45,1.157407403,1.157809496,1.157407403,1.157809496
14/08/2026 18:00,1.157005668,1.157407403,1.157005668,1.157407403
14/08/2026 18:15,1.156871796,1.15713954,1.156738043,1.15713954
14/08/2026 18:30,1.156738043,1.156871796,1.156738043,1.156871796
14/08/2026 18:45,1.156738043,1.156871796,1.156604171,1.156738043
14/08/2026 19:00,1.156738043,1.156871796,1.156738043,1.156738043
14/08/2026 19:15,1.157005668,1.157005668,1.156604171,1.156738043
14/08/2026 19:30,1.156871796,1.157005668,1.156871796,1.157005668
14/08/2026 19:45,1.156871796,1.157005668,1.156738043,1.156871796
14/08/2026 20:00,1.15713954,1.15713954,1.156871796,1.157005668
14/08/2026 20:15,1.15713954,1.15713954,1.157005668,1.157005668
14/08/2026 20:30,1.157005668,1.157273531,1.156871796,1.157273531
14/08/2026 20:45,1.157005668,1.15713954,1.157005668,1.157005668
14/08/2026 21:00,1.15713954,1.157273531,1.15713954,1.15713954
14/08/2026 21:15,1.157273531,1.157273531,1.15713954,1.15713954
14/08/2026 21:30,1.15713954,1.157273531,1.15713954,1.157273531
14/08/2026 21:45,1.157273531,1.157407403,1.15713954,1.15713954
14/08/2026 22:00,1.157273531,1.157273531,1.157273531,1.157273531
14/08/2026 22:15,1.157273531,1.157273531,1.157273531,1.157273531
17/08/2026 00:00,1.157809496,1.157943487,1.157809496,1.157809496
17/08/2026 00:15,1.157809496,1.157809496,1.157809496,1.157809496
17/08/2026 00:30,1.157809496,1.157809496,1.157809496,1.157809496
17/08/2026 00:45,1.157675385,1.157943487,1.157675385,1.157943487
17/08/2026 01:00,1.158345819,1.158345819,1.157943487,1.157943487
17/08/2026 01:15,1.158345819,1.158345819,1.158211708,1.158211708
17/08/2026 01:30,1.158211708,1.158480048,1.158211708,1.158345819
17/08/2026 01:45,1.158345819,1.158345819,1.158211708,1.158211708
17/08/2026 02:00,1.158345819,1.158345819,1.158211708,1.158345819
17/08/2026 02:15,1.158480048,1.158614278,1.158211708,1.158345819
17/08/2026 02:30,1.158614278,1.158614278,1.158211708,1.158345819
17/08/2026 02:45,1.158614278,1.158748627,1.158480048,1.158614278
17/08/2026 03:00,1.158614278,1.158748627,1.158614278,1.158748627
17/08/2026 03:15,1.158748627,1.158748627,1.158614278,1.158614278
17/08/2026 03:30,1.158480048,1.158748627,1.158345819,1.158748627
17/08/2026 03:45,1.158345819,1.158480048,1.158211708,1.158480048
17/08/2026 04:00,1.158211708,1.158345819,1.158211708,1.158345819
17/08/2026 04:15,1.158345819,1.158345819,1.158211708,1.158345819
17/08/2026 04:30,1.158345819,1.158345819,1.158211708,1.158345819
17/08/2026 04:45,1.158748627,1.158748627,1.158345819,1.158345819
17/08/2026 05:00,1.159017205,1.159151554,1.158614278,1.158614278
17/08/2026 05:15,1.159017205,1.159017205,1.158882856,1.159017205
17/08/2026 05:30,1.159017205,1.159017205,1.158882856,1.159017205
17/08/2026 05:45,1.158882856,1.159017205,1.158748627,1.159017205
17/08/2026 06:00,1.158614278,1.158882856,1.158614278,1.158882856
17/08/2026 06:15,1.159017205,1.159017205,1.158614278,1.158614278
17/08/2026 06:30,1.159017205,1.159017205,1.158882856,1.159017205
17/08/2026 06:45,1.159017205,1.159285784,1.159017205,1.159017205
17/08/2026 07:00,1.158882856,1.159285784,1.158748627,1.159151554
17/08/2026 07:15,1.15955472,1.15955472,1.158882856,1.158882856
17/08/2026 07:30,1.159420252,1.159420252,1.159151554,1.159285784
17/08/2026 07:45,1.159958243,1.159958243,1.159689188,1.159689188
17/08/2026 08:00,1.160092831,1.160092831,1.159823656,1.159958243
17/08/2026 08:15,1.161035657,1.161035657,1.160092831,1.160092831
17/08/2026 08:30,1.161305308,1.161575079,1.161035657,1.161035657
17/08/2026 08:45,1.160900831,1.161170483,1.160900831,1.161170483
17/08/2026 09:00,1.161035657,1.161035657,1.160766125,1.161035657
17/08/2026 09:15,1.161710024,1.161710024,1.161035657,1.161170483
17/08/2026 09:30,1.160900831,1.161710024,1.160900831,1.161710024
17/08/2026 09:45,1.160227418,1.160900831,1.159958243,1.160900831
17/08/2026 10:00,1.160227418,1.160362005,1.160092831,1.160362005
17/08/2026 10:15,1.160496712,1.160496712,1.160227418,1.160227418
17/08/2026 10:30,1.160362005,1.160496712,1.160227418,1.160496712
17/08/2026 10:45,1.159958243,1.160362005,1.159958243,1.160362005
17/08/2026 11:00,1.159823656,1.159958243,1.15955472,1.159823656
17/08/2026 11:15,1.160092831,1.160092831,1.159689188,1.159958243
17/08/2026 11:30,1.159689188,1.159958243,1.159420252,1.159958243
17/08/2026 11:45,1.159420252,1.159689188,1.159285784,1.15955472
17/08/2026 12:00,1.159420252,1.159823656,1.159420252,1.159420252
17/08/2026 12:15,1.159420252,1.159420252,1.159151554,1.159420252
17/08/2026 12:30,1.159151554,1.159420252,1.159151554,1.159285784
17/08/2026 12:45,1.15955472,1.15955472,1.159151554,1.159151554
17/08/2026 13:00,1.15955472,1.159823656,1.15955472,1.15955472
17/08/2026 13:15,1.159420252,1.159823656,1.159285784,1.159420252
17/08/2026 13:30,1.159823656,1.159823656,1.159285784,1.159420252
17/08/2026 13:45,1.160092831,1.160092831,1.15955472,1.159689188
17/08/2026 14:00,1.159958243,1.160227418,1.159958243,1.160092831
17/08/2026 14:15,1.159958243,1.160227418,1.159823656,1.159958243
17/08/2026 14:30,1.159420252,1.160227418,1.159420252,1.160092831
17/08/2026 14:45,1.159823656,1.159823656,1.159151554,1.159285784
17/08/2026 15:00,1.159958243,1.159958243,1.159689188,1.159689188
17/08/2026 15:15,1.159689188,1.160227418,1.159420252,1.160092831
17/08/2026 15:30,1.159151554,1.159689188,1.159017205,1.15955472
17/08/2026 15:45,1.159017205,1.159285784,1.159017205,1.159151554
17/08/2026 16:00,1.158882856,1.159017205,1.158748627,1.159017205
17/08/2026 16:15,1.158882856,1.158882856,1.158614278,1.158882856
17/08/2026 16:30,1.158480048,1.158882856,1.158480048,1.158882856
17/08/2026 16:45,1.159285784,1.159285784,1.158480048,1.158480048
17/08/2026 17:00,1.159017205,1.159285784,1.158882856,1.159285784
17/08/2026 17:15,1.159151554,1.159420252,1.159151554,1.159151554
17/08/2026 17:30,1.159420252,1.15955472,1.159151554,1.159285784
17/08/2026 17:45,1.159151554,1.159420252,1.159151554,1.159285784
17/08/2026 18:00,1.159017205,1.159285784,1.159017205,1.159151554
17/08/2026 18:15,1.158748627,1.158882856,1.158614278,1.158882856
17/08/2026 18:30,1.158345819,1.158748627,1.158077598,1.158748627
17/08/2026 18:45,1.158077598,1.158345819,1.158077598,1.158345819
17/08/2026 19:00,1.158077598,1.158077598,1.157943487,1.157943487
17/08/2026 19:15,1.157809496,1.158077598,1.157675385,1.158077598
17/08/2026 19:30,1.157541394,1.157675385,1.157407403,1.157675385
17/08/2026 19:45,1.157541394,1.157675385,1.157541394,1.157541394
17/08/2026 20:00,1.158077598,1.158077598,1.157541394,1.157675385
17/08/2026 20:15,1.158211708,1.158211708,1.158077598,1.158077598
17/08/2026 20:30,1.158345819,1.158345819,1.158077598,1.158211708
17/08/2026 20:45,1.158211708,1.158345819,1.158077598,1.158345819
17/08/2026 21:00,1.158077598,1.158345819,1.158077598,1.158345819
17/08/2026 21:15,1.158077598,1.158211708,1.158077598,1.158077598
17/08/2026 21:30,1.158211708,1.158211708,1.158077598,1.158077598
17/08/2026 21:45,1.158345819,1.158345819,1.158211708,1.158211708
17/08/2026 22:00,1.158480048,1.158748627,1.158211708,1.158614278
17/08/2026 22:15,1.158211708,1.159017205,1.158211708,1.159017205
17/08/2026 22:30,1.158211708,1.158345819,1.157809496,1.157809496
17/08/2026 22:45,1.158077598,1.158345819,1.157809496,1.158077598
17/08/2026 23:00,1.158211708,1.158345819,1.158077598,1.158211708
17/08/2026 23:15,1.158345819,1.158345819,1.158077598,1.158211708
17/08/2026 23:30,1.158211708,1.158345819,1.158211708,1.158345819
17/08/2026 23:45,1.158211708,1.158345819,1.158211708,1.158211708
18/08/2026 00:00,1.158345819,1.158345819,1.158211708,1.158211708
18/08/2026 00:15,1.158480048,1.158480048,1.158345819,1.158345819
18/08/2026 00:30,1.158614278,1.158614278,1.158480048,1.158480048
18/08/2026 00:45,1.158614278,1.158748627,1.158614278,1.158614278
18/08/2026 01:00,1.158614278,1.158748627,1.158614278,1.158614278
18/08/2026 01:15,1.158345819,1.158748627,1.158345819,1.158614278
18/08/2026 01:30,1.158480048,1.158480048,1.158077598,1.158211708
18/08/2026 01:45,1.158614278,1.158614278,1.158345819,1.158345819
18/08/2026 02:00,1.158882856,1.158882856,1.158480048,1.158614278
18/08/2026 02:15,1.158480048,1.158748627,1.158345819,1.158748627
18/08/2026 02:30,1.158480048,1.158748627,1.158480048,1.158480048
18/08/2026 02:45,1.158211708,1.158480048,1.158211708,1.158345819
18/08/2026 03:00,1.158077598,1.158211708,1.158077598,1.158211708
18/08/2026 03:15,1.158077598,1.158077598,1.157943487,1.158077598
18/08/2026 03:30,1.157943487,1.158077598,1.157943487,1.157943487
18/08/2026 03:45,1.158345819,1.158345819,1.157943487,1.157943487
18/08/2026 04:00,1.158077598,1.158211708,1.158077598,1.158211708
18/08/2026 04:15,1.157943487,1.158077598,1.157809496,1.158077598
18/08/2026 04:30,1.157675385,1.157809496,1.157541394,1.157809496
18/08/2026 04:45,1.157675385,1.157675385,1.157541394,1.157675385
18/08/2026 05:00,1.157407403,1.157675385,1.157407403,1.157675385
18/08/2026 05:15,1.157541394,1.157675385,1.157407403,1.157407403
18/08/2026 05:30,1.157675385,1.157675385,1.157407403,1.157541394
18/08/2026 05:45,1.157541394,1.157809496,1.157541394,1.157675385
18/08/2026 06:00,1.157273531,1.157541394,1.157273531,1.157407403
18/08/2026 06:15,1.157675385,1.157675385,1.157407403,1.157407403
18/08/2026 06:30,1.157675385,1.157675385,1.157407403,1.157541394
18/08/2026 06:45,1.157675385,1.157809496,1.157541394,1.157541394
18/08/2026 07:00,1.157273531,1.157541394,1.15713954,1.157541394
18/08/2026 07:15,1.157541394,1.157541394,1.157273531,1.157273531
18/08/2026 07:30,1.157407403,1.157541394,1.15713954,1.157407403
18/08/2026 07:45,1.157541394,1.157541394,1.157273531,1.157273531
18/08/2026 08:00,1.157407403,1.157809496,1.157407403,1.157675385
18/08/2026 08:15,1.157809496,1.157809496,1.157273531,1.157541394
18/08/2026 08:30,1.157943487,1.157943487,1.157675385,1.157809496
18/08/2026 08:45,1.157675385,1.158077598,1.157675385,1.157943487
18/08/2026 09:00,1.157541394,1.157675385,1.157407403,1.157541394
18/08/2026 09:15,1.157541394,1.157541394,1.157273531,1.157407403
18/08/2026 09:30,1.157809496,1.157809496,1.157541394,1.157541394
18/08/2026 09:45,1.157943487,1.158077598,1.157809496,1.157809496
18/08/2026 10:00,1.157809496,1.157943487,1.157675385,1.157809496
18/08/2026 10:15,1.158077598,1.158077598,1.157675385,1.157675385
18/08/2026 10:30,1.157943487,1.158211708,1.157675385,1.158211708
18/08/2026 10:45,1.158211708,1.158211708,1.157943487,1.157943487
18/08/2026 11:00,1.157809496,1.158211708,1.157809496,1.158211708
18/08/2026 11:15,1.157943487,1.157943487,1.157809496,1.157809496
18/08/2026 11:30,1.157809496,1.158077598,1.157809496,1.158077598
18/08/2026 11:45,1.157943487,1.158077598,1.157809496,1.157943487
18/08/2026 12:00,1.157809496,1.157943487,1.157809496,1.157943487
18/08/2026 12:15,1.157675385,1.157809496,1.157675385,1.157809496
18/08/2026 12:30,1.157809496,1.157809496,1.157541394,1.157809496
18/08/2026 12:45,1.158077598,1.158077598,1.157675385,1.157809496
18/08/2026 13:00,1.158077598,1.158211708,1.157943487,1.157943487
18/08/2026 13:15,1.157809496,1.158211708,1.157809496,1.158077598
18/08/2026 13:30,1.157809496,1.157809496,1.157541394,1.157675385
18/08/2026 13:45,1.157809496,1.158211708,1.157675385,1.157675385
18/08/2026 14:00,1.158211708,1.158345819,1.157943487,1.157943487
18/08/2026 14:15,1.157809496,1.158077598,1.157809496,1.158077598
18/08/2026 14:30,1.158345819,1.158748627,1.157675385,1.157675385
18/08/2026 14:45,1.158345819,1.158614278,1.158211708,1.158345819
18/08/2026 15:00,1.158614278,1.159017205,1.158480048,1.158748627
18/08/2026 15:15,1.158748627,1.159151554,1.158614278,1.158748627
18/08/2026 15:30,1.158748627,1.158882856,1.158480048,1.158748627
18/08/2026 15:45,1.158480048,1.159151554,1.158480048,1.158882856
18/08/2026 16:00,1.158077598,1.158882856,1.158077598,1.158480048
18/08/2026 16:15,1.158211708,1.158480048,1.158077598,1.158077598
18/08/2026 16:30,1.158211708,1.158345819,1.158077598,1.158077598
18/08/2026 16:45,1.158211708,1.158480048,1.158211708,1.158345819
18/08/2026 17:00,1.158614278,1.158748627,1.158211708,1.158480048
18/08/2026 17:15,1.158480048,1.158882856,1.158480048,1.158614278
18/08/2026 17:30,1.158480048,1.158480048,1.158211708,1.158480048
18/08/2026 17:45,1.158345819,1.158614278,1.158345819,1.158480048
18/08/2026 18:00,1.157943487,1.158345819,1.157943487,1.158345819
18/08/2026 18:15,1.158077598,1.158077598,1.157943487,1.157943487
18/08/2026 18:30,1.158077598,1.158077598,1.157809496,1.157809496
18/08/2026 18:45,1.158077598,1.158077598,1.157943487,1.157943487
18/08/2026 19:00,1.158077598,1.158077598,1.157809496,1.157943487
18/08/2026 19:15,1.158077598,1.158211708,1.158077598,1.158077598
18/08/2026 19:30,1.157809496,1.158077598,1.157809496,1.158077598
18/08/2026 19:45,1.157943487,1.157943487,1.157809496,1.157809496
18/08/2026 20:00,1.158077598,1.158077598,1.157809496,1.157943487
18/08/2026 20:15,1.157943487,1.158077598,1.157943487,1.158077598
18/08/2026 20:30,1.158211708,1.158345819,1.158077598,1.158077598
18/08/2026 20:45,1.157809496,1.158211708,1.157809496,1.158211708
18/08/2026 21:00,1.157675385,1.157809496,1.157541394,1.157675385
18/08/2026 21:15,1.157675385,1.157675385,1.157541394,1.157675385
18/08/2026 21:30,1.157675385,1.157809496,1.157675385,1.157675385
18/08/2026 21:45,1.157943487,1.157943487,1.157675385,1.157675385
18/08/2026 22:00,1.158077598,1.158077598,1.157675385,1.157675385
18/08/2026 22:15,1.158211708,1.158345819,1.157943487,1.158077598
18/08/2026 22:30,1.157943487,1.158211708,1.157943487,1.158211708
18/08/2026 22:45,1.157943487,1.157943487,1.157675385,1.157943487
18/08/2026 23:00,1.157809496,1.157943487,1.157809496,1.157943487
18/08/2026 23:15,1.157943487,1.157943487,1.157809496,1.157809496
18/08/2026 23:30,1.157809496,1.157943487,1.157809496,1.157943487
18/08/2026 23:45,1.157943487,1.158077598,1.157943487,1.157943487
19/08/2026 00:00,1.158077598,1.158211708,1.158077598,1.158077598
19/08/2026 00:15,1.157809496,1.158077598,1.157809496,1.158077598
19/08/2026 00:30,1.157675385,1.157943487,1.157675385,1.157809496
19/08/2026 00:45,1.157943487,1.157943487,1.157809496,1.157809496
19/08/2026 01:00,1.158345819,1.158480048,1.157943487,1.157943487
19/08/2026 01:15,1.158211708,1.158480048,1.158211708,1.158345819
19/08/2026 01:30,1.157809496,1.158345819,1.157809496,1.158345819
19/08/2026 01:45,1.157809496,1.158077598,1.157675385,1.157809496
19/08/2026 02:00,1.157541394,1.157809496,1.157541394,1.157809496
19/08/2026 02:15,1.157675385,1.157675385,1.157407403,1.157541394
19/08/2026 02:30,1.158077598,1.158077598,1.157809496,1.157809496
19/08/2026 02:45,1.158077598,1.158077598,1.157809496,1.158077598
19/08/2026 03:00,1.158345819,1.158345819,1.157943487,1.158077598
19/08/2026 03:15,1.158614278,1.158748627,1.158077598,1.158077598
19/08/2026 03:30,1.158882856,1.158882856,1.158480048,1.158614278
19/08/2026 03:45,1.158614278,1.159017205,1.158480048,1.158882856
19/08/2026 04:00,1.158748627,1.158748627,1.158614278,1.158614278
19/08/2026 04:15,1.158748627,1.158882856,1.158614278,1.158882856
19/08/2026 04:30,1.158614278,1.158748627,1.158480048,1.158748627
19/08/2026 04:45,1.158480048,1.158614278,1.158480048,1.158614278
19/08/2026 05:00,1.158748627,1.158748627,1.158480048,1.158480048
19/08/2026 05:15,1.158614278,1.158748627,1.158614278,1.158748627
19/08/2026 05:30,1.158614278,1.158882856,1.158614278,1.158748627
19/08/2026 05:45,1.158882856,1.158882856,1.158614278,1.158614278
19/08/2026 06:00,1.159017205,1.159017205,1.158748627,1.159017205
19/08/2026 06:15,1.159017205,1.159017205,1.158882856,1.159017205
19/08/2026 06:30,1.159151554,1.159151554,1.158882856,1.159017205
19/08/2026 06:45,1.159151554,1.159285784,1.159017205,1.159017205
19/08/2026 07:00,1.159285784,1.159420252,1.159285784,1.159285784
19/08/2026 07:15,1.160092831,1.160092831,1.159420252,1.159420252
19/08/2026 07:30,1.159958243,1.160092831,1.159823656,1.160092831
19/08/2026 07:45,1.159823656,1.160092831,1.159823656,1.159958243
19/08/2026 08:00,1.159689188,1.159958243,1.15955472,1.159958243
19/08/2026 08:15,1.159823656,1.159823656,1.15955472,1.15955472
19/08/2026 08:30,1.159689188,1.160092831,1.159689188,1.159958243
19/08/2026 08:45,1.159958243,1.160092831,1.159689188,1.159689188
19/08/2026 09:00,1.160766125,1.160766125,1.159958243,1.159958243
19/08/2026 09:15,1.160227418,1.160766125,1.160092831,1.160766125
19/08/2026 09:30,1.160496712,1.160496712,1.160092831,1.160227418
19/08/2026 09:45,1.160092831,1.160631418,1.160092831,1.160631418
19/08/2026 10:00,1.160362005,1.160496712,1.159958243,1.160092831
19/08/2026 10:15,1.160766125,1.160766125,1.160227418,1.160362005
19/08/2026 10:30,1.160900831,1.160900831,1.160766125,1.160766125
19/08/2026 10:45,1.161035657,1.161035657,1.160900831,1.160900831
19/08/2026 11:00,1.161305308,1.161305308,1.160900831,1.160900831
19/08/2026 11:15,1.161440134,1.161440134,1.161305308,1.161305308
19/08/2026 11:30,1.161440134,1.161440134,1.161305308,1.161440134
19/08/2026 11:45,1.161035657,1.161575079,1.161035657,1.161440134
19/08/2026 12:00,1.160900831,1.161170483,1.160631418,1.161035657
19/08/2026 12:15,1.160766125,1.160900831,1.160766125,1.160900831
19/08/2026 12:30,1.160362005,1.160900831,1.160362005,1.160900831
19/08/2026 12:45,1.160631418,1.160766125,1.160496712,1.160496712
19/08/2026 13:00,1.160900831,1.160900831,1.160631418,1.160766125
19/08/2026 13:15,1.161035657,1.161305308,1.160900831,1.160900831
19/08/2026 13:30,1.163061261,1.163196445,1.161035657,1.161035657
19/08/2026 13:45,1.164008856,1.164551139,1.163196445,1.163331747
19/08/2026 14:00,1.165229559,1.165365338,1.164279938,1.164279938
19/08/2026 14:15,1.165637016,1.165637016,1.16482234,1.16509378
19/08/2026 14:30,1.165908813,1.166044831,1.165229559,1.165908813
19/08/2026 14:45,1.166044831,1.166044831,1.165501237,1.165637016
19/08/2026 15:00,1.166725039,1.166997313,1.165772915,1.166044831
19/08/2026 15:15,1.167406082,1.167406082,1.166861176,1.166861176
19/08/2026 15:30,1.167951465,1.16808784,1.167406082,1.167406082
19/08/2026 15:45,1.166588902,1.167951465,1.166588902,1.167951465
19/08/2026 16:00,1.166725039,1.166861176,1.166316748,1.166725039
19/08/2026 16:15,1.166316748,1.166861176,1.166044831,1.166861176
19/08/2026 16:30,1.167133451,1.167133451,1.166316748,1.166316748
19/08/2026 16:45,1.166725039,1.166997313,1.166452885,1.166861176
19/08/2026 17:00,1.167406082,1.167406082,1.166861176,1.166861176
19/08/2026 17:15,1.167133451,1.167406082,1.166997313,1.167406082
19/08/2026 17:30,1.167269707,1.167406082,1.167133451,1.167133451
19/08/2026 17:45,1.167406082,1.167406082,1.167269707,1.167269707