timestamp,open,high,low,close,signal,pending_signal,position_before,position_after,execution_price,trade_opened,trade_closed,trade_direction,trade_entry_price,trade_exit_price,trade_gross_pnl,trade_cost,cash_before,cash_after,unrealized_pnl,equity
2021-09-10 20:15:00,1.18123,1.18127,1.18111,1.18117,1,,0,0,,False,False,,,,,,10000.0,10000.0,0.0,10000.0
2021-09-10 20:30:00,1.18117,1.18125,1.18098,1.18103,1,1.0,0,1,1.18117,True,False,,,,,,10000.0,9999.99992,-0.000140000000000029,9999.99978
2021-09-10 20:45:00,1.18104,1.18121,1.18092,1.18101,1,1.0,1,1,1.18104,False,False,,,,,,9999.99992,9999.99992,-0.00016000000000016001,9999.99976
2021-09-12 21:00:00,1.18111,1.18147,1.1811,1.18139,1,1.0,1,1,1.18111,False,False,,,,,,9999.99992,9999.99992,0.00021999999999988695,10000.00014
2021-09-12 21:15:00,1.18139,1.18145,1.18132,1.18143,1,1.0,1,1,1.18139,False,False,,,,,,9999.99992,9999.99992,0.00025999999999992696,10000.000180000001
2021-09-12 21:30:00,1.1814,1.18145,1.18139,1.18141,1,1.0,1,1,1.1814,False,False,,,,,,9999.99992,9999.99992,0.00024000000000001798,10000.00016
2021-09-12 21:45:00,1.1814,1.18157,1.18137,1.18139,1,1.0,1,1,1.1814,False,False,,,,,,9999.99992,9999.99992,0.00021999999999988695,10000.00014
2021-09-12 22:00:00,1.18147,1.18147,1.181,1.18129,1,1.0,1,1,1.18147,False,False,,,,,,9999.99992,9999.99992,0.00011999999999989797,10000.00004
2021-09-12 22:15:00,1.18126,1.18127,1.18087,1.18088,1,1.0,1,1,1.18126,False,False,,,,,,9999.99992,9999.99992,-0.0002900000000001235,9999.99963
2021-09-12 22:30:00,1.18089,1.18116,1.18089,1.18108,1,1.0,1,1,1.18089,False,False,,,,,,9999.99992,9999.99992,-9.000000000014552e-05,9999.99983
2021-09-12 22:45:00,1.1811,1.1813,1.18107,1.18119,1,1.0,1,1,1.1811,False,False,,,,,,9999.99992,9999.99992,1.999999999990898e-05,9999.99994
2021-09-12 23:00:00,1.18121,1.18125,1.18112,1.18118,1,1.0,1,1,1.18121,False,False,,,,,,9999.99992,9999.99992,9.999999999843467e-06,9999.99993
2021-09-12 23:15:00,1.18118,1.18125,1.18117,1.18118,1,1.0,1,1,1.18118,False,False,,,,,,9999.99992,9999.99992,9.999999999843467e-06,9999.99993
2021-09-12 23:30:00,1.18118,1.18128,1.18116,1.1812,1,1.0,1,1,1.18118,False,False,,,,,,9999.99992,9999.99992,2.999999999997449e-05,9999.99995
2021-09-12 23:45:00,1.1812,1.18124,1.18102,1.18115,1,1.0,1,1,1.1812,False,False,,,,,,9999.99992,9999.99992,-2.0000000000131024e-05,9999.9999
2021-09-13 00:00:00,1.18114,1.18127,1.18082,1.18093,1,1.0,1,1,1.18114,False,False,,,,,,9999.99992,9999.99992,-0.00024000000000001798,9999.99968
2021-09-13 00:15:00,1.18091,1.18104,1.18073,1.18074,1,1.0,1,1,1.18091,False,False,,,,,,9999.99992,9999.99992,-0.0004300000000001525,9999.99949
2021-09-13 00:30:00,1.18075,1.18089,1.18058,1.18084,1,1.0,1,1,1.18075,False,False,,,,,,9999.99992,9999.99992,-0.0003300000000001635,9999.99959
2021-09-13 00:45:00,1.18084,1.18086,1.18046,1.18051,1,1.0,1,1,1.18084,False,False,,,,,,9999.99992,9999.99992,-0.000660000000000105,9999.99926
2021-09-13 01:00:00,1.18051,1.18055,1.18026,1.18054,1,1.0,1,1,1.18051,False,False,,,,,,9999.99992,9999.99992,-0.0006300000000001305,9999.99929
2021-09-13 01:15:00,1.18056,1.18059,1.18024,1.18027,1,1.0,1,1,1.18056,False,False,,,,,,9999.99992,9999.99992,-0.0009000000000001229,9999.999020000001
2021-09-13 01:30:00,1.18027,1.18056,1.18026,1.18055,1,1.0,1,1,1.18027,False,False,,,,,,9999.99992,9999.99992,-0.0006200000000000649,9999.9993
2021-09-13 01:45:00,1.18055,1.18064,1.18021,1.18028,1,1.0,1,1,1.18055,False,False,,,,,,9999.99992,9999.99992,-0.0008900000000000574,9999.99903
2021-09-13 02:00:00,1.18028,1.18049,1.18022,1.18038,1,1.0,1,1,1.18028,False,False,,,,,,9999.99992,9999.99992,-0.0007900000000000684,9999.99913
2021-09-13 02:15:00,1.18039,1.18046,1.18025,1.18038,1,1.0,1,1,1.18039,False,False,,,,,,9999.99992,9999.99992,-0.0007900000000000684,9999.99913
2021-09-13 02:30:00,1.18039,1.18051,1.1803,1.18032,1,1.0,1,1,1.18039,False,False,,,,,,9999.99992,9999.99992,-0.0008500000000000174,9999.99907
2021-09-13 02:45:00,1.18033,1.18049,1.18021,1.18048,1,1.0,1,1,1.18033,False,False,,,,,,9999.99992,9999.99992,-0.0006900000000000794,9999.99923
2021-09-13 03:00:00,1.18047,1.18059,1.18028,1.18052,1,1.0,1,1,1.18047,False,False,,,,,,9999.99992,9999.99992,-0.0006500000000000394,9999.99927
2021-09-13 03:15:00,1.18051,1.18067,1.18048,1.18064,1,1.0,1,1,1.18051,False,False,,,,,,9999.99992,9999.99992,-0.0005300000000001415,9999.99939
2021-09-13 03:30:00,1.18063,1.18063,1.18051,1.18055,1,1.0,1,1,1.18063,False,False,,,,,,9999.99992,9999.99992,-0.0006200000000000649,9999.9993
2021-09-13 03:45:00,1.18058,1.18062,1.18047,1.18048,1,1.0,1,1,1.18058,False,False,,,,,,9999.99992,9999.99992,-0.0006900000000000794,9999.99923
2021-09-13 04:00:00,1.18049,1.18058,1.18037,1.18049,1,1.0,1,1,1.18049,False,False,,,,,,9999.99992,9999.99992,-0.0006800000000000139,9999.999240000001
2021-09-13 04:15:00,1.1805,1.1805,1.18037,1.18039,1,1.0,1,1,1.1805,False,False,,,,,,9999.99992,9999.99992,-0.0007800000000000029,9999.99914
2021-09-13 04:30:00,1.18038,1.18038,1.18006,1.18009,1,1.0,1,1,1.18038,False,False,,,,,,9999.99992,9999.99992,-0.0010799999999999699,9999.99884
2021-09-13 04:45:00,1.18011,1.18011,1.17937,1.17954,1,1.0,1,1,1.18011,False,False,,,,,,9999.99992,9999.99992,-0.0016300000000000203,9999.99829
2021-09-13 05:00:00,1.17955,1.17958,1.17901,1.17908,1,1.0,1,1,1.17955,False,False,,,,,,9999.99992,9999.99992,-0.0020900000000001473,9999.99783
2021-09-13 05:15:00,1.17907,1.17924,1.17877,1.17894,1,1.0,1,1,1.17907,False,False,,,,,,9999.99992,9999.99992,-0.0022299999999999542,9999.99769
2021-09-13 05:30:00,1.17896,1.17914,1.17888,1.17909,1,1.0,1,1,1.17896,False,False,,,,,,9999.99992,9999.99992,-0.002080000000000082,9999.99784
2021-09-13 05:45:00,1.1791,1.17954,1.17909,1.17932,1,1.0,1,1,1.1791,False,False,,,,,,9999.99992,9999.99992,-0.0018500000000001293,9999.99807
2021-09-13 06:00:00,1.17933,1.1795,1.17893,1.17901,1,1.0,1,1,1.17933,False,False,,,,,,9999.99992,9999.99992,-0.002160000000000162,9999.99776
2021-09-13 06:15:00,1.17898,1.17919,1.17842,1.1786,1,1.0,1,1,1.17898,False,False,,,,,,9999.99992,9999.99992,-0.002569999999999961,9999.99735
2021-09-13 06:30:00,1.17858,1.17898,1.17822,1.17892,1,1.0,1,1,1.17858,False,False,,,,,,9999.99992,9999.99992,-0.0022500000000000853,9999.99767
2021-09-13 06:45:00,1.17891,1.17894,1.17789,1.17794,1,1.0,1,1,1.17891,False,False,,,,,,9999.99992,9999.99992,-0.003230000000000066,9999.99669
2021-09-13 07:00:00,1.17793,1.17833,1.17748,1.17777,1,1.0,1,1,1.17793,False,False,,,,,,9999.99992,9999.99992,-0.0034000000000000696,9999.99652
2021-09-13 07:15:00,1.17776,1.17849,1.17762,1.17838,1,1.0,1,1,1.17776,False,False,,,,,,9999.99992,9999.99992,-0.00279000000000007,9999.99713
2021-09-13 07:30:00,1.17839,1.17855,1.1783,1.1785,1,1.0,1,1,1.17839,False,False,,,,,,9999.99992,9999.99992,-0.00266999999999995,9999.99725
2021-09-13 07:45:00,1.17851,1.17877,1.1783,1.17865,1,1.0,1,1,1.17851,False,False,,,,,,9999.99992,9999.99992,-0.0025200000000000777,9999.9974
2021-09-13 08:00:00,1.17866,1.17866,1.17829,1.17863,1,1.0,1,1,1.17866,False,False,,,,,,9999.99992,9999.99992,-0.0025399999999999867,9999.99738
2021-09-13 08:15:00,1.17862,1.17884,1.17835,1.17861,1,1.0,1,1,1.17862,False,False,,,,,,9999.99992,9999.99992,-0.0025600000000001177,9999.99736
2021-09-13 08:30:00,1.17861,1.17888,1.17837,1.17857,1,1.0,1,1,1.17861,False,False,,,,,,9999.99992,9999.99992,-0.0026000000000001577,9999.99732
2021-09-13 08:45:00,1.17858,1.17911,1.1785,1.17894,1,1.0,1,1,1.17858,False,False,,,,,,9999.99992,9999.99992,-0.0022299999999999542,9999.99769
2021-09-13 09:00:00,1.17893,1.17929,1.17879,1.17885,1,1.0,1,1,1.17893,False,False,,,,,,9999.99992,9999.99992,-0.0023200000000000998,9999.9976
2021-09-13 09:15:00,1.17885,1.17894,1.17865,1.17891,1,1.0,1,1,1.17885,False,False,,,,,,9999.99992,9999.99992,-0.0022600000000001508,9999.99766
2021-09-13 09:30:00,1.1789,1.1789,1.17867,1.17873,1,1.0,1,1,1.1789,False,False,,,,,,9999.99992,9999.99992,-0.0024399999999999977,9999.99748
2021-09-13 09:45:00,1.17874,1.17915,1.17872,1.17912,1,1.0,1,1,1.17874,False,False,,,,,,9999.99992,9999.99992,-0.0020500000000001073,9999.997870000001
2021-09-13 10:00:00,1.1791,1.17924,1.17902,1.17917,1,1.0,1,1,1.1791,False,False,,,,,,9999.99992,9999.99992,-0.0020000000000000018,9999.99792
2021-09-13 10:15:00,1.17916,1.17916,1.17862,1.17862,1,1.0,1,1,1.17916,False,False,,,,,,9999.99992,9999.99992,-0.0025500000000000522,9999.997370000001
2021-09-13 10:30:00,1.17863,1.17869,1.17797,1.17801,1,1.0,1,1,1.17863,False,False,,,,,,9999.99992,9999.99992,-0.0031600000000000517,9999.99676
2021-09-13 10:45:00,1.17801,1.17801,1.17751,1.17756,1,1.0,1,1,1.17801,False,False,,,,,,9999.99992,9999.99992,-0.003610000000000113,9999.99631
2021-09-13 11:00:00,1.17757,1.17773,1.17737,1.17758,1,1.0,1,1,1.17757,False,False,,,,,,9999.99992,9999.99992,-0.003589999999999982,9999.99633
2021-09-13 11:15:00,1.17759,1.17766,1.17738,1.17744,1,1.0,1,1,1.17759,False,False,,,,,,9999.99992,9999.99992,-0.003730000000000011,9999.99619
2021-09-13 11:30:00,1.17742,1.17775,1.17735,1.17753,1,1.0,1,1,1.17742,False,False,,,,,,9999.99992,9999.99992,-0.0036400000000000876,9999.99628
2021-09-13 11:45:00,1.17753,1.17753,1.177,1.17739,1,1.0,1,1,1.17753,False,False,,,,,,9999.99992,9999.99992,-0.0037800000000001166,9999.996140000001
2021-09-13 12:00:00,1.17739,1.17817,1.17713,1.17795,1,1.0,1,1,1.17739,False,False,,,,,,9999.99992,9999.99992,-0.0032200000000000006,9999.9967
2021-09-13 12:15:00,1.17795,1.17827,1.17763,1.17822,1,1.0,1,1,1.17795,False,False,,,,,,9999.99992,9999.99992,-0.002950000000000008,9999.99697
2021-09-13 12:30:00,1.17821,1.17849,1.17796,1.17815,1,1.0,1,1,1.17821,False,False,,,,,,9999.99992,9999.99992,-0.0030200000000000227,9999.9969
2021-09-13 12:45:00,1.17817,1.17866,1.17816,1.17824,1,1.0,1,1,1.17817,False,False,,,,,,9999.99992,9999.99992,-0.002930000000000099,9999.99699
2021-09-13 13:00:00,1.17825,1.17867,1.17825,1.17853,1,1.0,1,1,1.17825,False,False,,,,,,9999.99992,9999.99992,-0.0026399999999999757,9999.99728
2021-09-13 13:15:00,1.17852,1.17954,1.17848,1.17923,1,1.0,1,1,1.17852,False,False,,,,,,9999.99992,9999.99992,-0.0019400000000000528,9999.99798
2021-09-13 13:30:00,1.17921,1.17975,1.17913,1.17956,1,1.0,1,1,1.17921,False,False,,,,,,9999.99992,9999.99992,-0.0016100000000001113,9999.99831
2021-09-13 13:45:00,1.17955,1.18012,1.17947,1.17999,1,1.0,1,1,1.17955,False,False,,,,,,9999.99992,9999.99992,-0.0011799999999999589,9999.99874
2021-09-13 14:00:00,1.18001,1.18071,1.17995,1.18025,1,1.0,1,1,1.18001,False,False,,,,,,9999.99992,9999.99992,-0.0009200000000000319,9999.999
2021-09-13 14:15:00,1.18026,1.1807,1.17966,1.17966,1,1.0,1,1,1.18026,False,False,,,,,,9999.99992,9999.99992,-0.0015100000000001224,9999.99841
2021-09-13 14:30:00,1.17968,1.17999,1.17923,1.17998,1,1.0,1,1,1.17968,False,False,,,,,,9999.99992,9999.99992,-0.0011900000000000244,9999.99873
2021-09-13 14:45:00,1.17998,1.18109,1.17996,1.18095,1,1.0,1,1,1.17998,False,False,,,,,,9999.99992,9999.99992,-0.000220000000000109,9999.9997
2021-09-13 15:00:00,1.18095,1.18107,1.1804,1.1804,1,1.0,1,1,1.18095,False,False,,,,,,9999.99992,9999.99992,-0.0007700000000001594,9999.99915
2021-09-13 15:15:00,1.1804,1.18128,1.18034,1.18124,1,1.0,1,1,1.1804,False,False,,,,,,9999.99992,9999.99992,7.00000000000145e-05,9999.99999
2021-09-13 15:30:00,1.18123,1.18169,1.18106,1.18118,1,1.0,1,1,1.18123,False,False,,,,,,9999.99992,9999.99992,9.999999999843467e-06,9999.99993
2021-09-13 15:45:00,1.18118,1.1812,1.18085,1.18088,1,1.0,1,1,1.18118,False,False,,,,,,9999.99992,9999.99992,-0.0002900000000001235,9999.99963
2021-09-13 16:00:00,1.18088,1.18098,1.18065,1.18092,1,1.0,1,1,1.18088,False,False,,,,,,9999.99992,9999.99992,-0.0002500000000000835,9999.999670000001
2021-09-13 16:15:00,1.18092,1.18092,1.1806,1.18077,1,1.0,1,1,1.18092,False,False,,,,,,9999.99992,9999.99992,-0.00039999999999995595,9999.99952
2021-09-13 16:30:00,1.18077,1.18087,1.18062,1.18071,1,1.0,1,1,1.18077,False,False,,,,,,9999.99992,9999.99992,-0.000460000000000127,9999.99946
2021-09-13 16:45:00,1.18071,1.18083,1.18065,1.18071,1,1.0,1,1,1.18071,False,False,,,,,,9999.99992,9999.99992,-0.000460000000000127,9999.99946
2021-09-13 17:00:00,1.18072,1.18077,1.18048,1.18058,1,1.0,1,1,1.18072,False,False,,,,,,9999.99992,9999.99992,-0.0005900000000000905,9999.99933
2021-09-13 17:15:00,1.18059,1.1809,1.18049,1.18051,1,1.0,1,1,1.18059,False,False,,,,,,9999.99992,9999.99992,-0.000660000000000105,9999.99926
2021-09-13 17:30:00,1.18053,1.18053,1.18028,1.18028,1,1.0,1,1,1.18053,False,False,,,,,,9999.99992,9999.99992,-0.0008900000000000574,9999.99903
2021-09-13 17:45:00,1.18029,1.18037,1.18013,1.18025,1,1.0,1,1,1.18029,False,False,,,,,,9999.99992,9999.99992,-0.0009200000000000319,9999.999
2021-09-13 18:00:00,1.18024,1.18043,1.18024,1.18036,1,1.0,1,1,1.18024,False,False,,,,,,9999.99992,9999.99992,-0.0008099999999999774,9999.99911
2021-09-13 18:15:00,1.18038,1.18041,1.18018,1.18025,1,1.0,1,1,1.18038,False,False,,,,,,9999.99992,9999.99992,-0.0009200000000000319,9999.999
2021-09-13 18:30:00,1.18026,1.18039,1.1802,1.18034,1,1.0,1,1,1.18026,False,False,,,,,,9999.99992,9999.99992,-0.0008300000000001084,9999.99909
2021-09-13 18:45:00,1.18031,1.18055,1.18022,1.18039,1,1.0,1,1,1.18031,False,False,,,,,,9999.99992,9999.99992,-0.0007800000000000029,9999.99914
2021-09-13 19:00:00,1.18037,1.18057,1.18021,1.1805,1,1.0,1,1,1.18037,False,False,,,,,,9999.99992,9999.99992,-0.0006699999999999484,9999.99925
2021-09-13 19:15:00,1.18047,1.18069,1.18046,1.18069,1,1.0,1,1,1.18047,False,False,,,,,,9999.99992,9999.99992,-0.00048000000000003595,9999.99944
2021-09-13 19:30:00,1.18069,1.18069,1.18047,1.18052,1,1.0,1,1,1.18069,False,False,,,,,,9999.99992,9999.99992,-0.0006500000000000394,9999.99927
2021-09-13 19:45:00,1.18053,1.18078,1.18049,1.18074,1,1.0,1,1,1.18053,False,False,,,,,,9999.99992,9999.99992,-0.0004300000000001525,9999.99949
2021-09-13 20:00:00,1.18076,1.18084,1.18072,1.18074,1,1.0,1,1,1.18076,False,False,,,,,,9999.99992,9999.99992,-0.0004300000000001525,9999.99949
2021-09-13 20:15:00,1.18075,1.18102,1.18073,1.181,1,1.0,1,1,1.18075,False,False,,,,,,9999.99992,9999.99992,-0.00017000000000000348,9999.99975
2021-09-13 20:30:00,1.181,1.18108,1.18096,1.18107,1,1.0,1,1,1.181,False,False,,,,,,9999.99992,9999.99992,-9.999999999998899e-05,9999.99982
2021-09-13 20:45:00,1.18106,1.18109,1.18097,1.181,1,1.0,1,1,1.18106,False,False,,,,,,9999.99992,9999.99992,-0.00017000000000000348,9999.99975
2021-09-13 21:00:00,1.18095,1.18104,1.18059,1.181,1,1.0,1,1,1.18095,False,False,,,,,,9999.99992,9999.99992,-0.00017000000000000348,9999.99975
2021-09-13 21:15:00,1.181,1.18119,1.181,1.181,0,1.0,1,1,1.181,False,False,,,,,,9999.99992,9999.99992,-0.00017000000000000348,9999.99975
2021-09-13 21:30:00,1.181,1.18107,1.1809,1.1809,0,0.0,1,0,1.181,False,True,1.0,1.18117,1.181,-0.00017000000000000348,8e-05,9999.99992,9999.999670000001,0.0,9999.999670000001
2021-09-13 21:45:00,1.1809,1.18106,1.1809,1.18091,0,0.0,0,0,1.1809,False,False,,,,,,9999.999670000001,9999.999670000001,0.0,9999.999670000001
2021-09-13 22:00:00,1.18091,1.18119,1.18089,1.18105,0,0.0,0,0,1.18091,False,False,,,,,,9999.999670000001,9999.999670000001,0.0,9999.999670000001
2021-09-13 22:15:00,1.18107,1.18114,1.18104,1.18105,0,0.0,0,0,1.18107,False,False,,,,,,9999.999670000001,9999.999670000001,0.0,9999.999670000001
2021-09-13 22:30:00,1.18105,1.18114,1.18104,1.18105,0,0.0,0,0,1.18105,False,False,,,,,,9999.999670000001,9999.999670000001,0.0,9999.999670000001
2021-09-13 22:45:00,1.18107,1.1811,1.181,1.18105,0,0.0,0,0,1.18107,False,False,,,,,,9999.999670000001,9999.999670000001,0.0,9999.999670000001
2021-09-13 23:00:00,1.18106,1.1811,1.181,1.18106,0,0.0,0,0,1.18106,False,False,,,,,,9999.999670000001,9999.999670000001,0.0,9999.999670000001
2021-09-13 23:15:00,1.18104,1.1811,1.18103,1.18107,0,0.0,0,0,1.18104,False,False,,,,,,9999.999670000001,9999.999670000001,0.0,9999.999670000001
2021-09-13 23:30:00,1.18106,1.18107,1.18096,1.18106,0,0.0,0,0,1.18106,False,False,,,,,,9999.999670000001,9999.999670000001,0.0,9999.999670000001
2021-09-13 23:45:00,1.18106,1.18106,1.18091,1.18096,0,0.0,0,0,1.18106,False,False,,,,,,9999.999670000001,9999.999670000001,0.0,9999.999670000001
2021-09-14 00:00:00,1.18095,1.18106,1.18071,1.18078,0,0.0,0,0,1.18095,False,False,,,,,,9999.999670000001,9999.999670000001,0.0,9999.999670000001
2021-09-14 00:15:00,1.18079,1.18095,1.18054,1.18095,0,0.0,0,0,1.18079,False,False,,,,,,9999.999670000001,9999.999670000001,0.0,9999.999670000001
2021-09-14 00:30:00,1.18093,1.18116,1.1809,1.18101,0,0.0,0,0,1.18093,False,False,,,,,,9999.999670000001,9999.999670000001,0.0,9999.999670000001
2021-09-14 00:45:00,1.181,1.181,1.18065,1.18084,0,0.0,0,0,1.181,False,False,,,,,,9999.999670000001,9999.999670000001,0.0,9999.999670000001
2021-09-14 01:00:00,1.18082,1.18089,1.18067,1.18081,0,0.0,0,0,1.18082,False,False,,,,,,9999.999670000001,9999.999670000001,0.0,9999.999670000001
2021-09-14 01:15:00,1.18081,1.1812,1.18081,1.18107,0,0.0,0,0,1.18081,False,False,,,,,,9999.999670000001,9999.999670000001,0.0,9999.999670000001
2021-09-14 01:30:00,1.18107,1.18119,1.18081,1.18083,0,0.0,0,0,1.18107,False,False,,,,,,9999.999670000001,9999.999670000001,0.0,9999.999670000001
2021-09-14 01:45:00,1.18083,1.18102,1.18061,1.18081,0,0.0,0,0,1.18083,False,False,,,,,,9999.999670000001,9999.999670000001,0.0,9999.999670000001
2021-09-14 02:00:00,1.18081,1.18124,1.18076,1.18112,0,0.0,0,0,1.18081,False,False,,,,,,9999.999670000001,9999.999670000001,0.0,9999.999670000001
2021-09-14 02:15:00,1.18114,1.18163,1.18114,1.1816,0,0.0,0,0,1.18114,False,False,,,,,,9999.999670000001,9999.999670000001,0.0,9999.999670000001
2021-09-14 02:30:00,1.1816,1.18173,1.18146,1.18171,0,0.0,0,0,1.1816,False,False,,,,,,9999.999670000001,9999.999670000001,0.0,9999.999670000001
2021-09-14 02:45:00,1.18171,1.18188,1.18158,1.18171,0,0.0,0,0,1.18171,False,False,,,,,,9999.999670000001,9999.999670000001,0.0,9999.999670000001
2021-09-14 03:00:00,1.18172,1.18172,1.18135,1.18152,0,0.0,0,0,1.18172,False,False,,,,,,9999.999670000001,9999.999670000001,0.0,9999.999670000001
2021-09-14 03:15:00,1.18151,1.18167,1.1815,1.18152,0,0.0,0,0,1.18151,False,False,,,,,,9999.999670000001,9999.999670000001,0.0,9999.999670000001
2021-09-14 03:30:00,1.18151,1.18151,1.18132,1.18136,0,0.0,0,0,1.18151,False,False,,,,,,9999.999670000001,9999.999670000001,0.0,9999.999670000001
2021-09-14 03:45:00,1.18138,1.18164,1.18138,1.18155,0,0.0,0,0,1.18138,False,False,,,,,,9999.999670000001,9999.999670000001,0.0,9999.999670000001
2021-09-14 04:00:00,1.18156,1.18174,1.18152,1.18168,0,0.0,0,0,1.18156,False,False,,,,,,9999.999670000001,9999.999670000001,0.0,9999.999670000001
2021-09-14 04:15:00,1.18169,1.1817,1.18145,1.18167,0,0.0,0,0,1.18169,False,False,,,,,,9999.999670000001,9999.999670000001,0.0,9999.999670000001
2021-09-14 04:30:00,1.18168,1.18176,1.1814,1.18143,0,0.0,0,0,1.18168,False,False,,,,,,9999.999670000001,9999.999670000001,0.0,9999.999670000001
2021-09-14 04:45:00,1.18144,1.18146,1.18126,1.18131,0,0.0,0,0,1.18144,False,False,,,,,,9999.999670000001,9999.999670000001,0.0,9999.999670000001
2021-09-14 05:00:00,1.18129,1.18137,1.18118,1.18133,0,0.0,0,0,1.18129,False,False,,,,,,9999.999670000001,9999.999670000001,0.0,9999.999670000001
2021-09-14 05:15:00,1.18134,1.1815,1.18126,1.18132,0,0.0,0,0,1.18134,False,False,,,,,,9999.999670000001,9999.999670000001,0.0,9999.999670000001
2021-09-14 05:30:00,1.18135,1.18153,1.18115,1.18148,0,0.0,0,0,1.18135,False,False,,,,,,9999.999670000001,9999.999670000001,0.0,9999.999670000001
2021-09-14 05:45:00,1.18149,1.18161,1.18119,1.18128,0,0.0,0,0,1.18149,False,False,,,,,,9999.999670000001,9999.999670000001,0.0,9999.999670000001
2021-09-14 06:00:00,1.18129,1.18129,1.18066,1.18081,0,0.0,0,0,1.18129,False,False,,,,,,9999.999670000001,9999.999670000001,0.0,9999.999670000001
2021-09-14 06:15:00,1.1808,1.18131,1.18075,1.18124,0,0.0,0,0,1.1808,False,False,,,,,,9999.999670000001,9999.999670000001,0.0,9999.999670000001
2021-09-14 06:30:00,1.18125,1.18171,1.18114,1.18161,0,0.0,0,0,1.18125,False,False,,,,,,9999.999670000001,9999.999670000001,0.0,9999.999670000001
2021-09-14 06:45:00,1.18162,1.1818,1.18147,1.18149,0,0.0,0,0,1.18162,False,False,,,,,,9999.999670000001,9999.999670000001,0.0,9999.999670000001
2021-09-14 07:00:00,1.18147,1.18243,1.18133,1.1824,0,0.0,0,0,1.18147,False,False,,,,,,9999.999670000001,9999.999670000001,0.0,9999.999670000001
2021-09-14 07:15:00,1.18238,1.18294,1.18217,1.18289,0,0.0,0,0,1.18238,False,False,,,,,,9999.999670000001,9999.999670000001,0.0,9999.999670000001
2021-09-14 07:30:00,1.18288,1.18299,1.18253,1.18268,0,0.0,0,0,1.18288,False,False,,,,,,9999.999670000001,9999.999670000001,0.0,9999.999670000001
2021-09-14 07:45:00,1.18269,1.18274,1.18237,1.18247,0,0.0,0,0,1.18269,False,False,,,,,,9999.999670000001,9999.999670000001,0.0,9999.999670000001
2021-09-14 08:00:00,1.18246,1.18266,1.1822,1.18231,0,0.0,0,0,1.18246,False,False,,,,,,9999.999670000001,9999.999670000001,0.0,9999.999670000001
2021-09-14 08:15:00,1.18232,1.18266,1.18231,1.18237,0,0.0,0,0,1.18232,False,False,,,,,,9999.999670000001,9999.999670000001,0.0,9999.999670000001
2021-09-14 08:30:00,1.18238,1.18246,1.18219,1.18231,0,0.0,0,0,1.18238,False,False,,,,,,9999.999670000001,9999.999670000001,0.0,9999.999670000001
2021-09-14 08:45:00,1.18232,1.18251,1.18206,1.18211,0,0.0,0,0,1.18232,False,False,,,,,,9999.999670000001,9999.999670000001,0.0,9999.999670000001
2021-09-14 09:00:00,1.18211,1.18222,1.18196,1.18219,0,0.0,0,0,1.18211,False,False,,,,,,9999.999670000001,9999.999670000001,0.0,9999.999670000001
2021-09-14 09:15:00,1.1822,1.18242,1.18183,1.18183,0,0.0,0,0,1.1822,False,False,,,,,,9999.999670000001,9999.999670000001,0.0,9999.999670000001
2021-09-14 09:30:00,1.18184,1.18211,1.18115,1.18117,0,0.0,0,0,1.18184,False,False,,,,,,9999.999670000001,9999.999670000001,0.0,9999.999670000001
2021-09-14 09:45:00,1.18119,1.18145,1.18071,1.18145,0,0.0,0,0,1.18119,False,False,,,,,,9999.999670000001,9999.999670000001,0.0,9999.999670000001
2021-09-14 10:00:00,1.18146,1.18152,1.18079,1.18084,0,0.0,0,0,1.18146,False,False,,,,,,9999.999670000001,9999.999670000001,0.0,9999.999670000001
2021-09-14 10:15:00,1.18086,1.18089,1.18057,1.1806,0,0.0,0,0,1.18086,False,False,,,,,,9999.999670000001,9999.999670000001,0.0,9999.999670000001
2021-09-14 10:30:00,1.18059,1.18095,1.18049,1.18052,0,0.0,0,0,1.18059,False,False,,,,,,9999.999670000001,9999.999670000001,0.0,9999.999670000001
2021-09-14 10:45:00,1.1805,1.18056,1.1803,1.18034,0,0.0,0,0,1.1805,False,False,,,,,,9999.999670000001,9999.999670000001,0.0,9999.999670000001
2021-09-14 11:00:00,1.18035,1.18071,1.18,1.18066,0,0.0,0,0,1.18035,False,False,,,,,,9999.999670000001,9999.999670000001,0.0,9999.999670000001
2021-09-14 11:15:00,1.18063,1.18106,1.18054,1.18105,0,0.0,0,0,1.18063,False,False,,,,,,9999.999670000001,9999.999670000001,0.0,9999.999670000001
2021-09-14 11:30:00,1.18106,1.18112,1.1809,1.18106,0,0.0,0,0,1.18106,False,False,,,,,,9999.999670000001,9999.999670000001,0.0,9999.999670000001
2021-09-14 11:45:00,1.18107,1.18125,1.18048,1.18094,0,0.0,0,0,1.18107,False,False,,,,,,9999.999670000001,9999.999670000001,0.0,9999.999670000001
2021-09-14 12:00:00,1.18099,1.1814,1.18074,1.18135,0,0.0,0,0,1.18099,False,False,,,,,,9999.999670000001,9999.999670000001,0.0,9999.999670000001
2021-09-14 12:15:00,1.18134,1.18149,1.18093,1.18108,0,0.0,0,0,1.18134,False,False,,,,,,9999.999670000001,9999.999670000001,0.0,9999.999670000001
2021-09-14 12:30:00,1.18108,1.1841,1.18102,1.18305,0,0.0,0,0,1.18108,False,False,,,,,,9999.999670000001,9999.999670000001,0.0,9999.999670000001
2021-09-14 12:45:00,1.18303,1.18458,1.183,1.18414,0,0.0,0,0,1.18303,False,False,,,,,,9999.999670000001,9999.999670000001,0.0,9999.999670000001
2021-09-14 13:00:00,1.18415,1.18456,1.18386,1.18414,0,0.0,0,0,1.18415,False,False,,,,,,9999.999670000001,9999.999670000001,0.0,9999.999670000001
2021-09-14 13:15:00,1.18415,1.18443,1.18361,1.18387,0,0.0,0,0,1.18415,False,False,,,,,,9999.999670000001,9999.999670000001,0.0,9999.999670000001
2021-09-14 13:30:00,1.18385,1.18411,1.18232,1.18256,0,0.0,0,0,1.18385,False,False,,,,,,9999.999670000001,9999.999670000001,0.0,9999.999670000001
2021-09-14 13:45:00,1.18256,1.18291,1.1824,1.18273,0,0.0,0,0,1.18256,False,False,,,,,,9999.999670000001,9999.999670000001,0.0,9999.999670000001
2021-09-14 14:00:00,1.18272,1.18272,1.18196,1.18231,0,0.0,0,0,1.18272,False,False,,,,,,9999.999670000001,9999.999670000001,0.0,9999.999670000001
2021-09-14 14:15:00,1.18229,1.18253,1.18155,1.18186,0,0.0,0,0,1.18229,False,False,,,,,,9999.999670000001,9999.999670000001,0.0,9999.999670000001
2021-09-14 14:30:00,1.18187,1.18223,1.18157,1.18193,0,0.0,0,0,1.18187,False,False,,,,,,9999.999670000001,9999.999670000001,0.0,9999.999670000001
2021-09-14 14:45:00,1.18194,1.1824,1.18164,1.18221,0,0.0,0,0,1.18194,False,False,,,,,,9999.999670000001,9999.999670000001,0.0,9999.999670000001
2021-09-14 15:00:00,1.18222,1.18233,1.18178,1.18228,0,0.0,0,0,1.18222,False,False,,,,,,9999.999670000001,9999.999670000001,0.0,9999.999670000001
2021-09-14 15:15:00,1.18229,1.1825,1.1821,1.18214,0,0.0,0,0,1.18229,False,False,,,,,,9999.999670000001,9999.999670000001,0.0,9999.999670000001
2021-09-14 15:30:00,1.18214,1.18234,1.18186,1.18193,0,0.0,0,0,1.18214,False,False,,,,,,9999.999670000001,9999.999670000001,0.0,9999.999670000001
2021-09-14 15:45:00,1.18194,1.18238,1.18194,1.18226,0,0.0,0,0,1.18194,False,False,,,,,,9999.999670000001,9999.999670000001,0.0,9999.999670000001
2021-09-14 16:00:00,1.18225,1.18276,1.18222,1.18257,0,0.0,0,0,1.18225,False,False,,,,,,9999.999670000001,9999.999670000001,0.0,9999.999670000001
2021-09-14 16:15:00,1.1826,1.18273,1.18244,1.18261,0,0.0,0,0,1.1826,False,False,,,,,,9999.999670000001,9999.999670000001,0.0,9999.999670000001
2021-09-14 16:30:00,1.18262,1.18275,1.18241,1.18241,0,0.0,0,0,1.18262,False,False,,,,,,9999.999670000001,9999.999670000001,0.0,9999.999670000001
2021-09-14 16:45:00,1.18242,1.18247,1.18209,1.18219,0,0.0,0,0,1.18242,False,False,,,,,,9999.999670000001,9999.999670000001,0.0,9999.999670000001
2021-09-14 17:00:00,1.1822,1.18233,1.18183,1.18189,0,0.0,0,0,1.1822,False,False,,,,,,9999.999670000001,9999.999670000001,0.0,9999.999670000001
2021-09-14 17:15:00,1.1819,1.1826,1.1819,1.18247,0,0.0,0,0,1.1819,False,False,,,,,,9999.999670000001,9999.999670000001,0.0,9999.999670000001
2021-09-14 17:30:00,1.18247,1.18247,1.1821,1.18226,0,0.0,0,0,1.18247,False,False,,,,,,9999.999670000001,9999.999670000001,0.0,9999.999670000001
2021-09-14 17:45:00,1.18226,1.18246,1.18224,1.18229,0,0.0,0,0,1.18226,False,False,,,,,,9999.999670000001,9999.999670000001,0.0,9999.999670000001
2021-09-14 18:00:00,1.18231,1.18239,1.18214,1.18218,0,0.0,0,0,1.18231,False,False,,,,,,9999.999670000001,9999.999670000001,0.0,9999.999670000001
2021-09-14 18:15:00,1.18217,1.18217,1.18147,1.18147,0,0.0,0,0,1.18217,False,False,,,,,,9999.999670000001,9999.999670000001,0.0,9999.999670000001
2021-09-14 18:30:00,1.18146,1.18152,1.18103,1.18122,0,0.0,0,0,1.18146,False,False,,,,,,9999.999670000001,9999.999670000001,0.0,9999.999670000001
2021-09-14 18:45:00,1.18121,1.18121,1.18075,1.18075,0,0.0,0,0,1.18121,False,False,,,,,,9999.999670000001,9999.999670000001,0.0,9999.999670000001
2021-09-14 19:00:00,1.18077,1.18079,1.18038,1.18057,0,0.0,0,0,1.18077,False,False,,,,,,9999.999670000001,9999.999670000001,0.0,9999.999670000001
2021-09-14 19:15:00,1.18056,1.18068,1.18021,1.18024,0,0.0,0,0,1.18056,False,False,,,,,,9999.999670000001,9999.999670000001,0.0,9999.999670000001
2021-09-14 19:30:00,1.18025,1.18031,1.18,1.18027,0,0.0,0,0,1.18025,False,False,,,,,,9999.999670000001,9999.999670000001,0.0,9999.999670000001
2021-09-14 19:45:00,1.18028,1.18072,1.18028,1.18046,0,0.0,0,0,1.18028,False,False,,,,,,9999.999670000001,9999.999670000001,0.0,9999.999670000001
2021-09-14 20:00:00,1.18049,1.18067,1.18043,1.18059,0,0.0,0,0,1.18049,False,False,,,,,,9999.999670000001,9999.999670000001,0.0,9999.999670000001
2021-09-14 20:15:00,1.1806,1.18072,1.18059,1.1807,0,0.0,0,0,1.1806,False,False,,,,,,9999.999670000001,9999.999670000001,0.0,9999.999670000001
2021-09-14 20:30:00,1.18069,1.18069,1.18043,1.1805,0,0.0,0,0,1.18069,False,False,,,,,,9999.999670000001,9999.999670000001,0.0,9999.999670000001
2021-09-14 20:45:00,1.1805,1.18055,1.18017,1.18017,0,0.0,0,0,1.1805,False,False,,,,,,9999.999670000001,9999.999670000001,0.0,9999.999670000001
2021-09-14 21:00:00,1.18017,1.18069,1.18008,1.18066,0,0.0,0,0,1.18017,False,False,,,,,,9999.999670000001,9999.999670000001,0.0,9999.999670000001
2021-09-14 21:15:00,1.18059,1.18062,1.18015,1.18054,0,0.0,0,0,1.18059,False,False,,,,,,9999.999670000001,9999.999670000001,0.0,9999.999670000001
2021-09-14 21:30:00,1.18052,1.18059,1.18021,1.18041,0,0.0,0,0,1.18052,False,False,,,,,,9999.999670000001,9999.999670000001,0.0,9999.999670000001
2021-09-14 21:45:00,1.1804,1.18077,1.18031,1.18045,0,0.0,0,0,1.1804,False,False,,,,,,9999.999670000001,9999.999670000001,0.0,9999.999670000001
2021-09-14 22:00:00,1.18042,1.18072,1.18034,1.18035,0,0.0,0,0,1.18042,False,False,,,,,,9999.999670000001,9999.999670000001,0.0,9999.999670000001
2021-09-14 22:15:00,1.18034,1.18037,1.18021,1.18021,1,0.0,0,0,1.18034,False,False,,,,,,9999.999670000001,9999.999670000001,0.0,9999.999670000001
2021-09-14 22:30:00,1.18019,1.18022,1.18006,1.18009,1,1.0,0,1,1.18019,True,False,,,,,,9999.999670000001,9999.999590000001,-9.999999999998899e-05,9999.999490000002
2021-09-14 22:45:00,1.1801,1.18013,1.18005,1.18012,1,1.0,1,1,1.1801,False,False,,,,,,9999.999590000001,9999.999590000001,-7.00000000000145e-05,9999.999520000001
2021-09-14 23:00:00,1.18014,1.18018,1.18007,1.18018,1,1.0,1,1,1.18014,False,False,,,,,,9999.999590000001,9999.999590000001,-1.0000000000065512e-05,9999.999580000002
2021-09-14 23:15:00,1.18018,1.18021,1.1801,1.18012,1,1.0,1,1,1.18018,False,False,,,,,,9999.999590000001,9999.999590000001,-7.00000000000145e-05,9999.999520000001
2021-09-14 23:30:00,1.18013,1.18021,1.18013,1.18018,1,1.0,1,1,1.18013,False,False,,,,,,9999.999590000001,9999.999590000001,-1.0000000000065512e-05,9999.999580000002
2021-09-14 23:45:00,1.18017,1.18025,1.18012,1.18023,1,1.0,1,1,1.18017,False,False,,,,,,9999.999590000001,9999.999590000001,3.999999999981796e-05,9999.999630000002
2021-09-15 00:00:00,1.18024,1.18047,1.18012,1.18012,1,1.0,1,1,1.18024,False,False,,,,,,9999.999590000001,9999.999590000001,-7.00000000000145e-05,9999.999520000001
2021-09-15 00:15:00,1.18013,1.18036,1.18013,1.18022,1,1.0,1,1,1.18013,False,False,,,,,,9999.999590000001,9999.999590000001,2.999999999997449e-05,9999.99962
2021-09-15 00:30:00,1.18025,1.18029,1.18007,1.18029,1,1.0,1,1,1.18025,False,False,,,,,,9999.999590000001,9999.999590000001,9.999999999998899e-05,9999.99969
2021-09-15 00:45:00,1.18027,1.18074,1.18017,1.18055,1,1.0,1,1,1.18027,False,False,,,,,,9999.999590000001,9999.999590000001,0.00035999999999991594,9999.999950000001
2021-09-15 01:00:00,1.18052,1.18083,1.18047,1.18078,1,1.0,1,1,1.18052,False,False,,,,,,9999.999590000001,9999.999590000001,0.0005899999999998684,10000.000180000001
2021-09-15 01:15:00,1.18076,1.18096,1.18067,1.18081,1,1.0,1,1,1.18076,False,False,,,,,,9999.999590000001,9999.999590000001,0.0006199999999998429,10000.000210000002
2021-09-15 01:30:00,1.18082,1.18119,1.18076,1.18106,1,1.0,1,1,1.18082,False,False,,,,,,9999.999590000001,9999.999590000001,0.0008699999999999264,10000.000460000001
2021-09-15 01:45:00,1.18106,1.18109,1.18076,1.18082,1,1.0,1,1,1.18106,False,False,,,,,,9999.999590000001,9999.999590000001,0.0006299999999999084,10000.000220000002
2021-09-15 02:00:00,1.18082,1.18083,1.18036,1.18063,1,1.0,1,1,1.18082,False,False,,,,,,9999.999590000001,9999.999590000001,0.00043999999999999595,10000.000030000001
2021-09-15 02:15:00,1.18065,1.1809,1.18062,1.18076,1,1.0,1,1,1.18065,False,False,,,,,,9999.999590000001,9999.999590000001,0.0005699999999999594,10000.000160000001
2021-09-15 02:30:00,1.18076,1.18096,1.18046,1.18046,1,1.0,1,1,1.18076,False,False,,,,,,9999.999590000001,9999.999590000001,0.00026999999999999247,9999.999860000002
2021-09-15 02:45:00,1.18045,1.18063,1.18043,1.18062,1,1.0,1,1,1.18045,False,False,,,,,,9999.999590000001,9999.999590000001,0.00042999999999993044,10000.000020000001
2021-09-15 03:00:00,1.18062,1.18078,1.18056,1.18067,1,1.0,1,1,1.18062,False,False,,,,,,9999.999590000001,9999.999590000001,0.00048000000000003595,10000.000070000002
2021-09-15 03:15:00,1.18066,1.18095,1.1806,1.18093,1,1.0,1,1,1.18066,False,False,,,,,,9999.999590000001,9999.999590000001,0.0007399999999999629,10000.00033
2021-09-15 03:30:00,1.18092,1.18094,1.18077,1.18087,1,1.0,1,1,1.18092,False,False,,,,,,9999.999590000001,9999.999590000001,0.0006800000000000139,10000.00027
2021-09-15 03:45:00,1.18087,1.18092,1.18057,1.18061,1,1.0,1,1,1.18087,False,False,,,,,,9999.999590000001,9999.999590000001,0.0004199999999998649,10000.000010000002
2021-09-15 04:00:00,1.18061,1.18091,1.18053,1.18085,1,1.0,1,1,1.18061,False,False,,,,,,9999.999590000001,9999.999590000001,0.0006599999999998829,10000.000250000001
2021-09-15 04:15:00,1.18086,1.18086,1.18065,1.18066,1,1.0,1,1,1.18086,False,False,,,,,,9999.999590000001,9999.999590000001,0.00046999999999997044,10000.000060000002
2021-09-15 04:30:00,1.18069,1.18069,1.18046,1.18054,1,1.0,1,1,1.18069,False,False,,,,,,9999.999590000001,9999.999590000001,0.00034999999999985043,9999.999940000002
2021-09-15 04:45:00,1.18054,1.1806,1.18043,1.1805,1,1.0,1,1,1.18054,False,False,,,,,,9999.999590000001,9999.999590000001,0.00031000000000003247,9999.9999
2021-09-15 05:00:00,1.18051,1.18066,1.18047,1.18063,1,1.0,1,1,1.18051,False,False,,,,,,9999.999590000001,9999.999590000001,0.00043999999999999595,10000.000030000001
2021-09-15 05:15:00,1.18062,1.18062,1.18008,1.18014,1,1.0,1,1,1.18062,False,False,,,,,,9999.999590000001,9999.999590000001,-5.0000000000105516e-05,9999.99954
2021-09-15 05:30:00,1.18016,1.18056,1.1801,1.1805,1,1.0,1,1,1.18016,False,False,,,,,,9999.999590000001,9999.999590000001,0.00031000000000003247,9999.9999
2021-09-15 05:45:00,1.18049,1.1807,1.18041,1.18057,1,1.0,1,1,1.18049,False,False,,,,,,9999.999590000001,9999.999590000001,0.0003799999999998249,9999.99997
2021-09-15 06:00:00,1.18058,1.1809,1.18022,1.18062,1,1.0,1,1,1.18058,False,False,,,,,,9999.999590000001,9999.999590000001,0.00042999999999993044,10000.000020000001
2021-09-15 06:15:00,1.18065,1.18076,1.18036,1.18051,1,1.0,1,1,1.18065,False,False,,,,,,9999.999590000001,9999.999590000001,0.00031999999999987594,9999.99991
2021-09-15 06:30:00,1.18051,1.18083,1.17991,1.18079,1,1.0,1,1,1.18051,False,False,,,,,,9999.999590000001,9999.999590000001,0.0005999999999999339,10000.00019
2021-09-15 06:45:00,1.18078,1.18117,1.18066,1.18075,1,1.0,1,1,1.18078,False,False,,,,,,9999.999590000001,9999.999590000001,0.0005599999999998939,10000.000150000002
2021-09-15 07:00:00,1.18073,1.18109,1.18055,1.18086,1,1.0,1,1,1.18073,False,False,,,,,,9999.999590000001,9999.999590000001,0.0006699999999999484,10000.00026
2021-09-15 07:15:00,1.18088,1.18153,1.1808,1.18142,1,1.0,1,1,1.18088,False,False,,,,,,9999.999590000001,9999.999590000001,0.0012299999999998423,10000.000820000001
2021-09-15 07:30:00,1.18141,1.1817,1.18131,1.18141,1,1.0,1,1,1.18141,False,False,,,,,,9999.999590000001,9999.999590000001,0.0012199999999999989,10000.000810000001
2021-09-15 07:45:00,1.18142,1.18184,1.18137,1.18168,1,1.0,1,1,1.18142,False,False,,,,,,9999.999590000001,9999.999590000001,0.0014899999999999913,10000.001080000002
2021-09-15 08:00:00,1.18168,1.18193,1.18152,1.18178,1,1.0,1,1,1.18168,False,False,,,,,,9999.999590000001,9999.999590000001,0.0015899999999999803,10000.001180000001
2021-09-15 08:15:00,1.18177,1.18191,1.18164,1.18164,1,1.0,1,1,1.18177,False,False,,,,,,9999.999590000001,9999.999590000001,0.0014499999999999513,10000.001040000001
2021-09-15 08:30:00,1.18164,1.18255,1.18141,1.18254,1,1.0,1,1,1.18164,False,False,,,,,,9999.999590000001,9999.999590000001,0.002349999999999852,10000.001940000002
2021-09-15 08:45:00,1.18253,1.18287,1.1824,1.18261,1,1.0,1,1,1.18253,False,False,,,,,,9999.999590000001,9999.999590000001,0.0024199999999998667,10000.002010000002
2021-09-15 09:00:00,1.18261,1.18262,1.182,1.182,1,1.0,1,1,1.18261,False,False,,,,,,9999.999590000001,9999.999590000001,0.0018099999999998673,10000.001400000001
2021-09-15 09:15:00,1.18199,1.18273,1.18199,1.18237,1,1.0,1,1,1.18199,False,False,,,,,,9999.999590000001,9999.999590000001,0.0021799999999998487,10000.00177
2021-09-15 09:30:00,1.18237,1.18281,1.18229,1.18281,1,1.0,1,1,1.18237,False,False,,,,,,9999.999590000001,9999.999590000001,0.0026199999999998447,10000.00221
2021-09-15 09:45:00,1.1828,1.18286,1.18221,1.18247,1,1.0,1,1,1.1828,False,False,,,,,,9999.999590000001,9999.999590000001,0.0022799999999998377,10000.001870000002
2021-09-15 10:00:00,1.18247,1.18283,1.18217,1.18237,1,1.0,1,1,1.18247,False,False,,,,,,9999.999590000001,9999.999590000001,0.0021799999999998487,10000.00177
2021-09-15 10:15:00,1.18238,1.18262,1.18218,1.18252,1,1.0,1,1,1.18238,False,False,,,,,,9999.999590000001,9999.999590000001,0.0023299999999999432,10000.00192
2021-09-15 10:30:00,1.18253,1.18287,1.18248,1.18281,1,1.0,1,1,1.18253,False,False,,,,,,9999.999590000001,9999.999590000001,0.0026199999999998447,10000.00221
2021-09-15 10:45:00,1.18282,1.18318,1.18267,1.18277,1,1.0,1,1,1.18282,False,False,,,,,,9999.999590000001,9999.999590000001,0.0025800000000000267,10000.002170000002
2021-09-15 11:00:00,1.18278,1.18316,1.18266,1.18304,1,1.0,1,1,1.18278,False,False,,,,,,9999.999590000001,9999.999590000001,0.002850000000000019,10000.002440000002
2021-09-15 11:15:00,1.18302,1.18308,1.18218,1.18238,1,1.0,1,1,1.18302,False,False,,,,,,9999.999590000001,9999.999590000001,0.0021899999999999142,10000.00178
2021-09-15 11:30:00,1.1824,1.18251,1.18195,1.18225,1,1.0,1,1,1.1824,False,False,,,,,,9999.999590000001,9999.999590000001,0.0020599999999999508,10000.001650000002
2021-09-15 11:45:00,1.18224,1.18235,1.18173,1.18215,1,1.0,1,1,1.18224,False,False,,,,,,9999.999590000001,9999.999590000001,0.0019599999999999618,10000.00155
2021-09-15 12:00:00,1.18217,1.1826,1.18209,1.18239,1,1.0,1,1,1.18217,False,False,,,,,,9999.999590000001,9999.999590000001,0.0021999999999999797,10000.001790000002
2021-09-15 12:15:00,1.18241,1.18318,1.18241,1.18309,1,1.0,1,1,1.18241,False,False,,,,,,9999.999590000001,9999.999590000001,0.0028999999999999027,10000.00249
2021-09-15 12:30:00,1.18304,1.18307,1.182,1.18235,1,1.0,1,1,1.18304,False,False,,,,,,9999.999590000001,9999.999590000001,0.0021599999999999397,10000.001750000001
2021-09-15 12:45:00,1.18236,1.18242,1.18073,1.18115,1,1.0,1,1,1.18236,False,False,,,,,,9999.999590000001,9999.999590000001,0.0009599999999998499,10000.00055
2021-09-15 13:00:00,1.18116,1.18133,1.18087,1.18121,1,1.0,1,1,1.18116,False,False,,,,,,9999.999590000001,9999.999590000001,0.0010200000000000209,10000.000610000001
2021-09-15 13:15:00,1.18121,1.18211,1.18119,1.18193,1,1.0,1,1,1.18121,False,False,,,,,,9999.999590000001,9999.999590000001,0.0017399999999998528,10000.001330000001
2021-09-15 13:30:00,1.18193,1.18208,1.18151,1.18165,1,1.0,1,1,1.18193,False,False,,,,,,9999.999590000001,9999.999590000001,0.0014600000000000168,10000.00105
2021-09-15 13:45:00,1.18166,1.18202,1.18124,1.18184,1,1.0,1,1,1.18166,False,False,,,,,,9999.999590000001,9999.999590000001,0.0016499999999999293,10000.001240000001
2021-09-15 14:00:00,1.18184,1.18223,1.18151,1.18189,1,1.0,1,1,1.18184,False,False,,,,,,9999.999590000001,9999.999590000001,0.0017000000000000348,10000.001290000002
2021-09-15 14:15:00,1.18188,1.18221,1.18161,1.18185,1,1.0,1,1,1.18188,False,False,,,,,,9999.999590000001,9999.999590000001,0.0016599999999999948,10000.001250000001
2021-09-15 14:30:00,1.18185,1.182,1.18112,1.18129,1,1.0,1,1,1.18185,False,False,,,,,,9999.999590000001,9999.999590000001,0.0010999999999998789,10000.00069
2021-09-15 14:45:00,1.18129,1.18226,1.18081,1.18187,1,1.0,1,1,1.18129,False,False,,,,,,9999.999590000001,9999.999590000001,0.0016799999999999038,10000.00127
2021-09-15 15:00:00,1.18188,1.18215,1.18156,1.18194,1,1.0,1,1,1.18188,False,False,,,,,,9999.999590000001,9999.999590000001,0.0017499999999999183,10000.00134
2021-09-15 15:15:00,1.18191,1.18194,1.18146,1.18162,1,1.0,1,1,1.18191,False,False,,,,,,9999.999590000001,9999.999590000001,0.0014299999999998203,10000.001020000002
2021-09-15 15:30:00,1.18162,1.18179,1.18136,1.18157,1,1.0,1,1,1.18162,False,False,,,,,,9999.999590000001,9999.999590000001,0.0013799999999999368,10000.000970000001
2021-09-15 15:45:00,1.18158,1.18215,1.18096,1.18113,1,1.0,1,1,1.18158,False,False,,,,,,9999.999590000001,9999.999590000001,0.0009399999999999409,10000.000530000001
2021-09-15 16:00:00,1.18112,1.18123,1.18082,1.18114,1,1.0,1,1,1.18112,False,False,,,,,,9999.999590000001,9999.999590000001,0.0009500000000000064,10000.000540000001
2021-09-15 16:15:00,1.18114,1.1813,1.18097,1.181,1,1.0,1,1,1.18114,False,False,,,,,,9999.999590000001,9999.999590000001,0.0008099999999999774,10000.0004
2021-09-15 16:30:00,1.18101,1.18103,1.18037,1.18078,1,1.0,1,1,1.18101,False,False,,,,,,9999.999590000001,9999.999590000001,0.0005899999999998684,10000.000180000001
2021-09-15 16:45:00,1.18077,1.18078,1.18033,1.18037,1,1.0,1,1,1.18077,False,False,,,,,,9999.999590000001,9999.999590000001,0.00017999999999984695,9999.99977
2021-09-15 17:00:00,1.18037,1.18078,1.18037,1.18074,1,1.0,1,1,1.18037,False,False,,,,,,9999.999590000001,9999.999590000001,0.0005499999999998284,10000.000140000002
2021-09-15 17:15:00,1.18075,1.18098,1.18071,1.18084,1,1.0,1,1,1.18075,False,False,,,,,,9999.999590000001,9999.999590000001,0.0006499999999998174,10000.000240000001
2021-09-15 17:30:00,1.18086,1.181,1.18078,1.18096,1,1.0,1,1,1.18086,False,False,,,,,,9999.999590000001,9999.999590000001,0.0007699999999999374,10000.000360000002
2021-09-15 17:45:00,1.18098,1.1811,1.18082,1.18084,1,1.0,1,1,1.18098,False,False,,,,,,9999.999590000001,9999.999590000001,0.0006499999999998174,10000.000240000001
2021-09-15 18:00:00,1.18083,1.18091,1.18058,1.18063,1,1.0,1,1,1.18083,False,False,,,,,,9999.999590000001,9999.999590000001,0.00043999999999999595,10000.000030000001
2021-09-15 18:15:00,1.18064,1.18068,1.18049,1.18059,1,1.0,1,1,1.18064,False,False,,,,,,9999.999590000001,9999.999590000001,0.00039999999999995595,9999.999990000002
2021-09-15 18:30:00,1.18059,1.1809,1.18054,1.1809,1,1.0,1,1,1.18059,False,False,,,,,,9999.999590000001,9999.999590000001,0.0007099999999999884,10000.000300000002
2021-09-15 18:45:00,1.18091,1.18093,1.18059,1.18076,1,1.0,1,1,1.18091,False,False,,,,,,9999.999590000001,9999.999590000001,0.0005699999999999594,10000.000160000001
2021-09-15 19:00:00,1.18078,1.18098,1.18063,1.18097,1,1.0,1,1,1.18078,False,False,,,,,,9999.999590000001,9999.999590000001,0.0007800000000000029,10000.000370000002
2021-09-15 19:15:00,1.18095,1.18118,1.18092,1.18116,1,1.0,1,1,1.18095,False,False,,,,,,9999.999590000001,9999.999590000001,0.0009699999999999154,10000.00056
2021-09-15 19:30:00,1.18116,1.18173,1.18112,1.18172,1,1.0,1,1,1.18116,False,False,,,,,,9999.999590000001,9999.999590000001,0.0015300000000000313,10000.00112
2021-09-15 19:45:00,1.18169,1.18174,1.18139,1.18171,1,1.0,1,1,1.18169,False,False,,,,,,9999.999590000001,9999.999590000001,0.0015199999999999658,10000.001110000001
2021-09-15 20:00:00,1.18171,1.1818,1.1815,1.18167,1,1.0,1,1,1.18171,False,False,,,,,,9999.999590000001,9999.999590000001,0.0014799999999999258,10000.001070000002
2021-09-15 20:15:00,1.18167,1.18167,1.1814,1.18142,1,1.0,1,1,1.18167,False,False,,,,,,9999.999590000001,9999.999590000001,0.0012299999999998423,10000.000820000001
2021-09-15 20:30:00,1.18141,1.18158,1.18137,1.1815,1,1.0,1,1,1.18141,False,False,,,,,,9999.999590000001,9999.999590000001,0.0013099999999999223,10000.000900000001
2021-09-15 20:45:00,1.18151,1.18162,1.18148,1.1816,1,1.0,1,1,1.18151,False,False,,,,,,9999.999590000001,9999.999590000001,0.0014099999999999113,10000.001000000002
2021-09-15 21:00:00,1.18157,1.18162,1.18147,1.1815,1,1.0,1,1,1.18157,False,False,,,,,,9999.999590000001,9999.999590000001,0.0013099999999999223,10000.000900000001
2021-09-15 21:15:00,1.18168,1.18179,1.1815,1.1815,1,1.0,1,1,1.18168,False,False,,,,,,9999.999590000001,9999.999590000001,0.0013099999999999223,10000.000900000001
2021-09-15 21:30:00,1.1815,1.18157,1.1815,1.18157,1,1.0,1,1,1.1815,False,False,,,,,,9999.999590000001,9999.999590000001,0.0013799999999999368,10000.000970000001
2021-09-15 21:45:00,1.18157,1.18162,1.1815,1.18155,1,1.0,1,1,1.18157,False,False,,,,,,9999.999590000001,9999.999590000001,0.0013600000000000279,10000.000950000001
2021-09-15 22:00:00,1.18155,1.18184,1.18153,1.18179,1,1.0,1,1,1.18155,False,False,,,,,,9999.999590000001,9999.999590000001,0.0015999999999998238,10000.00119
2021-09-15 22:15:00,1.1818,1.18194,1.18177,1.18181,1,1.0,1,1,1.1818,False,False,,,,,,9999.999590000001,9999.999590000001,0.0016199999999999548,10000.00121
2021-09-15 22:30:00,1.1818,1.18184,1.18179,1.1818,1,1.0,1,1,1.1818,False,False,,,,,,9999.999590000001,9999.999590000001,0.0016099999999998893,10000.0012
2021-09-15 22:45:00,1.18182,1.18203,1.18179,1.18198,1,1.0,1,1,1.18182,False,False,,,,,,9999.999590000001,9999.999590000001,0.0017899999999999583,10000.001380000002
2021-09-15 23:00:00,1.18198,1.18202,1.18178,1.18178,1,1.0,1,1,1.18198,False,False,,,,,,9999.999590000001,9999.999590000001,0.0015899999999999803,10000.001180000001
2021-09-15 23:15:00,1.18179,1.18194,1.18179,1.18193,0,1.0,1,1,1.18179,False,False,,,,,,9999.999590000001,9999.999590000001,0.0017399999999998528,10000.001330000001
2021-09-15 23:30:00,1.18194,1.18195,1.18186,1.1819,0,0.0,1,0,1.18194,False,True,1.0,1.18019,1.18194,0.0017499999999999183,8e-05,9999.999590000001,10000.001260000001,0.0,10000.001260000001
2021-09-15 23:45:00,1.18192,1.18193,1.18176,1.1819,0,0.0,0,0,1.18192,False,False,,,,,,10000.001260000001,10000.001260000001,0.0,10000.001260000001
2021-09-16 00:00:00,1.18189,1.18189,1.18159,1.18173,0,0.0,0,0,1.18189,False,False,,,,,,10000.001260000001,10000.001260000001,0.0,10000.001260000001
2021-09-16 00:15:00,1.18172,1.18172,1.18162,1.18169,0,0.0,0,0,1.18172,False,False,,,,,,10000.001260000001,10000.001260000001,0.0,10000.001260000001
2021-09-16 00:30:00,1.18169,1.18203,1.18161,1.182,0,0.0,0,0,1.18169,False,False,,,,,,10000.001260000001,10000.001260000001,0.0,10000.001260000001
2021-09-16 00:45:00,1.18199,1.18204,1.18163,1.18191,0,0.0,0,0,1.18199,False,False,,,,,,10000.001260000001,10000.001260000001,0.0,10000.001260000001
2021-09-16 01:00:00,1.18189,1.18198,1.18174,1.1819,0,0.0,0,0,1.18189,False,False,,,,,,10000.001260000001,10000.001260000001,0.0,10000.001260000001
2021-09-16 01:15:00,1.1819,1.18198,1.1817,1.1818,0,0.0,0,0,1.1819,False,False,,,,,,10000.001260000001,10000.001260000001,0.0,10000.001260000001
2021-09-16 01:30:00,1.18182,1.18193,1.18151,1.18164,0,0.0,0,0,1.18182,False,False,,,,,,10000.001260000001,10000.001260000001,0.0,10000.001260000001
2021-09-16 01:45:00,1.18165,1.18182,1.18164,1.18182,0,0.0,0,0,1.18165,False,False,,,,,,10000.001260000001,10000.001260000001,0.0,10000.001260000001
2021-09-16 02:00:00,1.18184,1.18195,1.18164,1.18178,0,0.0,0,0,1.18184,False,False,,,,,,10000.001260000001,10000.001260000001,0.0,10000.001260000001
2021-09-16 02:15:00,1.18177,1.18177,1.18161,1.1817,0,0.0,0,0,1.18177,False,False,,,,,,10000.001260000001,10000.001260000001,0.0,10000.001260000001
2021-09-16 02:30:00,1.18171,1.18181,1.18169,1.18176,0,0.0,0,0,1.18171,False,False,,,,,,10000.001260000001,10000.001260000001,0.0,10000.001260000001
2021-09-16 02:45:00,1.18176,1.18196,1.18175,1.18189,0,0.0,0,0,1.18176,False,False,,,,,,10000.001260000001,10000.001260000001,0.0,10000.001260000001
2021-09-16 03:00:00,1.18187,1.18197,1.18171,1.18173,0,0.0,0,0,1.18187,False,False,,,,,,10000.001260000001,10000.001260000001,0.0,10000.001260000001
2021-09-16 03:15:00,1.18173,1.18173,1.18159,1.18161,0,0.0,0,0,1.18173,False,False,,,,,,10000.001260000001,10000.001260000001,0.0,10000.001260000001
2021-09-16 03:30:00,1.18161,1.18162,1.18126,1.1813,0,0.0,0,0,1.18161,False,False,,,,,,10000.001260000001,10000.001260000001,0.0,10000.001260000001
2021-09-16 03:45:00,1.18129,1.18132,1.18119,1.18121,0,0.0,0,0,1.18129,False,False,,,,,,10000.001260000001,10000.001260000001,0.0,10000.001260000001
2021-09-16 04:00:00,1.18121,1.18127,1.18105,1.18105,0,0.0,0,0,1.18121,False,False,,,,,,10000.001260000001,10000.001260000001,0.0,10000.001260000001
2021-09-16 04:15:00,1.18106,1.1811,1.18092,1.18101,0,0.0,0,0,1.18106,False,False,,,,,,10000.001260000001,10000.001260000001,0.0,10000.001260000001
2021-09-16 04:30:00,1.181,1.18115,1.18095,1.18103,0,0.0,0,0,1.181,False,False,,,,,,10000.001260000001,10000.001260000001,0.0,10000.001260000001
2021-09-16 04:45:00,1.18104,1.18113,1.18096,1.18096,0,0.0,0,0,1.18104,False,False,,,,,,10000.001260000001,10000.001260000001,0.0,10000.001260000001
2021-09-16 05:00:00,1.18097,1.18118,1.18091,1.18101,0,0.0,0,0,1.18097,False,False,,,,,,10000.001260000001,10000.001260000001,0.0,10000.001260000001
2021-09-16 05:15:00,1.18101,1.18112,1.18089,1.1809,0,0.0,0,0,1.18101,False,False,,,,,,10000.001260000001,10000.001260000001,0.0,10000.001260000001
2021-09-16 05:30:00,1.18091,1.18091,1.18056,1.18061,0,0.0,0,0,1.18091,False,False,,,,,,10000.001260000001,10000.001260000001,0.0,10000.001260000001
2021-09-16 05:45:00,1.18059,1.18065,1.18027,1.18027,0,0.0,0,0,1.18059,False,False,,,,,,10000.001260000001,10000.001260000001,0.0,10000.001260000001
2021-09-16 06:00:00,1.18026,1.1807,1.18013,1.18052,0,0.0,0,0,1.18026,False,False,,,,,,10000.001260000001,10000.001260000001,0.0,10000.001260000001
2021-09-16 06:15:00,1.18055,1.18072,1.18022,1.18048,0,0.0,0,0,1.18055,False,False,,,,,,10000.001260000001,10000.001260000001,0.0,10000.001260000001
2021-09-16 06:30:00,1.18048,1.18062,1.18007,1.18058,0,0.0,0,0,1.18048,False,False,,,,,,10000.001260000001,10000.001260000001,0.0,10000.001260000001
2021-09-16 06:45:00,1.18055,1.1806,1.17909,1.17917,0,0.0,0,0,1.18055,False,False,,,,,,10000.001260000001,10000.001260000001,0.0,10000.001260000001
2021-09-16 07:00:00,1.17916,1.1795,1.17881,1.17886,0,0.0,0,0,1.17916,False,False,,,,,,10000.001260000001,10000.001260000001,0.0,10000.001260000001
2021-09-16 07:15:00,1.17885,1.17932,1.17861,1.17892,0,0.0,0,0,1.17885,False,False,,,,,,10000.001260000001,10000.001260000001,0.0,10000.001260000001
2021-09-16 07:30:00,1.17893,1.17928,1.17844,1.17845,0,0.0,0,0,1.17893,False,False,,,,,,10000.001260000001,10000.001260000001,0.0,10000.001260000001
2021-09-16 07:45:00,1.17847,1.17853,1.17778,1.17814,0,0.0,0,0,1.17847,False,False,,,,,,10000.001260000001,10000.001260000001,0.0,10000.001260000001
2021-09-16 08:00:00,1.17815,1.17844,1.17762,1.17763,0,0.0,0,0,1.17815,False,False,,,,,,10000.001260000001,10000.001260000001,0.0,10000.001260000001
2021-09-16 08:15:00,1.17762,1.17783,1.17739,1.17772,0,0.0,0,0,1.17762,False,False,,,,,,10000.001260000001,10000.001260000001,0.0,10000.001260000001
2021-09-16 08:30:00,1.17771,1.17782,1.17736,1.17749,0,0.0,0,0,1.17771,False,False,,,,,,10000.001260000001,10000.001260000001,0.0,10000.001260000001
2021-09-16 08:45:00,1.17751,1.17764,1.17721,1.17726,0,0.0,0,0,1.17751,False,False,,,,,,10000.001260000001,10000.001260000001,0.0,10000.001260000001
2021-09-16 09:00:00,1.17726,1.17776,1.17665,1.17668,0,0.0,0,0,1.17726,False,False,,,,,,10000.001260000001,10000.001260000001,0.0,10000.001260000001
2021-09-16 09:15:00,1.17669,1.17743,1.17661,1.17702,0,0.0,0,0,1.17669,False,False,,,,,,10000.001260000001,10000.001260000001,0.0,10000.001260000001
2021-09-16 09:30:00,1.177,1.17735,1.17693,1.177,0,0.0,0,0,1.177,False,False,,,,,,10000.001260000001,10000.001260000001,0.0,10000.001260000001
2021-09-16 09:45:00,1.17701,1.17718,1.17668,1.17707,0,0.0,0,0,1.17701,False,False,,,,,,10000.001260000001,10000.001260000001,0.0,10000.001260000001
2021-09-16 10:00:00,1.17708,1.17708,1.17661,1.17666,0,0.0,0,0,1.17708,False,False,,,,,,10000.001260000001,10000.001260000001,0.0,10000.001260000001
2021-09-16 10:15:00,1.17665,1.17718,1.17653,1.17659,0,0.0,0,0,1.17665,False,False,,,,,,10000.001260000001,10000.001260000001,0.0,10000.001260000001
2021-09-16 10:30:00,1.17658,1.17681,1.17618,1.17627,0,0.0,0,0,1.17658,False,False,,,,,,10000.001260000001,10000.001260000001,0.0,10000.001260000001
2021-09-16 10:45:00,1.17629,1.17669,1.17618,1.17661,0,0.0,0,0,1.17629,False,False,,,,,,10000.001260000001,10000.001260000001,0.0,10000.001260000001
2021-09-16 11:00:00,1.17662,1.17698,1.17656,1.17694,0,0.0,0,0,1.17662,False,False,,,,,,10000.001260000001,10000.001260000001,0.0,10000.001260000001
2021-09-16 11:15:00,1.17693,1.17727,1.17687,1.17726,0,0.0,0,0,1.17693,False,False,,,,,,10000.001260000001,10000.001260000001,0.0,10000.001260000001
2021-09-16 11:30:00,1.17725,1.17742,1.1771,1.17717,0,0.0,0,0,1.17725,False,False,,,,,,10000.001260000001,10000.001260000001,0.0,10000.001260000001
2021-09-16 11:45:00,1.17717,1.17727,1.17685,1.17686,0,0.0,0,0,1.17717,False,False,,,,,,10000.001260000001,10000.001260000001,0.0,10000.001260000001
2021-09-16 12:00:00,1.17684,1.17696,1.17626,1.17626,0,0.0,0,0,1.17684,False,False,,,,,,10000.001260000001,10000.001260000001,0.0,10000.001260000001
2021-09-16 12:15:00,1.17627,1.17644,1.17591,1.17637,0,0.0,0,0,1.17627,False,False,,,,,,10000.001260000001,10000.001260000001,0.0,10000.001260000001
2021-09-16 12:30:00,1.17638,1.1766,1.17536,1.17563,0,0.0,0,0,1.17638,False,False,,,,,,10000.001260000001,10000.001260000001,0.0,10000.001260000001
2021-09-16 12:45:00,1.1756,1.17567,1.17519,1.17549,0,0.0,0,0,1.1756,False,False,,,,,,10000.001260000001,10000.001260000001,0.0,10000.001260000001
2021-09-16 13:00:00,1.17547,1.17555,1.17519,1.17538,0,0.0,0,0,1.17547,False,False,,,,,,10000.001260000001,10000.001260000001,0.0,10000.001260000001
2021-09-16 13:15:00,1.17537,1.17615,1.17529,1.17564,0,0.0,0,0,1.17537,False,False,,,,,,10000.001260000001,10000.001260000001,0.0,10000.001260000001
2021-09-16 13:30:00,1.17564,1.17595,1.17504,1.17562,0,0.0,0,0,1.17564,False,False,,,,,,10000.001260000001,10000.001260000001,0.0,10000.001260000001
2021-09-16 13:45:00,1.17562,1.17578,1.17512,1.17573,0,0.0,0,0,1.17562,False,False,,,,,,10000.001260000001,10000.001260000001,0.0,10000.001260000001
2021-09-16 14:00:00,1.17572,1.17597,1.17545,1.17585,0,0.0,0,0,1.17572,False,False,,,,,,10000.001260000001,10000.001260000001,0.0,10000.001260000001
2021-09-16 14:15:00,1.17586,1.17586,1.17537,1.1758,0,0.0,0,0,1.17586,False,False,,,,,,10000.001260000001,10000.001260000001,0.0,10000.001260000001
2021-09-16 14:30:00,1.17579,1.17663,1.17562,1.17649,0,0.0,0,0,1.17579,False,False,,,,,,10000.001260000001,10000.001260000001,0.0,10000.001260000001
2021-09-16 14:45:00,1.17648,1.17684,1.17616,1.17627,0,0.0,0,0,1.17648,False,False,,,,,,10000.001260000001,10000.001260000001,0.0,10000.001260000001
2021-09-16 15:00:00,1.17626,1.17669,1.17608,1.17621,0,0.0,0,0,1.17626,False,False,,,,,,10000.001260000001,10000.001260000001,0.0,10000.001260000001
2021-09-16 15:15:00,1.1762,1.17645,1.17594,1.17599,0,0.0,0,0,1.1762,False,False,,,,,,10000.001260000001,10000.001260000001,0.0,10000.001260000001
2021-09-16 15:30:00,1.17602,1.17607,1.17553,1.17576,0,0.0,0,0,1.17602,False,False,,,,,,10000.001260000001,10000.001260000001,0.0,10000.001260000001
2021-09-16 15:45:00,1.17575,1.17645,1.17568,1.17632,0,0.0,0,0,1.17575,False,False,,,,,,10000.001260000001,10000.001260000001,0.0,10000.001260000001
2021-09-16 16:00:00,1.17631,1.17642,1.17605,1.17632,0,0.0,0,0,1.17631,False,False,,,,,,10000.001260000001,10000.001260000001,0.0,10000.001260000001
2021-09-16 16:15:00,1.17632,1.1764,1.17613,1.17627,0,0.0,0,0,1.17632,False,False,,,,,,10000.001260000001,10000.001260000001,0.0,10000.001260000001
2021-09-16 16:30:00,1.17627,1.17638,1.17617,1.17622,0,0.0,0,0,1.17627,False,False,,,,,,10000.001260000001,10000.001260000001,0.0,10000.001260000001
2021-09-16 16:45:00,1.17623,1.17631,1.17582,1.17595,0,0.0,0,0,1.17623,False,False,,,,,,10000.001260000001,10000.001260000001,0.0,10000.001260000001
2021-09-16 17:00:00,1.17595,1.17613,1.17576,1.17581,0,0.0,0,0,1.17595,False,False,,,,,,10000.001260000001,10000.001260000001,0.0,10000.001260000001
2021-09-16 17:15:00,1.1758,1.17584,1.17559,1.1756,0,0.0,0,0,1.1758,False,False,,,,,,10000.001260000001,10000.001260000001,0.0,10000.001260000001
2021-09-16 17:30:00,1.17561,1.17565,1.17537,1.1755,0,0.0,0,0,1.17561,False,False,,,,,,10000.001260000001,10000.001260000001,0.0,10000.001260000001
2021-09-16 17:45:00,1.17548,1.17559,1.17543,1.17556,0,0.0,0,0,1.17548,False,False,,,,,,10000.001260000001,10000.001260000001,0.0,10000.001260000001
2021-09-16 18:00:00,1.17556,1.17567,1.1755,1.1755,0,0.0,0,0,1.17556,False,False,,,,,,10000.001260000001,10000.001260000001,0.0,10000.001260000001
2021-09-16 18:15:00,1.17551,1.17563,1.17545,1.17562,0,0.0,0,0,1.17551,False,False,,,,,,10000.001260000001,10000.001260000001,0.0,10000.001260000001
2021-09-16 18:30:00,1.17563,1.17571,1.17544,1.17547,0,0.0,0,0,1.17563,False,False,,,,,,10000.001260000001,10000.001260000001,0.0,10000.001260000001
2021-09-16 18:45:00,1.17547,1.17569,1.17535,1.17537,0,0.0,0,0,1.17547,False,False,,,,,,10000.001260000001,10000.001260000001,0.0,10000.001260000001
2021-09-16 19:00:00,1.17538,1.17712,1.17532,1.17632,0,0.0,0,0,1.17538,False,False,,,,,,10000.001260000001,10000.001260000001,0.0,10000.001260000001
2021-09-16 19:15:00,1.17632,1.1769,1.17618,1.17648,0,0.0,0,0,1.17632,False,False,,,,,,10000.001260000001,10000.001260000001,0.0,10000.001260000001
2021-09-16 19:30:00,1.1765,1.17675,1.17632,1.17646,0,0.0,0,0,1.1765,False,False,,,,,,10000.001260000001,10000.001260000001,0.0,10000.001260000001
2021-09-16 19:45:00,1.17647,1.1769,1.17638,1.17689,0,0.0,0,0,1.17647,False,False,,,,,,10000.001260000001,10000.001260000001,0.0,10000.001260000001
2021-09-16 20:00:00,1.17689,1.17711,1.17665,1.17685,0,0.0,0,0,1.17689,False,False,,,,,,10000.001260000001,10000.001260000001,0.0,10000.001260000001
2021-09-16 20:15:00,1.17685,1.17706,1.17675,1.17702,0,0.0,0,0,1.17685,False,False,,,,,,10000.001260000001,10000.001260000001,0.0,10000.001260000001
2021-09-16 20:30:00,1.17703,1.17705,1.17672,1.17672,0,0.0,0,0,1.17703,False,False,,,,,,10000.001260000001,10000.001260000001,0.0,10000.001260000001
2021-09-16 20:45:00,1.17673,1.17695,1.17626,1.17633,0,0.0,0,0,1.17673,False,False,,,,,,10000.001260000001,10000.001260000001,0.0,10000.001260000001
2021-09-16 21:00:00,1.17679,1.17679,1.17609,1.17646,0,0.0,0,0,1.17679,False,False,,,,,,10000.001260000001,10000.001260000001,0.0,10000.001260000001
2021-09-16 21:15:00,1.17646,1.17675,1.17633,1.17669,0,0.0,0,0,1.17646,False,False,,,,,,10000.001260000001,10000.001260000001,0.0,10000.001260000001
2021-09-16 21:30:00,1.17671,1.17691,1.17651,1.17675,0,0.0,0,0,1.17671,False,False,,,,,,10000.001260000001,10000.001260000001,0.0,10000.001260000001
2021-09-16 21:45:00,1.17675,1.17693,1.1767,1.17686,0,0.0,0,0,1.17675,False,False,,,,,,10000.001260000001,10000.001260000001,0.0,10000.001260000001
2021-09-16 22:00:00,1.17677,1.17687,1.1766,1.17667,0,0.0,0,0,1.17677,False,False,,,,,,10000.001260000001,10000.001260000001,0.0,10000.001260000001
2021-09-16 22:15:00,1.17666,1.1768,1.1765,1.17656,0,0.0,0,0,1.17666,False,False,,,,,,10000.001260000001,10000.001260000001,0.0,10000.001260000001
2021-09-16 22:30:00,1.17654,1.17658,1.17644,1.17644,0,0.0,0,0,1.17654,False,False,,,,,,10000.001260000001,10000.001260000001,0.0,10000.001260000001
2021-09-16 22:45:00,1.17644,1.17653,1.1764,1.17653,0,0.0,0,0,1.17644,False,False,,,,,,10000.001260000001,10000.001260000001,0.0,10000.001260000001
2021-09-16 23:00:00,1.17654,1.17659,1.17648,1.17649,0,0.0,0,0,1.17654,False,False,,,,,,10000.001260000001,10000.001260000001,0.0,10000.001260000001
2021-09-16 23:15:00,1.17647,1.17651,1.17643,1.17648,0,0.0,0,0,1.17647,False,False,,,,,,10000.001260000001,10000.001260000001,0.0,10000.001260000001
2021-09-16 23:30:00,1.17648,1.17655,1.17644,1.17648,0,0.0,0,0,1.17648,False,False,,,,,,10000.001260000001,10000.001260000001,0.0,10000.001260000001
2021-09-16 23:45:00,1.17648,1.17655,1.17643,1.17648,0,0.0,0,0,1.17648,False,False,,,,,,10000.001260000001,10000.001260000001,0.0,10000.001260000001
2021-09-17 00:00:00,1.17647,1.17654,1.17604,1.17607,0,0.0,0,0,1.17647,False,False,,,,,,10000.001260000001,10000.001260000001,0.0,10000.001260000001
2021-09-17 00:15:00,1.17608,1.17621,1.17604,1.17614,1,0.0,0,0,1.17608,False,False,,,,,,10000.001260000001,10000.001260000001,0.0,10000.001260000001
2021-09-17 00:30:00,1.17614,1.17635,1.17596,1.17607,1,1.0,0,1,1.17614,True,False,,,,,,10000.001260000001,10000.001180000001,-7.00000000000145e-05,10000.001110000001
2021-09-17 00:45:00,1.17607,1.17612,1.17591,1.17597,1,1.0,1,1,1.17607,False,False,,,,,,10000.001180000001,10000.001180000001,-0.00017000000000000348,10000.001010000002
2021-09-17 01:00:00,1.17597,1.17638,1.17586,1.17638,1,1.0,1,1,1.17597,False,False,,,,,,10000.001180000001,10000.001180000001,0.00024000000000001798,10000.00142
2021-09-17 01:15:00,1.17637,1.17666,1.17634,1.17664,1,1.0,1,1,1.17637,False,False,,,,,,10000.001180000001,10000.001180000001,0.0004999999999999449,10000.001680000001
2021-09-17 01:30:00,1.17665,1.17672,1.17631,1.17653,1,1.0,1,1,1.17665,False,False,,,,,,10000.001180000001,10000.001180000001,0.0003900000000001125,10000.00157
2021-09-17 01:45:00,1.17652,1.17663,1.17599,1.17603,1,1.0,1,1,1.17652,False,False,,,,,,10000.001180000001,10000.001180000001,-0.0001100000000000545,10000.00107
2021-09-17 02:00:00,1.17602,1.17633,1.176,1.17633,1,1.0,1,1,1.17602,False,False,,,,,,10000.001180000001,10000.001180000001,0.0001900000000001345,10000.001370000002
2021-09-17 02:15:00,1.17633,1.17647,1.17622,1.17637,1,1.0,1,1,1.17633,False,False,,,,,,10000.001180000001,10000.001180000001,0.00022999999999995246,10000.00141
2021-09-17 02:30:00,1.17639,1.17644,1.17629,1.17642,1,1.0,1,1,1.17639,False,False,,,,,,10000.001180000001,10000.001180000001,0.000280000000000058,10000.001460000001
2021-09-17 02:45:00,1.17643,1.17681,1.17637,1.17672,1,1.0,1,1,1.17643,False,False,,,,,,10000.001180000001,10000.001180000001,0.0005800000000000249,10000.001760000001
2021-09-17 03:00:00,1.17672,1.17697,1.17662,1.17687,1,1.0,1,1,1.17672,False,False,,,,,,10000.001180000001,10000.001180000001,0.0007300000000001194,10000.00191
2021-09-17 03:15:00,1.17688,1.17696,1.17678,1.17684,1,1.0,1,1,1.17688,False,False,,,,,,10000.001180000001,10000.001180000001,0.000700000000000145,10000.001880000002
2021-09-17 03:30:00,1.17684,1.17694,1.17681,1.17686,1,1.0,1,1,1.17684,False,False,,,,,,10000.001180000001,10000.001180000001,0.0007200000000000539,10000.001900000001
2021-09-17 03:45:00,1.17685,1.177,1.17681,1.17688,1,1.0,1,1,1.17685,False,False,,,,,,10000.001180000001,10000.001180000001,0.0007399999999999629,10000.00192
2021-09-17 04:00:00,1.17689,1.17715,1.17686,1.17708,1,1.0,1,1,1.17689,False,False,,,,,,10000.001180000001,10000.001180000001,0.0009399999999999409,10000.002120000001
2021-09-17 04:15:00,1.17707,1.1773,1.17702,1.1773,1,1.0,1,1,1.17707,False,False,,,,,,10000.001180000001,10000.001180000001,0.0011600000000000499,10000.002340000001
2021-09-17 04:30:00,1.17729,1.17733,1.17713,1.17718,1,1.0,1,1,1.17729,False,False,,,,,,10000.001180000001,10000.001180000001,0.0010399999999999299,10000.00222
2021-09-17 04:45:00,1.17719,1.17734,1.17703,1.17731,1,1.0,1,1,1.17719,False,False,,,,,,10000.001180000001,10000.001180000001,0.0011700000000001154,10000.00235
2021-09-17 05:00:00,1.17731,1.17743,1.17723,1.17732,1,1.0,1,1,1.17731,False,False,,,,,,10000.001180000001,10000.001180000001,0.0011799999999999589,10000.00236
2021-09-17 05:15:00,1.17732,1.17735,1.17704,1.17705,1,1.0,1,1,1.17732,False,False,,,,,,10000.001180000001,10000.001180000001,0.0009099999999999664,10000.002090000002
2021-09-17 05:30:00,1.17706,1.17713,1.17683,1.17688,1,1.0,1,1,1.17706,False,False,,,,,,10000.001180000001,10000.001180000001,0.0007399999999999629,10000.00192
2021-09-17 05:45:00,1.17688,1.17705,1.17678,1.17704,1,1.0,1,1,1.17688,False,False,,,,,,10000.001180000001,10000.001180000001,0.0009000000000001229,10000.00208
2021-09-17 06:00:00,1.17702,1.17747,1.17686,1.17733,1,1.0,1,1,1.17702,False,False,,,,,,10000.001180000001,10000.001180000001,0.0011900000000000244,10000.002370000002
2021-09-17 06:15:00,1.17734,1.17743,1.17703,1.17717,1,1.0,1,1,1.17734,False,False,,,,,,10000.001180000001,10000.001180000001,0.0010300000000000864,10000.00221
2021-09-17 06:30:00,1.17719,1.17737,1.17693,1.17722,1,1.0,1,1,1.17719,False,False,,,,,,10000.001180000001,10000.001180000001,0.0010799999999999699,10000.002260000001
2021-09-17 06:45:00,1.17724,1.17747,1.17715,1.17723,1,1.0,1,1,1.17724,False,False,,,,,,10000.001180000001,10000.001180000001,0.0010900000000000354,10000.00227
2021-09-17 07:00:00,1.17721,1.17849,1.17715,1.17832,1,1.0,1,1,1.17721,False,False,,,,,,10000.001180000001,10000.001180000001,0.0021800000000000708,10000.00336
2021-09-17 07:15:00,1.17833,1.17837,1.1778,1.17821,1,1.0,1,1,1.17833,False,False,,,,,,10000.001180000001,10000.001180000001,0.0020700000000000163,10000.003250000002
2021-09-17 07:30:00,1.1782,1.17825,1.17745,1.17756,1,1.0,1,1,1.1782,False,False,,,,,,10000.001180000001,10000.001180000001,0.0014199999999999768,10000.002600000002
2021-09-17 07:45:00,1.17757,1.1776,1.17717,1.17728,1,1.0,1,1,1.17757,False,False,,,,,,10000.001180000001,10000.001180000001,0.001140000000000141,10000.002320000001
2021-09-17 08:00:00,1.17727,1.17805,1.17684,1.17785,1,1.0,1,1,1.17727,False,False,,,,,,10000.001180000001,10000.001180000001,0.0017100000000001003,10000.002890000002
2021-09-17 08:15:00,1.17783,1.17802,1.1776,1.1778,1,1.0,1,1,1.17783,False,False,,,,,,10000.001180000001,10000.001180000001,0.0016599999999999948,10000.002840000001
2021-09-17 08:30:00,1.17778,1.1783,1.17739,1.17802,1,1.0,1,1,1.17778,False,False,,,,,,10000.001180000001,10000.001180000001,0.0018800000000001038,10000.003060000001
2021-09-17 08:45:00,1.17802,1.17806,1.17761,1.17771,1,1.0,1,1,1.17802,False,False,,,,,,10000.001180000001,10000.001180000001,0.0015700000000000713,10000.002750000001
2021-09-17 09:00:00,1.1777,1.17824,1.1774,1.17789,1,1.0,1,1,1.1777,False,False,,,,,,10000.001180000001,10000.001180000001,0.0017500000000001403,10000.00293
2021-09-17 09:15:00,1.1779,1.17817,1.17773,1.17793,1,1.0,1,1,1.1779,False,False,,,,,,10000.001180000001,10000.001180000001,0.0017899999999999583,10000.002970000001
2021-09-17 09:30:00,1.17792,1.17808,1.17765,1.17785,1,1.0,1,1,1.17792,False,False,,,,,,10000.001180000001,10000.001180000001,0.0017100000000001003,10000.002890000002
2021-09-17 09:45:00,1.17786,1.17876,1.1777,1.17819,1,1.0,1,1,1.17786,False,False,,,,,,10000.001180000001,10000.001180000001,0.0020500000000001073,10000.00323
2021-09-17 10:00:00,1.17817,1.17844,1.17812,1.17819,1,1.0,1,1,1.17817,False,False,,,,,,10000.001180000001,10000.001180000001,0.0020500000000001073,10000.00323
2021-09-17 10:15:00,1.17822,1.17859,1.17795,1.17852,1,1.0,1,1,1.17822,False,False,,,,,,10000.001180000001,10000.001180000001,0.0023800000000000487,10000.003560000001
2021-09-17 10:30:00,1.17851,1.17858,1.17805,1.17805,1,1.0,1,1,1.17851,False,False,,,,,,10000.001180000001,10000.001180000001,0.0019100000000000783,10000.003090000002
2021-09-17 10:45:00,1.17806,1.17827,1.17786,1.17826,1,1.0,1,1,1.17806,False,False,,,,,,10000.001180000001,10000.001180000001,0.002120000000000122,10000.0033
2021-09-17 11:00:00,1.17827,1.17837,1.17756,1.17808,1,1.0,1,1,1.17827,False,False,,,,,,10000.001180000001,10000.001180000001,0.0019400000000000528,10000.003120000001
2021-09-17 11:15:00,1.17809,1.17821,1.17765,1.17773,1,1.0,1,1,1.17809,False,False,,,,,,10000.001180000001,10000.001180000001,0.0015899999999999803,10000.002770000001
2021-09-17 11:30:00,1.17774,1.17826,1.17769,1.17802,1,1.0,1,1,1.17774,False,False,,,,,,10000.001180000001,10000.001180000001,0.0018800000000001038,10000.003060000001
2021-09-17 11:45:00,1.17801,1.17883,1.17798,1.17883,1,1.0,1,1,1.17801,False,False,,,,,,10000.001180000001,10000.001180000001,0.002690000000000081,10000.00387
2021-09-17 12:00:00,1.17884,1.17888,1.17791,1.17794,1,1.0,1,1,1.17884,False,False,,,,,,10000.001180000001,10000.001180000001,0.0018000000000000238,10000.002980000001
2021-09-17 12:15:00,1.17793,1.17841,1.17788,1.17806,1,1.0,1,1,1.17793,False,False,,,,,,10000.001180000001,10000.001180000001,0.0019200000000001438,10000.003100000002
2021-09-17 12:30:00,1.17805,1.17808,1.17772,1.17772,1,1.0,1,1,1.17805,False,False,,,,,,10000.001180000001,10000.001180000001,0.0015800000000001369,10000.002760000001
2021-09-17 12:45:00,1.17773,1.17789,1.17726,1.17735,1,1.0,1,1,1.17773,False,False,,,,,,10000.001180000001,10000.001180000001,0.0012099999999999334,10000.002390000001
2021-09-17 13:00:00,1.17734,1.17749,1.17655,1.17655,1,1.0,1,1,1.17734,False,False,,,,,,10000.001180000001,10000.001180000001,0.00041000000000002146,10000.001590000002
2021-09-17 13:15:00,1.17653,1.17657,1.17559,1.17563,1,1.0,1,1,1.17653,False,False,,,,,,10000.001180000001,10000.001180000001,-0.0005100000000000104,10000.000670000001
2021-09-17 13:30:00,1.17563,1.17634,1.17547,1.17555,1,1.0,1,1,1.17563,False,False,,,,,,10000.001180000001,10000.001180000001,-0.0005899999999998684,10000.000590000001
2021-09-17 13:45:00,1.17553,1.17571,1.17507,1.17536,1,1.0,1,1,1.17553,False,False,,,,,,10000.001180000001,10000.001180000001,-0.0007800000000000029,10000.0004
2021-09-17 14:00:00,1.17535,1.1757,1.17464,1.17479,1,1.0,1,1,1.17535,False,False,,,,,,10000.001180000001,10000.001180000001,-0.0013499999999999623,9999.99983
2021-09-17 14:15:00,1.17479,1.17483,1.17411,1.17415,1,1.0,1,1,1.17479,False,False,,,,,,10000.001180000001,10000.001180000001,-0.0019899999999999363,9999.99919
2021-09-17 14:30:00,1.17414,1.17482,1.17405,1.1747,1,1.0,1,1,1.17414,False,False,,,,,,10000.001180000001,10000.001180000001,-0.0014399999999998858,9999.999740000001
2021-09-17 14:45:00,1.17467,1.17467,1.17342,1.17378,1,1.0,1,1,1.17467,False,False,,,,,,10000.001180000001,10000.001180000001,-0.0023599999999999177,9999.99882
2021-09-17 15:00:00,1.17377,1.17388,1.1729,1.17367,1,1.0,1,1,1.17377,False,False,,,,,,10000.001180000001,10000.001180000001,-0.0024699999999999722,9999.998710000002
2021-09-17 15:15:00,1.17365,1.17405,1.17334,1.17352,1,1.0,1,1,1.17365,False,False,,,,,,10000.001180000001,10000.001180000001,-0.0026200000000000667,9999.998560000002
2021-09-17 15:30:00,1.17351,1.17355,1.17308,1.1734,1,1.0,1,1,1.17351,False,False,,,,,,10000.001180000001,10000.001180000001,-0.0027399999999999647,9999.998440000001
2021-09-17 15:45:00,1.17339,1.17344,1.17287,1.17335,1,1.0,1,1,1.17339,False,False,,,,,,10000.001180000001,10000.001180000001,-0.00279000000000007,9999.99839
2021-09-17 16:00:00,1.17336,1.17365,1.17315,1.17354,1,1.0,1,1,1.17336,False,False,,,,,,10000.001180000001,10000.001180000001,-0.0025999999999999357,9999.998580000001
2021-09-17 16:15:00,1.17352,1.17357,1.17312,1.17317,1,1.0,1,1,1.17352,False,False,,,,,,10000.001180000001,10000.001180000001,-0.002969999999999917,9999.998210000002
2021-09-17 16:30:00,1.17319,1.17349,1.17294,1.17297,1,1.0,1,1,1.17319,False,False,,,,,,10000.001180000001,10000.001180000001,-0.003169999999999895,9999.998010000001
2021-09-17 16:45:00,1.17298,1.17303,1.17247,1.17254,1,1.0,1,1,1.17298,False,False,,,,,,10000.001180000001,10000.001180000001,-0.0036000000000000476,9999.997580000001
2021-09-17 17:00:00,1.17255,1.17275,1.17245,1.1726,1,1.0,1,1,1.17255,False,False,,,,,,10000.001180000001,10000.001180000001,-0.0035399999999998766,9999.997640000001
2021-09-17 17:15:00,1.1726,1.17299,1.17254,1.17298,1,1.0,1,1,1.1726,False,False,,,,,,10000.001180000001,10000.001180000001,-0.0031600000000000517,9999.99802
2021-09-17 17:30:00,1.17298,1.17319,1.17286,1.17291,1,1.0,1,1,1.17298,False,False,,,,,,10000.001180000001,10000.001180000001,-0.003230000000000066,9999.99795
2021-09-17 17:45:00,1.17293,1.17293,1.17259,1.17269,1,1.0,1,1,1.17293,False,False,,,,,,10000.001180000001,10000.001180000001,-0.003449999999999953,9999.997730000001
2021-09-17 18:00:00,1.17269,1.17301,1.17269,1.17281,1,1.0,1,1,1.17269,False,False,,,,,,10000.001180000001,10000.001180000001,-0.003330000000000055,9999.997850000002
2021-09-17 18:15:00,1.17282,1.17288,1.17254,1.17274,1,1.0,1,1,1.17282,False,False,,,,,,10000.001180000001,10000.001180000001,-0.0034000000000000696,9999.997780000002
2021-09-17 18:30:00,1.17275,1.17287,1.17266,1.17274,1,1.0,1,1,1.17275,False,False,,,,,,10000.001180000001,10000.001180000001,-0.0034000000000000696,9999.997780000002
2021-09-17 18:45:00,1.17275,1.17296,1.17265,1.1729,1,1.0,1,1,1.17275,False,False,,,,,,10000.001180000001,10000.001180000001,-0.0032399999999999096,9999.997940000001
2021-09-17 19:00:00,1.17291,1.17306,1.1729,1.17299,1,1.0,1,1,1.17291,False,False,,,,,,10000.001180000001,10000.001180000001,-0.003149999999999986,9999.99803
2021-09-17 19:15:00,1.17298,1.17321,1.17295,1.17317,1,1.0,1,1,1.17298,False,False,,,,,,10000.001180000001,10000.001180000001,-0.002969999999999917,9999.998210000002
2021-09-17 19:30:00,1.17317,1.17317,1.17294,1.17308,1,1.0,1,1,1.17317,False,False,,,,,,10000.001180000001,10000.001180000001,-0.0030600000000000627,9999.998120000002
2021-09-17 19:45:00,1.17309,1.1732,1.17293,1.17305,1,1.0,1,1,1.17309,False,False,,,,,,10000.001180000001,10000.001180000001,-0.003090000000000037,9999.998090000001
2021-09-17 20:00:00,1.17304,1.17311,1.17278,1.17284,1,1.0,1,1,1.17304,False,False,,,,,,10000.001180000001,10000.001180000001,-0.0032999999999998586,9999.99788
2021-09-17 20:15:00,1.17283,1.17291,1.17259,1.17263,1,1.0,1,1,1.17283,False,False,,,,,,10000.001180000001,10000.001180000001,-0.003509999999999902,9999.99767
2021-09-17 20:30:00,1.17261,1.17267,1.17248,1.17252,1,1.0,1,1,1.17261,False,False,,,,,,10000.001180000001,10000.001180000001,-0.0036199999999999566,9999.997560000002
2021-09-17 20:45:00,1.17253,1.17264,1.17235,1.17239,1,1.0,1,1,1.17253,False,False,,,,,,10000.001180000001,10000.001180000001,-0.00374999999999992,9999.997430000001
2021-09-19 21:00:00,1.17288,1.17305,1.17243,1.17284,1,1.0,1,1,1.17288,False,False,,,,,,10000.001180000001,10000.001180000001,-0.0032999999999998586,9999.99788
2021-09-19 21:15:00,1.17283,1.17286,1.17268,1.17283,1,1.0,1,1,1.17283,False,False,,,,,,10000.001180000001,10000.001180000001,-0.003309999999999924,9999.997870000001
2021-09-19 21:30:00,1.17285,1.17298,1.17277,1.17283,1,1.0,1,1,1.17285,False,False,,,,,,10000.001180000001,10000.001180000001,-0.003309999999999924,9999.997870000001
2021-09-19 21:45:00,1.17283,1.17292,1.1727,1.17271,1,1.0,1,1,1.17283,False,False,,,,,,10000.001180000001,10000.001180000001,-0.003430000000000044,9999.99775
2021-09-19 22:00:00,1.1727,1.17286,1.17254,1.17271,1,1.0,1,1,1.1727,False,False,,,,,,10000.001180000001,10000.001180000001,-0.003430000000000044,9999.99775
2021-09-19 22:15:00,1.17272,1.17272,1.17232,1.17233,1,1.0,1,1,1.17272,False,False,,,,,,10000.001180000001,10000.001180000001,-0.003809999999999869,9999.997370000001
2021-09-19 22:30:00,1.17234,1.17274,1.17234,1.17267,1,1.0,1,1,1.17234,False,False,,,,,,10000.001180000001,10000.001180000001,-0.003469999999999862,9999.997710000001
2021-09-19 22:45:00,1.17269,1.17271,1.17257,1.17267,1,1.0,1,1,1.17269,False,False,,,,,,10000.001180000001,10000.001180000001,-0.003469999999999862,9999.997710000001
2021-09-19 23:00:00,1.17271,1.17289,1.17261,1.17273,1,1.0,1,1,1.17271,False,False,,,,,,10000.001180000001,10000.001180000001,-0.003409999999999913,9999.997770000002
2021-09-19 23:15:00,1.17272,1.1728,1.17267,1.17276,1,1.0,1,1,1.17272,False,False,,,,,,10000.001180000001,10000.001180000001,-0.0033799999999999386,9999.997800000001
2021-09-19 23:30:00,1.17275,1.17276,1.17262,1.17266,1,1.0,1,1,1.17275,False,False,,,,,,10000.001180000001,10000.001180000001,-0.0034799999999999276,9999.997700000002
2021-09-19 23:45:00,1.17267,1.17294,1.17262,1.17292,1,1.0,1,1,1.17267,False,False,,,,,,10000.001180000001,10000.001180000001,-0.0032200000000000006,9999.99796
2021-09-20 00:00:00,1.17293,1.17296,1.1725,1.1725,1,1.0,1,1,1.17293,False,False,,,,,,10000.001180000001,10000.001180000001,-0.0036399999999998656,9999.99754
2021-09-20 00:15:00,1.17251,1.17282,1.17251,1.17266,1,1.0,1,1,1.17251,False,False,,,,,,10000.001180000001,10000.001180000001,-0.0034799999999999276,9999.997700000002
2021-09-20 00:30:00,1.17266,1.17266,1.17231,1.17239,1,1.0,1,1,1.17266,False,False,,,,,,10000.001180000001,10000.001180000001,-0.00374999999999992,9999.997430000001
2021-09-20 00:45:00,1.1724,1.1724,1.17228,1.17236,1,1.0,1,1,1.1724,False,False,,,,,,10000.001180000001,10000.001180000001,-0.0037799999999998946,9999.997400000002
2021-09-20 01:00:00,1.17235,1.17237,1.17209,1.17212,1,1.0,1,1,1.17235,False,False,,,,,,10000.001180000001,10000.001180000001,-0.0040199999999999125,9999.99716
2021-09-20 01:15:00,1.17213,1.17213,1.17199,1.17209,0,1.0,1,1,1.17213,False,False,,,,,,10000.001180000001,10000.001180000001,-0.004049999999999887,9999.997130000002
2021-09-20 01:30:00,1.17211,1.17217,1.17187,1.17207,0,0.0,1,0,1.17211,False,True,1.0,1.17614,1.17211,-0.004029999999999978,8e-05,10000.001180000001,9999.997070000001,0.0,9999.997070000001
2021-09-20 01:45:00,1.17206,1.17211,1.17183,1.17184,0,0.0,0,0,1.17206,False,False,,,,,,9999.997070000001,9999.997070000001,0.0,9999.997070000001
2021-09-20 02:00:00,1.17185,1.1719,1.17158,1.17164,0,0.0,0,0,1.17185,False,False,,,,,,9999.997070000001,9999.997070000001,0.0,9999.997070000001
2021-09-20 02:15:00,1.17163,1.17163,1.17111,1.17127,0,0.0,0,0,1.17163,False,False,,,,,,9999.997070000001,9999.997070000001,0.0,9999.997070000001
2021-09-20 02:30:00,1.1713,1.1713,1.17103,1.17128,0,0.0,0,0,1.1713,False,False,,,,,,9999.997070000001,9999.997070000001,0.0,9999.997070000001
2021-09-20 02:45:00,1.17131,1.17139,1.17114,1.17123,0,0.0,0,0,1.17131,False,False,,,,,,9999.997070000001,9999.997070000001,0.0,9999.997070000001
2021-09-20 03:00:00,1.1712,1.17144,1.17117,1.17143,0,0.0,0,0,1.1712,False,False,,,,,,9999.997070000001,9999.997070000001,0.0,9999.997070000001
2021-09-20 03:15:00,1.17142,1.1715,1.17112,1.17113,0,0.0,0,0,1.17142,False,False,,,,,,9999.997070000001,9999.997070000001,0.0,9999.997070000001
2021-09-20 03:30:00,1.17112,1.17115,1.17098,1.17104,0,0.0,0,0,1.17112,False,False,,,,,,9999.997070000001,9999.997070000001,0.0,9999.997070000001
2021-09-20 03:45:00,1.17105,1.17129,1.17097,1.17106,0,0.0,0,0,1.17105,False,False,,,,,,9999.997070000001,9999.997070000001,0.0,9999.997070000001
2021-09-20 04:00:00,1.17106,1.1712,1.171,1.17111,0,0.0,0,0,1.17106,False,False,,,,,,9999.997070000001,9999.997070000001,0.0,9999.997070000001
2021-09-20 04:15:00,1.1711,1.17132,1.17107,1.1713,0,0.0,0,0,1.1711,False,False,,,,,,9999.997070000001,9999.997070000001,0.0,9999.997070000001
2021-09-20 04:30:00,1.17128,1.17139,1.17123,1.17135,0,0.0,0,0,1.17128,False,False,,,,,,9999.997070000001,9999.997070000001,0.0,9999.997070000001
2021-09-20 04:45:00,1.17135,1.17156,1.17131,1.1715,0,0.0,0,0,1.17135,False,False,,,,,,9999.997070000001,9999.997070000001,0.0,9999.997070000001
2021-09-20 05:00:00,1.17149,1.17153,1.17132,1.17135,0,0.0,0,0,1.17149,False,False,,,,,,9999.997070000001,9999.997070000001,0.0,9999.997070000001
2021-09-20 05:15:00,1.17135,1.17161,1.17135,1.17158,0,0.0,0,0,1.17135,False,False,,,,,,9999.997070000001,9999.997070000001,0.0,9999.997070000001
2021-09-20 05:30:00,1.17158,1.17173,1.17155,1.17169,0,0.0,0,0,1.17158,False,False,,,,,,9999.997070000001,9999.997070000001,0.0,9999.997070000001
2021-09-20 05:45:00,1.17169,1.17178,1.17149,1.1717,0,0.0,0,0,1.17169,False,False,,,,,,9999.997070000001,9999.997070000001,0.0,9999.997070000001
2021-09-20 06:00:00,1.17167,1.17178,1.17145,1.17165,0,0.0,0,0,1.17167,False,False,,,,,,9999.997070000001,9999.997070000001,0.0,9999.997070000001
2021-09-20 06:15:00,1.17166,1.17175,1.17128,1.17148,0,0.0,0,0,1.17166,False,False,,,,,,9999.997070000001,9999.997070000001,0.0,9999.997070000001
2021-09-20 06:30:00,1.17147,1.17159,1.1711,1.17134,0,0.0,0,0,1.17147,False,False,,,,,,9999.997070000001,9999.997070000001,0.0,9999.997070000001
2021-09-20 06:45:00,1.17133,1.17157,1.1712,1.17144,0,0.0,0,0,1.17133,False,False,,,,,,9999.997070000001,9999.997070000001,0.0,9999.997070000001
2021-09-20 07:00:00,1.17143,1.17182,1.17106,1.17118,0,0.0,0,0,1.17143,False,False,,,,,,9999.997070000001,9999.997070000001,0.0,9999.997070000001
2021-09-20 07:15:00,1.17117,1.17132,1.17058,1.17059,0,0.0,0,0,1.17117,False,False,,,,,,9999.997070000001,9999.997070000001,0.0,9999.997070000001
2021-09-20 07:30:00,1.1706,1.17124,1.17059,1.17107,0,0.0,0,0,1.1706,False,False,,,,,,9999.997070000001,9999.997070000001,0.0,9999.997070000001
2021-09-20 07:45:00,1.17108,1.17134,1.17088,1.17108,0,0.0,0,0,1.17108,False,False,,,,,,9999.997070000001,9999.997070000001,0.0,9999.997070000001
2021-09-20 08:00:00,1.1711,1.17122,1.17074,1.17088,0,0.0,0,0,1.1711,False,False,,,,,,9999.997070000001,9999.997070000001,0.0,9999.997070000001
2021-09-20 08:15:00,1.17087,1.17118,1.17064,1.17087,0,0.0,0,0,1.17087,False,False,,,,,,9999.997070000001,9999.997070000001,0.0,9999.997070000001
2021-09-20 08:30:00,1.17084,1.17135,1.17072,1.17094,0,0.0,0,0,1.17084,False,False,,,,,,9999.997070000001,9999.997070000001,0.0,9999.997070000001
2021-09-20 08:45:00,1.17094,1.17096,1.17051,1.17095,0,0.0,0,0,1.17094,False,False,,,,,,9999.997070000001,9999.997070000001,0.0,9999.997070000001
2021-09-20 09:00:00,1.17093,1.17099,1.1706,1.1709,0,0.0,0,0,1.17093,False,False,,,,,,9999.997070000001,9999.997070000001,0.0,9999.997070000001
2021-09-20 09:15:00,1.17089,1.17098,1.17015,1.17017,0,0.0,0,0,1.17089,False,False,,,,,,9999.997070000001,9999.997070000001,0.0,9999.997070000001
2021-09-20 09:30:00,1.17019,1.17033,1.17001,1.17005,0,0.0,0,0,1.17019,False,False,,,,,,9999.997070000001,9999.997070000001,0.0,9999.997070000001
2021-09-20 09:45:00,1.17006,1.17098,1.17001,1.17066,0,0.0,0,0,1.17006,False,False,,,,,,9999.997070000001,9999.997070000001,0.0,9999.997070000001
2021-09-20 10:00:00,1.17064,1.17151,1.1706,1.17135,0,0.0,0,0,1.17064,False,False,,,,,,9999.997070000001,9999.997070000001,0.0,9999.997070000001
2021-09-20 10:15:00,1.17135,1.17164,1.17124,1.17158,0,0.0,0,0,1.17135,False,False,,,,,,9999.997070000001,9999.997070000001,0.0,9999.997070000001
2021-09-20 10:30:00,1.17156,1.17161,1.17108,1.17128,0,0.0,0,0,1.17156,False,False,,,,,,9999.997070000001,9999.997070000001,0.0,9999.997070000001
2021-09-20 10:45:00,1.17127,1.17152,1.17126,1.17127,0,0.0,0,0,1.17127,False,False,,,,,,9999.997070000001,9999.997070000001,0.0,9999.997070000001
2021-09-20 11:00:00,1.17126,1.17133,1.17076,1.17076,0,0.0,0,0,1.17126,False,False,,,,,,9999.997070000001,9999.997070000001,0.0,9999.997070000001
2021-09-20 11:15:00,1.17081,1.17094,1.17053,1.17084,0,0.0,0,0,1.17081,False,False,,,,,,9999.997070000001,9999.997070000001,0.0,9999.997070000001
2021-09-20 11:30:00,1.17084,1.17103,1.17042,1.17042,0,0.0,0,0,1.17084,False,False,,,,,,9999.997070000001,9999.997070000001,0.0,9999.997070000001
2021-09-20 11:45:00,1.17042,1.17059,1.17033,1.17052,0,0.0,0,0,1.17042,False,False,,,,,,9999.997070000001,9999.997070000001,0.0,9999.997070000001
2021-09-20 12:00:00,1.17053,1.17116,1.17052,1.17113,0,0.0,0,0,1.17053,False,False,,,,,,9999.997070000001,9999.997070000001,0.0,9999.997070000001
2021-09-20 12:15:00,1.17114,1.17127,1.17065,1.17093,0,0.0,0,0,1.17114,False,False,,,,,,9999.997070000001,9999.997070000001,0.0,9999.997070000001
2021-09-20 12:30:00,1.17092,1.17137,1.17062,1.17101,0,0.0,0,0,1.17092,False,False,,,,,,9999.997070000001,9999.997070000001,0.0,9999.997070000001
2021-09-20 12:45:00,1.17102,1.17168,1.17099,1.17142,0,0.0,0,0,1.17102,False,False,,,,,,9999.997070000001,9999.997070000001,0.0,9999.997070000001
2021-09-20 13:00:00,1.17142,1.17165,1.17124,1.17161,0,0.0,0,0,1.17142,False,False,,,,,,9999.997070000001,9999.997070000001,0.0,9999.997070000001
2021-09-20 13:15:00,1.1716,1.17177,1.17125,1.17141,0,0.0,0,0,1.1716,False,False,,,,,,9999.997070000001,9999.997070000001,0.0,9999.997070000001
2021-09-20 13:30:00,1.1714,1.17176,1.17113,1.17169,0,0.0,0,0,1.1714,False,False,,,,,,9999.997070000001,9999.997070000001,0.0,9999.997070000001
2021-09-20 13:45:00,1.17168,1.17183,1.1713,1.17182,0,0.0,0,0,1.17168,False,False,,,,,,9999.997070000001,9999.997070000001,0.0,9999.997070000001
2021-09-20 14:00:00,1.1718,1.17231,1.1715,1.17191,0,0.0,0,0,1.1718,False,False,,,,,,9999.997070000001,9999.997070000001,0.0,9999.997070000001
2021-09-20 14:15:00,1.1719,1.17192,1.17126,1.17187,0,0.0,0,0,1.1719,False,False,,,,,,9999.997070000001,9999.997070000001,0.0,9999.997070000001
2021-09-20 14:30:00,1.17187,1.17257,1.17168,1.17223,0,0.0,0,0,1.17187,False,False,,,,,,9999.997070000001,9999.997070000001,0.0,9999.997070000001
2021-09-20 14:45:00,1.17223,1.17303,1.17222,1.17239,0,0.0,0,0,1.17223,False,False,,,,,,9999.997070000001,9999.997070000001,0.0,9999.997070000001
2021-09-20 15:00:00,1.17238,1.17364,1.17236,1.17349,0,0.0,0,0,1.17238,False,False,,,,,,9999.997070000001,9999.997070000001,0.0,9999.997070000001
2021-09-20 15:15:00,1.17348,1.17363,1.17328,1.17344,0,0.0,0,0,1.17348,False,False,,,,,,9999.997070000001,9999.997070000001,0.0,9999.997070000001
2021-09-20 15:30:00,1.17346,1.17362,1.17298,1.17308,0,0.0,0,0,1.17346,False,False,,,,,,9999.997070000001,9999.997070000001,0.0,9999.997070000001
2021-09-20 15:45:00,1.17307,1.17309,1.17269,1.17284,0,0.0,0,0,1.17307,False,False,,,,,,9999.997070000001,9999.997070000001,0.0,9999.997070000001
2021-09-20 16:00:00,1.17283,1.17341,1.17283,1.17326,0,0.0,0,0,1.17283,False,False,,,,,,9999.997070000001,9999.997070000001,0.0,9999.997070000001
2021-09-20 16:15:00,1.17325,1.1733,1.17277,1.17299,0,0.0,0,0,1.17325,False,False,,,,,,9999.997070000001,9999.997070000001,0.0,9999.997070000001
2021-09-20 16:30:00,1.17299,1.17309,1.17277,1.17297,0,0.0,0,0,1.17299,False,False,,,,,,9999.997070000001,9999.997070000001,0.0,9999.997070000001
2021-09-20 16:45:00,1.17297,1.1731,1.17219,1.17222,0,0.0,0,0,1.17297,False,False,,,,,,9999.997070000001,9999.997070000001,0.0,9999.997070000001
2021-09-20 17:00:00,1.17222,1.17264,1.1722,1.17248,0,0.0,0,0,1.17222,False,False,,,,,,9999.997070000001,9999.997070000001,0.0,9999.997070000001
2021-09-20 17:15:00,1.17248,1.17295,1.17246,1.17281,0,0.0,0,0,1.17248,False,False,,,,,,9999.997070000001,9999.997070000001,0.0,9999.997070000001
2021-09-20 17:30:00,1.1728,1.17299,1.17276,1.17291,0,0.0,0,0,1.1728,False,False,,,,,,9999.997070000001,9999.997070000001,0.0,9999.997070000001
2021-09-20 17:45:00,1.17293,1.1731,1.17254,1.17255,0,0.0,0,0,1.17293,False,False,,,,,,9999.997070000001,9999.997070000001,0.0,9999.997070000001
2021-09-20 18:00:00,1.17256,1.17261,1.17248,1.17259,0,0.0,0,0,1.17256,False,False,,,,,,9999.997070000001,9999.997070000001,0.0,9999.997070000001
2021-09-20 18:15:00,1.1726,1.17264,1.17225,1.17244,0,0.0,0,0,1.1726,False,False,,,,,,9999.997070000001,9999.997070000001,0.0,9999.997070000001
2021-09-20 18:30:00,1.17243,1.17276,1.17243,1.17265,0,0.0,0,0,1.17243,False,False,,,,,,9999.997070000001,9999.997070000001,0.0,9999.997070000001
2021-09-20 18:45:00,1.17264,1.1728,1.1724,1.17241,0,0.0,0,0,1.17264,False,False,,,,,,9999.997070000001,9999.997070000001,0.0,9999.997070000001
2021-09-20 19:00:00,1.17242,1.17254,1.17226,1.17233,0,0.0,0,0,1.17242,False,False,,,,,,9999.997070000001,9999.997070000001,0.0,9999.997070000001
2021-09-20 19:15:00,1.17234,1.17258,1.17221,1.17257,0,0.0,0,0,1.17234,False,False,,,,,,9999.997070000001,9999.997070000001,0.0,9999.997070000001
2021-09-20 19:30:00,1.17257,1.17284,1.17251,1.17283,0,0.0,0,0,1.17257,False,False,,,,,,9999.997070000001,9999.997070000001,0.0,9999.997070000001
2021-09-20 19:45:00,1.17281,1.17305,1.17269,1.17298,0,0.0,0,0,1.17281,False,False,,,,,,9999.997070000001,9999.997070000001,0.0,9999.997070000001
2021-09-20 20:00:00,1.17298,1.17302,1.17262,1.17262,0,0.0,0,0,1.17298,False,False,,,,,,9999.997070000001,9999.997070000001,0.0,9999.997070000001
2021-09-20 20:15:00,1.17263,1.17276,1.17251,1.17269,0,0.0,0,0,1.17263,False,False,,,,,,9999.997070000001,9999.997070000001,0.0,9999.997070000001
2021-09-20 20:30:00,1.17268,1.17277,1.17257,1.1727,0,0.0,0,0,1.17268,False,False,,,,,,9999.997070000001,9999.997070000001,0.0,9999.997070000001
2021-09-20 20:45:00,1.17271,1.1728,1.17252,1.17252,0,0.0,0,0,1.17271,False,False,,,,,,9999.997070000001,9999.997070000001,0.0,9999.997070000001
2021-09-20 21:00:00,1.17252,1.17263,1.17231,1.1726,0,0.0,0,0,1.17252,False,False,,,,,,9999.997070000001,9999.997070000001,0.0,9999.997070000001
2021-09-20 21:15:00,1.1726,1.17295,1.1726,1.17261,0,0.0,0,0,1.1726,False,False,,,,,,9999.997070000001,9999.997070000001,0.0,9999.997070000001
2021-09-20 21:30:00,1.1726,1.17269,1.1726,1.17261,0,0.0,0,0,1.1726,False,False,,,,,,9999.997070000001,9999.997070000001,0.0,9999.997070000001
2021-09-20 21:45:00,1.17263,1.17301,1.17249,1.17273,0,0.0,0,0,1.17263,False,False,,,,,,9999.997070000001,9999.997070000001,0.0,9999.997070000001
2021-09-20 22:00:00,1.17272,1.17296,1.17259,1.17277,0,0.0,0,0,1.17272,False,False,,,,,,9999.997070000001,9999.997070000001,0.0,9999.997070000001
2021-09-20 22:15:00,1.17277,1.17289,1.17277,1.17288,0,0.0,0,0,1.17277,False,False,,,,,,9999.997070000001,9999.997070000001,0.0,9999.997070000001
2021-09-20 22:30:00,1.17288,1.1729,1.17279,1.17289,0,0.0,0,0,1.17288,False,False,,,,,,9999.997070000001,9999.997070000001,0.0,9999.997070000001
2021-09-20 22:45:00,1.17287,1.17289,1.17274,1.17277,0,0.0,0,0,1.17287,False,False,,,,,,9999.997070000001,9999.997070000001,0.0,9999.997070000001
2021-09-20 23:00:00,1.1728,1.17287,1.17257,1.17257,0,0.0,0,0,1.1728,False,False,,,,,,9999.997070000001,9999.997070000001,0.0,9999.997070000001
2021-09-20 23:15:00,1.17257,1.17268,1.1725,1.17268,0,0.0,0,0,1.17257,False,False,,,,,,9999.997070000001,9999.997070000001,0.0,9999.997070000001
2021-09-20 23:30:00,1.17268,1.17276,1.17265,1.17267,0,0.0,0,0,1.17268,False,False,,,,,,9999.997070000001,9999.997070000001,0.0,9999.997070000001
2021-09-20 23:45:00,1.17266,1.17277,1.17256,1.17266,0,0.0,0,0,1.17266,False,False,,,,,,9999.997070000001,9999.997070000001,0.0,9999.997070000001
2021-09-21 00:00:00,1.17267,1.17305,1.17249,1.17288,0,0.0,0,0,1.17267,False,False,,,,,,9999.997070000001,9999.997070000001,0.0,9999.997070000001
2021-09-21 00:15:00,1.17288,1.17302,1.17258,1.17267,0,0.0,0,0,1.17288,False,False,,,,,,9999.997070000001,9999.997070000001,0.0,9999.997070000001
2021-09-21 00:30:00,1.17269,1.17275,1.17259,1.17264,0,0.0,0,0,1.17269,False,False,,,,,,9999.997070000001,9999.997070000001,0.0,9999.997070000001
2021-09-21 00:45:00,1.17264,1.17282,1.17253,1.17255,0,0.0,0,0,1.17264,False,False,,,,,,9999.997070000001,9999.997070000001,0.0,9999.997070000001
2021-09-21 01:00:00,1.17255,1.17297,1.17232,1.17282,0,0.0,0,0,1.17255,False,False,,,,,,9999.997070000001,9999.997070000001,0.0,9999.997070000001
2021-09-21 01:15:00,1.17283,1.17288,1.17245,1.17251,0,0.0,0,0,1.17283,False,False,,,,,,9999.997070000001,9999.997070000001,0.0,9999.997070000001
2021-09-21 01:30:00,1.1725,1.17294,1.17236,1.1729,0,0.0,0,0,1.1725,False,False,,,,,,9999.997070000001,9999.997070000001,0.0,9999.997070000001
2021-09-21 01:45:00,1.17289,1.17394,1.17286,1.17388,0,0.0,0,0,1.17289,False,False,,,,,,9999.997070000001,9999.997070000001,0.0,9999.997070000001
2021-09-21 02:00:00,1.17388,1.17399,1.17373,1.17373,0,0.0,0,0,1.17388,False,False,,,,,,9999.997070000001,9999.997070000001,0.0,9999.997070000001
2021-09-21 02:15:00,1.17373,1.17373,1.17337,1.17343,1,0.0,0,0,1.17373,False,False,,,,,,9999.997070000001,9999.997070000001,0.0,9999.997070000001
2021-09-21 02:30:00,1.17341,1.17343,1.17321,1.17322,1,1.0,0,1,1.17341,True,False,,,,,,9999.997070000001,9999.996990000001,-0.0001900000000001345,9999.9968
2021-09-21 02:45:00,1.17322,1.17334,1.17322,1.17323,1,1.0,1,1,1.17322,False,False,,,,,,9999.996990000001,9999.996990000001,-0.000180000000000069,9999.996810000002
2021-09-21 03:00:00,1.17323,1.17323,1.173,1.17315,1,1.0,1,1,1.17323,False,False,,,,,,9999.996990000001,9999.996990000001,-0.000260000000000149,9999.99673
2021-09-21 03:15:00,1.17314,1.17314,1.17296,1.17304,1,1.0,1,1,1.17314,False,False,,,,,,9999.996990000001,9999.996990000001,-0.00036999999999998145,9999.996620000002
2021-09-21 03:30:00,1.17304,1.17319,1.17297,1.17318,1,1.0,1,1,1.17304,False,False,,,,,,9999.996990000001,9999.996990000001,-0.0002300000000001745,9999.996760000002
2021-09-21 03:45:00,1.17317,1.17325,1.17315,1.17319,1,1.0,1,1,1.17317,False,False,,,,,,9999.996990000001,9999.996990000001,-0.000220000000000109,9999.996770000002
2021-09-21 04:00:00,1.1732,1.17349,1.17319,1.17345,1,1.0,1,1,1.1732,False,False,,,,,,9999.996990000001,9999.996990000001,4.0000000000040004e-05,9999.997030000002
2021-09-21 04:15:00,1.17344,1.17345,1.17317,1.17317,1,1.0,1,1,1.17344,False,False,,,,,,9999.996990000001,9999.996990000001,-0.00024000000000001798,9999.996750000002
2021-09-21 04:30:00,1.17318,1.1732,1.17297,1.17309,1,1.0,1,1,1.17318,False,False,,,,,,9999.996990000001,9999.996990000001,-0.000320000000000098,9999.996670000002
2021-09-21 04:45:00,1.17307,1.17319,1.17303,1.17317,1,1.0,1,1,1.17307,False,False,,,,,,9999.996990000001,9999.996990000001,-0.00024000000000001798,9999.996750000002
2021-09-21 05:00:00,1.17317,1.17335,1.17313,1.17328,1,1.0,1,1,1.17317,False,False,,,,,,9999.996990000001,9999.996990000001,-0.00012999999999996348,9999.996860000001
2021-09-21 05:15:00,1.17329,1.17359,1.17323,1.17355,1,1.0,1,1,1.17329,False,False,,,,,,9999.996990000001,9999.996990000001,0.000140000000000029,9999.997130000002
2021-09-21 05:30:00,1.17354,1.17356,1.1733,1.17344,1,1.0,1,1,1.17354,False,False,,,,,,9999.996990000001,9999.996990000001,2.999999999997449e-05,9999.99702
2021-09-21 05:45:00,1.17348,1.17355,1.17334,1.17334,1,1.0,1,1,1.17348,False,False,,,,,,9999.996990000001,9999.996990000001,-7.00000000000145e-05,9999.996920000001
2021-09-21 06:00:00,1.17335,1.17361,1.17299,1.17359,1,1.0,1,1,1.17335,False,False,,,,,,9999.996990000001,9999.996990000001,0.00017999999999984695,9999.99717
2021-09-21 06:15:00,1.1736,1.17374,1.17342,1.17362,1,1.0,1,1,1.1736,False,False,,,,,,9999.996990000001,9999.996990000001,0.00021000000000004349,9999.997200000002
2021-09-21 06:30:00,1.1736,1.17372,1.17318,1.17326,1,1.0,1,1,1.1736,False,False,,,,,,9999.996990000001,9999.996990000001,-0.0001500000000000945,9999.996840000002
2021-09-21 06:45:00,1.17329,1.17342,1.17294,1.17312,1,1.0,1,1,1.17329,False,False,,,,,,9999.996990000001,9999.996990000001,-0.0002900000000001235,9999.996700000002
2021-09-21 07:00:00,1.17313,1.17343,1.17253,1.17297,1,1.0,1,1,1.17313,False,False,,,,,,9999.996990000001,9999.996990000001,-0.00043999999999999595,9999.996550000002
2021-09-21 07:15:00,1.17297,1.17337,1.17263,1.17288,1,1.0,1,1,1.17297,False,False,,,,,,9999.996990000001,9999.996990000001,-0.0005300000000001415,9999.996460000002
2021-09-21 07:30:00,1.1729,1.17315,1.17221,1.17228,1,1.0,1,1,1.1729,False,False,,,,,,9999.996990000001,9999.996990000001,-0.0011300000000000754,9999.99586
2021-09-21 07:45:00,1.17228,1.1727,1.17183,1.17267,1,1.0,1,1,1.17228,False,False,,,,,,9999.996990000001,9999.996990000001,-0.0007399999999999629,9999.996250000002
2021-09-21 08:00:00,1.17266,1.17315,1.17228,1.17312,1,1.0,1,1,1.17266,False,False,,,,,,9999.996990000001,9999.996990000001,-0.0002900000000001235,9999.996700000002
2021-09-21 08:15:00,1.17312,1.17314,1.1727,1.1729,1,1.0,1,1,1.17312,False,False,,,,,,9999.996990000001,9999.996990000001,-0.0005100000000000104,9999.996480000002
2021-09-21 08:30:00,1.1729,1.17338,1.17242,1.17329,1,1.0,1,1,1.1729,False,False,,,,,,9999.996990000001,9999.996990000001,-0.00012000000000012001,9999.99687
2021-09-21 08:45:00,1.17329,1.17369,1.1732,1.1734,1,1.0,1,1,1.17329,False,False,,,,,,9999.996990000001,9999.996990000001,-1.0000000000065512e-05,9999.996980000002
2021-09-21 09:00:00,1.17341,1.17377,1.17311,1.17372,1,1.0,1,1,1.17341,False,False,,,,,,9999.996990000001,9999.996990000001,0.00031000000000003247,9999.9973
2021-09-21 09:15:00,1.17371,1.17373,1.17322,1.17343,1,1.0,1,1,1.17371,False,False,,,,,,9999.996990000001,9999.996990000001,1.999999999990898e-05,9999.997010000001
2021-09-21 09:30:00,1.17344,1.17354,1.17312,1.17313,1,1.0,1,1,1.17344,False,False,,,,,,9999.996990000001,9999.996990000001,-0.000280000000000058,9999.996710000001
2021-09-21 09:45:00,1.17313,1.17379,1.17299,1.17368,1,1.0,1,1,1.17313,False,False,,,,,,9999.996990000001,9999.996990000001,0.00026999999999999247,9999.997260000002
2021-09-21 10:00:00,1.1737,1.17386,1.17353,1.1736,1,1.0,1,1,1.1737,False,False,,,,,,9999.996990000001,9999.996990000001,0.00018999999999991246,9999.997180000002
2021-09-21 10:15:00,1.17361,1.17389,1.1732,1.17326,1,1.0,1,1,1.17361,False,False,,,,,,9999.996990000001,9999.996990000001,-0.0001500000000000945,9999.996840000002
2021-09-21 10:30:00,1.17323,1.17358,1.17323,1.17358,1,1.0,1,1,1.17323,False,False,,,,,,9999.996990000001,9999.996990000001,0.00017000000000000348,9999.99716
2021-09-21 10:45:00,1.17358,1.17372,1.17334,1.17354,1,1.0,1,1,1.17358,False,False,,,,,,9999.996990000001,9999.996990000001,0.00012999999999996348,9999.997120000002
2021-09-21 11:00:00,1.17355,1.17369,1.17332,1.1735,1,1.0,1,1,1.17355,False,False,,,,,,9999.996990000001,9999.996990000001,8.999999999992347e-05,9999.997080000001
2021-09-21 11:15:00,1.17352,1.17388,1.17351,1.17363,1,1.0,1,1,1.17352,False,False,,,,,,9999.996990000001,9999.996990000001,0.00021999999999988695,9999.997210000001
2021-09-21 11:30:00,1.17364,1.17451,1.1735,1.17434,1,1.0,1,1,1.17364,False,False,,,,,,9999.996990000001,9999.996990000001,0.0009299999999998754,9999.997920000002
2021-09-21 11:45:00,1.17434,1.17458,1.17429,1.17444,1,1.0,1,1,1.17434,False,False,,,,,,9999.996990000001,9999.996990000001,0.0010299999999998644,9999.99802
2021-09-21 12:00:00,1.17446,1.17486,1.17366,1.17375,1,1.0,1,1,1.17446,False,False,,,,,,9999.996990000001,9999.996990000001,0.00034000000000000696,9999.997330000002
2021-09-21 12:15:00,1.17376,1.17427,1.17359,1.17393,1,1.0,1,1,1.17376,False,False,,,,,,9999.996990000001,9999.996990000001,0.0005199999999998539,9999.997510000001
2021-09-21 12:30:00,1.17397,1.17426,1.17335,1.1737,1,1.0,1,1,1.17397,False,False,,,,,,9999.996990000001,9999.996990000001,0.00028999999999990145,9999.997280000001
2021-09-21 12:45:00,1.17368,1.17407,1.17339,1.17394,1,1.0,1,1,1.17368,False,False,,,,,,9999.996990000001,9999.996990000001,0.0005299999999999194,9999.99752
2021-09-21 13:00:00,1.17395,1.17418,1.17316,1.17371,1,1.0,1,1,1.17395,False,False,,,,,,9999.996990000001,9999.996990000001,0.00029999999999996696,9999.997290000001
2021-09-21 13:15:00,1.1737,1.1737,1.17315,1.1733,1,1.0,1,1,1.1737,False,False,,,,,,9999.996990000001,9999.996990000001,-0.0001100000000000545,9999.99688
2021-09-21 13:30:00,1.1733,1.17351,1.1728,1.17305,1,1.0,1,1,1.1733,False,False,,,,,,9999.996990000001,9999.996990000001,-0.000360000000000138,9999.996630000001
2021-09-21 13:45:00,1.17305,1.1735,1.17284,1.17305,1,1.0,1,1,1.17305,False,False,,,,,,9999.996990000001,9999.996990000001,-0.000360000000000138,9999.996630000001
2021-09-21 14:00:00,1.17307,1.17314,1.17206,1.17268,1,1.0,1,1,1.17307,False,False,,,,,,9999.996990000001,9999.996990000001,-0.0007300000000001194,9999.996260000002
2021-09-21 14:15:00,1.17269,1.17277,1.17193,1.17233,1,1.0,1,1,1.17269,False,False,,,,,,9999.996990000001,9999.996990000001,-0.0010799999999999699,9999.995910000001
2021-09-21 14:30:00,1.17234,1.17245,1.17168,1.17245,1,1.0,1,1,1.17234,False,False,,,,,,9999.996990000001,9999.996990000001,-0.0009600000000000719,9999.996030000002
2021-09-21 14:45:00,1.17244,1.17269,1.1721,1.17243,1,1.0,1,1,1.17244,False,False,,,,,,9999.996990000001,9999.996990000001,-0.0009799999999999809,9999.99601
2021-09-21 15:00:00,1.17244,1.17259,1.17212,1.17217,1,1.0,1,1,1.17244,False,False,,,,,,9999.996990000001,9999.996990000001,-0.0012400000000001299,9999.995750000002
2021-09-21 15:15:00,1.17219,1.17228,1.17149,1.17157,1,1.0,1,1,1.17219,False,False,,,,,,9999.996990000001,9999.996990000001,-0.0018400000000000638,9999.99515
2021-09-21 15:30:00,1.17156,1.17215,1.17147,1.17211,1,1.0,1,1,1.17156,False,False,,,,,,9999.996990000001,9999.996990000001,-0.0013000000000000789,9999.995690000002
2021-09-21 15:45:00,1.17212,1.17249,1.17203,1.17243,1,1.0,1,1,1.17212,False,False,,,,,,9999.996990000001,9999.996990000001,-0.0009799999999999809,9999.99601
2021-09-21 16:00:00,1.17242,1.17255,1.17228,1.17238,1,1.0,1,1,1.17242,False,False,,,,,,9999.996990000001,9999.996990000001,-0.0010300000000000864,9999.995960000002
2021-09-21 16:15:00,1.17239,1.17286,1.17225,1.17268,1,1.0,1,1,1.17239,False,False,,,,,,9999.996990000001,9999.996990000001,-0.0007300000000001194,9999.996260000002
2021-09-21 16:30:00,1.17268,1.1729,1.17255,1.17264,1,1.0,1,1,1.17268,False,False,,,,,,9999.996990000001,9999.996990000001,-0.0007700000000001594,9999.99622
2021-09-21 16:45:00,1.17264,1.17291,1.17251,1.17283,1,1.0,1,1,1.17264,False,False,,,,,,9999.996990000001,9999.996990000001,-0.0005800000000000249,9999.996410000002
2021-09-21 17:00:00,1.17282,1.17296,1.17241,1.17251,1,1.0,1,1,1.17282,False,False,,,,,,9999.996990000001,9999.996990000001,-0.0009000000000001229,9999.996090000002
2021-09-21 17:15:00,1.17251,1.17262,1.17237,1.17251,1,1.0,1,1,1.17251,False,False,,,,,,9999.996990000001,9999.996990000001,-0.0009000000000001229,9999.996090000002
2021-09-21 17:30:00,1.17251,1.17256,1.17213,1.17224,1,1.0,1,1,1.17251,False,False,,,,,,9999.996990000001,9999.996990000001,-0.0011700000000001154,9999.995820000002
2021-09-21 17:45:00,1.17225,1.17263,1.17185,1.17262,1,1.0,1,1,1.17225,False,False,,,,,,9999.996990000001,9999.996990000001,-0.0007900000000000684,9999.996200000001
2021-09-21 18:00:00,1.17262,1.1731,1.17258,1.17277,1,1.0,1,1,1.17262,False,False,,,,,,9999.996990000001,9999.996990000001,-0.0006399999999999739,9999.996350000001
2021-09-21 18:15:00,1.17276,1.17292,1.17262,1.17266,1,1.0,1,1,1.17276,False,False,,,,,,9999.996990000001,9999.996990000001,-0.0007500000000000284,9999.996240000002
2021-09-21 18:30:00,1.17266,1.17298,1.17266,1.1727,1,1.0,1,1,1.17266,False,False,,,,,,9999.996990000001,9999.996990000001,-0.0007099999999999884,9999.996280000001
2021-09-21 18:45:00,1.1727,1.17283,1.17251,1.17261,1,1.0,1,1,1.1727,False,False,,,,,,9999.996990000001,9999.996990000001,-0.0008000000000001339,9999.996190000002
2021-09-21 19:00:00,1.17262,1.17276,1.17251,1.17265,1,1.0,1,1,1.17262,False,False,,,,,,9999.996990000001,9999.996990000001,-0.0007600000000000939,9999.99623
2021-09-21 19:15:00,1.17265,1.17296,1.17262,1.17292,1,1.0,1,1,1.17265,False,False,,,,,,9999.996990000001,9999.996990000001,-0.0004900000000001015,9999.996500000001
2021-09-21 19:30:00,1.17291,1.17321,1.17291,1.17319,1,1.0,1,1,1.17291,False,False,,,,,,9999.996990000001,9999.996990000001,-0.000220000000000109,9999.996770000002
2021-09-21 19:45:00,1.1732,1.17321,1.17288,1.17291,1,1.0,1,1,1.1732,False,False,,,,,,9999.996990000001,9999.996990000001,-0.000500000000000167,9999.996490000001
2021-09-21 20:00:00,1.17291,1.17296,1.17246,1.17251,1,1.0,1,1,1.17291,False,False,,,,,,9999.996990000001,9999.996990000001,-0.0009000000000001229,9999.996090000002
2021-09-21 20:15:00,1.17251,1.17256,1.17236,1.17252,1,1.0,1,1,1.17251,False,False,,,,,,9999.996990000001,9999.996990000001,-0.0008900000000000574,9999.996100000002
2021-09-21 20:30:00,1.17251,1.17269,1.17238,1.17267,1,1.0,1,1,1.17251,False,False,,,,,,9999.996990000001,9999.996990000001,-0.0007399999999999629,9999.996250000002
2021-09-21 20:45:00,1.17267,1.1727,1.1724,1.1724,1,1.0,1,1,1.17267,False,False,,,,,,9999.996990000001,9999.996990000001,-0.0010099999999999554,9999.995980000002
2021-09-21 21:00:00,1.1724,1.17259,1.17225,1.17258,1,1.0,1,1,1.1724,False,False,,,,,,9999.996990000001,9999.996990000001,-0.0008300000000001084,9999.99616
2021-09-21 21:15:00,1.17259,1.17284,1.17252,1.17269,1,1.0,1,1,1.17259,False,False,,,,,,9999.996990000001,9999.996990000001,-0.0007200000000000539,9999.996270000001
2021-09-21 21:30:00,1.17269,1.17274,1.17246,1.17252,1,1.0,1,1,1.17269,False,False,,,,,,9999.996990000001,9999.996990000001,-0.0008900000000000574,9999.996100000002
2021-09-21 21:45:00,1.17252,1.17266,1.17249,1.17253,1,1.0,1,1,1.17252,False,False,,,,,,9999.996990000001,9999.996990000001,-0.0008799999999999919,9999.996110000002
2021-09-21 22:00:00,1.17257,1.17277,1.1725,1.17271,1,1.0,1,1,1.17257,False,False,,,,,,9999.996990000001,9999.996990000001,-0.000700000000000145,9999.996290000001
2021-09-21 22:15:00,1.17273,1.17274,1.1725,1.17251,1,1.0,1,1,1.17273,False,False,,,,,,9999.996990000001,9999.996990000001,-0.0009000000000001229,9999.996090000002
2021-09-21 22:30:00,1.17252,1.17257,1.17245,1.17253,1,1.0,1,1,1.17252,False,False,,,,,,9999.996990000001,9999.996990000001,-0.0008799999999999919,9999.996110000002
2021-09-21 22:45:00,1.17253,1.17254,1.17242,1.17244,1,1.0,1,1,1.17253,False,False,,,,,,9999.996990000001,9999.996990000001,-0.0009700000000001374,9999.996020000002
2021-09-21 23:00:00,1.17243,1.17243,1.17229,1.17235,1,1.0,1,1,1.17243,False,False,,,,,,9999.996990000001,9999.996990000001,-0.001060000000000061,9999.995930000001
2021-09-21 23:15:00,1.17235,1.17239,1.17232,1.17232,1,1.0,1,1,1.17235,False,False,,,,,,9999.996990000001,9999.996990000001,-0.0010900000000000354,9999.995900000002
2021-09-21 23:30:00,1.17234,1.17237,1.17223,1.17228,1,1.0,1,1,1.17234,False,False,,,,,,9999.996990000001,9999.996990000001,-0.0011300000000000754,9999.99586
2021-09-21 23:45:00,1.17229,1.17235,1.17218,1.17228,1,1.0,1,1,1.17229,False,False,,,,,,9999.996990000001,9999.996990000001,-0.0011300000000000754,9999.99586
2021-09-22 00:00:00,1.17228,1.17249,1.17222,1.17228,1,1.0,1,1,1.17228,False,False,,,,,,9999.996990000001,9999.996990000001,-0.0011300000000000754,9999.99586
2021-09-22 00:15:00,1.17231,1.17235,1.17218,1.17219,1,1.0,1,1,1.17231,False,False,,,,,,9999.996990000001,9999.996990000001,-0.0012199999999999989,9999.995770000001
2021-09-22 00:30:00,1.1722,1.17228,1.17182,1.17188,1,1.0,1,1,1.1722,False,False,,,,,,9999.996990000001,9999.996990000001,-0.0015300000000000313,9999.995460000002
2021-09-22 00:45:00,1.17188,1.17195,1.17169,1.17195,1,1.0,1,1,1.17188,False,False,,,,,,9999.996990000001,9999.996990000001,-0.0014600000000000168,9999.995530000002
2021-09-22 01:00:00,1.17194,1.1726,1.17164,1.17253,1,1.0,1,1,1.17194,False,False,,,,,,9999.996990000001,9999.996990000001,-0.0008799999999999919,9999.996110000002
2021-09-22 01:15:00,1.17251,1.1729,1.17235,1.17289,1,1.0,1,1,1.17251,False,False,,,,,,9999.996990000001,9999.996990000001,-0.000520000000000076,9999.996470000002
2021-09-22 01:30:00,1.17291,1.17304,1.17274,1.17284,1,1.0,1,1,1.17291,False,False,,,,,,9999.996990000001,9999.996990000001,-0.0005699999999999594,9999.996420000001
2021-09-22 01:45:00,1.17285,1.1729,1.17263,1.17277,1,1.0,1,1,1.17285,False,False,,,,,,9999.996990000001,9999.996990000001,-0.0006399999999999739,9999.996350000001
2021-09-22 02:00:00,1.17276,1.17281,1.17265,1.17277,1,1.0,1,1,1.17276,False,False,,,,,,9999.996990000001,9999.996990000001,-0.0006399999999999739,9999.996350000001
2021-09-22 02:15:00,1.17278,1.1728,1.17257,1.17257,1,1.0,1,1,1.17278,False,False,,,,,,9999.996990000001,9999.996990000001,-0.0008400000000001739,9999.99615
2021-09-22 02:30:00,1.17258,1.17262,1.17242,1.17248,1,1.0,1,1,1.17258,False,False,,,,,,9999.996990000001,9999.996990000001,-0.0009300000000000974,9999.996060000001
2021-09-22 02:45:00,1.17244,1.17264,1.17238,1.17247,1,1.0,1,1,1.17244,False,False,,,,,,9999.996990000001,9999.996990000001,-0.0009400000000001629,9999.996050000002
2021-09-22 03:00:00,1.17247,1.17251,1.17237,1.17247,1,1.0,1,1,1.17247,False,False,,,,,,9999.996990000001,9999.996990000001,-0.0009400000000001629,9999.996050000002
2021-09-22 03:15:00,1.17246,1.17247,1.17224,1.17231,0,1.0,1,1,1.17246,False,False,,,,,,9999.996990000001,9999.996990000001,-0.001100000000000101,9999.995890000002
2021-09-22 03:30:00,1.17231,1.17231,1.17189,1.17193,0,0.0,1,0,1.17231,False,True,1.0,1.17341,1.17231,-0.001100000000000101,8e-05,9999.996990000001,9999.995810000002,0.0,9999.995810000002
2021-09-22 03:45:00,1.17197,1.172,1.17192,1.172,0,0.0,0,0,1.17197,False,False,,,,,,9999.995810000002,9999.995810000002,0.0,9999.995810000002
2021-09-22 04:00:00,1.17199,1.17199,1.17167,1.17168,0,0.0,0,0,1.17199,False,False,,,,,,9999.995810000002,9999.995810000002,0.0,9999.995810000002
2021-09-22 04:15:00,1.17169,1.17188,1.17168,1.17185,0,0.0,0,0,1.17169,False,False,,,,,,9999.995810000002,9999.995810000002,0.0,9999.995810000002
2021-09-22 04:30:00,1.17183,1.17206,1.17182,1.17206,0,0.0,0,0,1.17183,False,False,,,,,,9999.995810000002,9999.995810000002,0.0,9999.995810000002
2021-09-22 04:45:00,1.17207,1.17236,1.17203,1.17217,0,0.0,0,0,1.17207,False,False,,,,,,9999.995810000002,9999.995810000002,0.0,9999.995810000002
2021-09-22 05:00:00,1.17216,1.17241,1.17216,1.17232,0,0.0,0,0,1.17216,False,False,,,,,,9999.995810000002,9999.995810000002,0.0,9999.995810000002
2021-09-22 05:15:00,1.17233,1.1726,1.17229,1.17248,0,0.0,0,0,1.17233,False,False,,,,,,9999.995810000002,9999.995810000002,0.0,9999.995810000002
2021-09-22 05:30:00,1.17248,1.17251,1.17227,1.17229,0,0.0,0,0,1.17248,False,False,,,,,,9999.995810000002,9999.995810000002,0.0,9999.995810000002
2021-09-22 05:45:00,1.17228,1.1726,1.17213,1.17225,0,0.0,0,0,1.17228,False,False,,,,,,9999.995810000002,9999.995810000002,0.0,9999.995810000002
2021-09-22 06:00:00,1.17223,1.17233,1.17167,1.17229,0,0.0,0,0,1.17223,False,False,,,,,,9999.995810000002,9999.995810000002,0.0,9999.995810000002
2021-09-22 06:15:00,1.17229,1.1725,1.17209,1.17225,0,0.0,0,0,1.17229,False,False,,,,,,9999.995810000002,9999.995810000002,0.0,9999.995810000002
2021-09-22 06:30:00,1.17224,1.17244,1.17208,1.17228,0,0.0,0,0,1.17224,False,False,,,,,,9999.995810000002,9999.995810000002,0.0,9999.995810000002
2021-09-22 06:45:00,1.17229,1.17284,1.17229,1.17277,0,0.0,0,0,1.17229,False,False,,,,,,9999.995810000002,9999.995810000002,0.0,9999.995810000002
2021-09-22 07:00:00,1.17276,1.17326,1.17236,1.17308,0,0.0,0,0,1.17276,False,False,,,,,,9999.995810000002,9999.995810000002,0.0,9999.995810000002
2021-09-22 07:15:00,1.17306,1.17326,1.17252,1.17291,0,0.0,0,0,1.17306,False,False,,,,,,9999.995810000002,9999.995810000002,0.0,9999.995810000002
2021-09-22 07:30:00,1.17292,1.17374,1.17282,1.17293,0,0.0,0,0,1.17292,False,False,,,,,,9999.995810000002,9999.995810000002,0.0,9999.995810000002
2021-09-22 07:45:00,1.17293,1.17314,1.1727,1.17285,0,0.0,0,0,1.17293,False,False,,,,,,9999.995810000002,9999.995810000002,0.0,9999.995810000002
2021-09-22 08:00:00,1.17284,1.17304,1.17244,1.1726,0,0.0,0,0,1.17284,False,False,,,,,,9999.995810000002,9999.995810000002,0.0,9999.995810000002
2021-09-22 08:15:00,1.1726,1.17282,1.17241,1.17252,0,0.0,0,0,1.1726,False,False,,,,,,9999.995810000002,9999.995810000002,0.0,9999.995810000002
2021-09-22 08:30:00,1.1725,1.17297,1.17242,1.17289,0,0.0,0,0,1.1725,False,False,,,,,,9999.995810000002,9999.995810000002,0.0,9999.995810000002
2021-09-22 08:45:00,1.1729,1.17346,1.17285,1.17342,0,0.0,0,0,1.1729,False,False,,,,,,9999.995810000002,9999.995810000002,0.0,9999.995810000002
2021-09-22 09:00:00,1.17341,1.17367,1.1732,1.17337,0,0.0,0,0,1.17341,False,False,,,,,,9999.995810000002,9999.995810000002,0.0,9999.995810000002
2021-09-22 09:15:00,1.17338,1.17365,1.17311,1.17316,0,0.0,0,0,1.17338,False,False,,,,,,9999.995810000002,9999.995810000002,0.0,9999.995810000002
2021-09-22 09:30:00,1.17318,1.17351,1.1731,1.17341,0,0.0,0,0,1.17318,False,False,,,,,,9999.995810000002,9999.995810000002,0.0,9999.995810000002
2021-09-22 09:45:00,1.17341,1.17343,1.17284,1.17285,0,0.0,0,0,1.17341,False,False,,,,,,9999.995810000002,9999.995810000002,0.0,9999.995810000002
2021-09-22 10:00:00,1.17286,1.17303,1.17283,1.17291,0,0.0,0,0,1.17286,False,False,,,,,,9999.995810000002,9999.995810000002,0.0,9999.995810000002
2021-09-22 10:15:00,1.17292,1.17317,1.17292,1.17311,0,0.0,0,0,1.17292,False,False,,,,,,9999.995810000002,9999.995810000002,0.0,9999.995810000002
2021-09-22 10:30:00,1.17312,1.17338,1.17301,1.17308,0,0.0,0,0,1.17312,False,False,,,,,,9999.995810000002,9999.995810000002,0.0,9999.995810000002
2021-09-22 10:45:00,1.17308,1.17355,1.17307,1.17337,0,0.0,0,0,1.17308,False,False,,,,,,9999.995810000002,9999.995810000002,0.0,9999.995810000002
2021-09-22 11:00:00,1.17336,1.1734,1.17302,1.17314,0,0.0,0,0,1.17336,False,False,,,,,,9999.995810000002,9999.995810000002,0.0,9999.995810000002
2021-09-22 11:15:00,1.17313,1.17325,1.17286,1.17311,0,0.0,0,0,1.17313,False,False,,,,,,9999.995810000002,9999.995810000002,0.0,9999.995810000002
2021-09-22 11:30:00,1.1731,1.1733,1.17302,1.17307,0,0.0,0,0,1.1731,False,False,,,,,,9999.995810000002,9999.995810000002,0.0,9999.995810000002
2021-09-22 11:45:00,1.17306,1.1733,1.17243,1.17261,0,0.0,0,0,1.17306,False,False,,,,,,9999.995810000002,9999.995810000002,0.0,9999.995810000002
2021-09-22 12:00:00,1.17263,1.1731,1.1725,1.17284,0,0.0,0,0,1.17263,False,False,,,,,,9999.995810000002,9999.995810000002,0.0,9999.995810000002
2021-09-22 12:15:00,1.17285,1.17309,1.17251,1.17304,0,0.0,0,0,1.17285,False,False,,,,,,9999.995810000002,9999.995810000002,0.0,9999.995810000002
2021-09-22 12:30:00,1.17305,1.17324,1.17276,1.1732,0,0.0,0,0,1.17305,False,False,,,,,,9999.995810000002,9999.995810000002,0.0,9999.995810000002
2021-09-22 12:45:00,1.1732,1.1733,1.17291,1.17294,0,0.0,0,0,1.1732,False,False,,,,,,9999.995810000002,9999.995810000002,0.0,9999.995810000002
2021-09-22 13:00:00,1.17295,1.17334,1.17289,1.17314,0,0.0,0,0,1.17295,False,False,,,,,,9999.995810000002,9999.995810000002,0.0,9999.995810000002
2021-09-22 13:15:00,1.17315,1.17316,1.17244,1.17256,0,0.0,0,0,1.17315,False,False,,,,,,9999.995810000002,9999.995810000002,0.0,9999.995810000002
2021-09-22 13:30:00,1.17257,1.17286,1.17241,1.17271,0,0.0,0,0,1.17257,False,False,,,,,,9999.995810000002,9999.995810000002,0.0,9999.995810000002
2021-09-22 13:45:00,1.17272,1.17328,1.17246,1.17309,0,0.0,0,0,1.17272,False,False,,,,,,9999.995810000002,9999.995810000002,0.0,9999.995810000002
2021-09-22 14:00:00,1.1731,1.17403,1.17285,1.17399,0,0.0,0,0,1.1731,False,False,,,,,,9999.995810000002,9999.995810000002,0.0,9999.995810000002
2021-09-22 14:15:00,1.17394,1.17449,1.17341,1.17354,0,0.0,0,0,1.17394,False,False,,,,,,9999.995810000002,9999.995810000002,0.0,9999.995810000002
2021-09-22 14:30:00,1.17351,1.17407,1.17348,1.17382,0,0.0,0,0,1.17351,False,False,,,,,,9999.995810000002,9999.995810000002,0.0,9999.995810000002
2021-09-22 14:45:00,1.17381,1.17407,1.17301,1.17347,0,0.0,0,0,1.17381,False,False,,,,,,9999.995810000002,9999.995810000002,0.0,9999.995810000002
2021-09-22 15:00:00,1.17348,1.17408,1.17326,1.17356,0,0.0,0,0,1.17348,False,False,,,,,,9999.995810000002,9999.995810000002,0.0,9999.995810000002
2021-09-22 15:15:00,1.17357,1.17394,1.17357,1.17388,0,0.0,0,0,1.17357,False,False,,,,,,9999.995810000002,9999.995810000002,0.0,9999.995810000002
2021-09-22 15:30:00,1.17388,1.17388,1.17347,1.17376,0,0.0,0,0,1.17388,False,False,,,,,,9999.995810000002,9999.995810000002,0.0,9999.995810000002
2021-09-22 15:45:00,1.17376,1.17409,1.17345,1.17381,0,0.0,0,0,1.17376,False,False,,,,,,9999.995810000002,9999.995810000002,0.0,9999.995810000002
2021-09-22 16:00:00,1.17381,1.17417,1.17366,1.17371,0,0.0,0,0,1.17381,False,False,,,,,,9999.995810000002,9999.995810000002,0.0,9999.995810000002
2021-09-22 16:15:00,1.17372,1.17374,1.17341,1.17349,0,0.0,0,0,1.17372,False,False,,,,,,9999.995810000002,9999.995810000002,0.0,9999.995810000002
2021-09-22 16:30:00,1.17347,1.17365,1.17329,1.17354,0,0.0,0,0,1.17347,False,False,,,,,,9999.995810000002,9999.995810000002,0.0,9999.995810000002
2021-09-22 16:45:00,1.17355,1.17384,1.17344,1.17352,0,0.0,0,0,1.17355,False,False,,,,,,9999.995810000002,9999.995810000002,0.0,9999.995810000002
2021-09-22 17:00:00,1.17351,1.17377,1.17329,1.17331,0,0.0,0,0,1.17351,False,False,,,,,,9999.995810000002,9999.995810000002,0.0,9999.995810000002
2021-09-22 17:15:00,1.1733,1.17357,1.17297,1.17299,0,0.0,0,0,1.1733,False,False,,,,,,9999.995810000002,9999.995810000002,0.0,9999.995810000002
2021-09-22 17:30:00,1.17298,1.17301,1.17231,1.17239,0,0.0,0,0,1.17298,False,False,,,,,,9999.995810000002,9999.995810000002,0.0,9999.995810000002
2021-09-22 17:45:00,1.17239,1.17295,1.17217,1.17282,0,0.0,0,0,1.17239,False,False,,,,,,9999.995810000002,9999.995810000002,0.0,9999.995810000002
2021-09-22 18:00:00,1.17282,1.17533,1.17047,1.17523,0,0.0,0,0,1.17282,False,False,,,,,,9999.995810000002,9999.995810000002,0.0,9999.995810000002
2021-09-22 18:15:00,1.17526,1.17555,1.17377,1.17464,0,0.0,0,0,1.17526,False,False,,,,,,9999.995810000002,9999.995810000002,0.0,9999.995810000002
2021-09-22 18:30:00,1.17465,1.17552,1.1706,1.17093,0,0.0,0,0,1.17465,False,False,,,,,,9999.995810000002,9999.995810000002,0.0,9999.995810000002
2021-09-22 18:45:00,1.17086,1.17134,1.16904,1.16937,0,0.0,0,0,1.17086,False,False,,,,,,9999.995810000002,9999.995810000002,0.0,9999.995810000002
2021-09-22 19:00:00,1.16936,1.17023,1.16843,1.16956,0,0.0,0,0,1.16936,False,False,,,,,,9999.995810000002,9999.995810000002,0.0,9999.995810000002
2021-09-22 19:15:00,1.16954,1.17117,1.16937,1.17031,0,0.0,0,0,1.16954,False,False,,,,,,9999.995810000002,9999.995810000002,0.0,9999.995810000002
2021-09-22 19:30:00,1.17032,1.17081,1.16941,1.16959,0,0.0,0,0,1.17032,False,False,,,,,,9999.995810000002,9999.995810000002,0.0,9999.995810000002
2021-09-22 19:45:00,1.16957,1.17056,1.16945,1.16949,0,0.0,0,0,1.16957,False,False,,,,,,9999.995810000002,9999.995810000002,0.0,9999.995810000002
2021-09-22 20:00:00,1.16949,1.16964,1.16905,1.16917,0,0.0,0,0,1.16949,False,False,,,,,,9999.995810000002,9999.995810000002,0.0,9999.995810000002
2021-09-22 20:15:00,1.16917,1.16936,1.16906,1.16912,0,0.0,0,0,1.16917,False,False,,,,,,9999.995810000002,9999.995810000002,0.0,9999.995810000002
2021-09-22 20:30:00,1.16911,1.16951,1.16906,1.16948,0,0.0,0,0,1.16911,False,False,,,,,,9999.995810000002,9999.995810000002,0.0,9999.995810000002
2021-09-22 20:45:00,1.16947,1.16947,1.16866,1.16866,0,0.0,0,0,1.16947,False,False,,,,,,9999.995810000002,9999.995810000002,0.0,9999.995810000002
2021-09-22 21:00:00,1.16864,1.16922,1.16854,1.16889,0,0.0,0,0,1.16864,False,False,,,,,,9999.995810000002,9999.995810000002,0.0,9999.995810000002
2021-09-22 21:15:00,1.16888,1.16914,1.16888,1.16903,0,0.0,0,0,1.16888,False,False,,,,,,9999.995810000002,9999.995810000002,0.0,9999.995810000002
2021-09-22 21:30:00,1.16906,1.16932,1.16903,1.16922,0,0.0,0,0,1.16906,False,False,,,,,,9999.995810000002,9999.995810000002,0.0,9999.995810000002
2021-09-22 21:45:00,1.16922,1.16942,1.1692,1.1693,0,0.0,0,0,1.16922,False,False,,,,,,9999.995810000002,9999.995810000002,0.0,9999.995810000002
2021-09-22 22:00:00,1.16931,1.16941,1.1692,1.16926,0,0.0,0,0,1.16931,False,False,,,,,,9999.995810000002,9999.995810000002,0.0,9999.995810000002
2021-09-22 22:15:00,1.16926,1.16932,1.16918,1.16922,0,0.0,0,0,1.16926,False,False,,,,,,9999.995810000002,9999.995810000002,0.0,9999.995810000002
2021-09-22 22:30:00,1.16921,1.16937,1.1692,1.16935,0,0.0,0,0,1.16921,False,False,,,,,,9999.995810000002,9999.995810000002,0.0,9999.995810000002
2021-09-22 22:45:00,1.16935,1.16947,1.16932,1.1694,0,0.0,0,0,1.16935,False,False,,,,,,9999.995810000002,9999.995810000002,0.0,9999.995810000002
2021-09-22 23:00:00,1.16944,1.16944,1.16933,1.16937,0,0.0,0,0,1.16944,False,False,,,,,,9999.995810000002,9999.995810000002,0.0,9999.995810000002
2021-09-22 23:15:00,1.16938,1.16938,1.16916,1.16926,0,0.0,0,0,1.16938,False,False,,,,,,9999.995810000002,9999.995810000002,0.0,9999.995810000002
2021-09-22 23:30:00,1.16926,1.16926,1.16886,1.16887,0,0.0,0,0,1.16926,False,False,,,,,,9999.995810000002,9999.995810000002,0.0,9999.995810000002
2021-09-22 23:45:00,1.16886,1.16893,1.16866,1.1687,0,0.0,0,0,1.16886,False,False,,,,,,9999.995810000002,9999.995810000002,0.0,9999.995810000002
2021-09-23 00:00:00,1.16871,1.16898,1.16865,1.16867,0,0.0,0,0,1.16871,False,False,,,,,,9999.995810000002,9999.995810000002,0.0,9999.995810000002
2021-09-23 00:15:00,1.16866,1.1687,1.1684,1.16845,0,0.0,0,0,1.16866,False,False,,,,,,9999.995810000002,9999.995810000002,0.0,9999.995810000002
2021-09-23 00:30:00,1.16844,1.16888,1.16834,1.16885,0,0.0,0,0,1.16844,False,False,,,,,,9999.995810000002,9999.995810000002,0.0,9999.995810000002
2021-09-23 00:45:00,1.16883,1.16892,1.16874,1.16887,0,0.0,0,0,1.16883,False,False,,,,,,9999.995810000002,9999.995810000002,0.0,9999.995810000002
2021-09-23 01:00:00,1.16886,1.16901,1.16867,1.16869,0,0.0,0,0,1.16886,False,False,,,,,,9999.995810000002,9999.995810000002,0.0,9999.995810000002
2021-09-23 01:15:00,1.16868,1.16882,1.16862,1.16879,0,0.0,0,0,1.16868,False,False,,,,,,9999.995810000002,9999.995810000002,0.0,9999.995810000002
2021-09-23 01:30:00,1.1688,1.1692,1.16877,1.1692,0,0.0,0,0,1.1688,False,False,,,,,,9999.995810000002,9999.995810000002,0.0,9999.995810000002
2021-09-23 01:45:00,1.16919,1.16948,1.16917,1.16948,0,0.0,0,0,1.16919,False,False,,,,,,9999.995810000002,9999.995810000002,0.0,9999.995810000002
2021-09-23 02:00:00,1.16947,1.16947,1.16894,1.16899,0,0.0,0,0,1.16947,False,False,,,,,,9999.995810000002,9999.995810000002,0.0,9999.995810000002
2021-09-23 02:15:00,1.16901,1.16952,1.16897,1.16952,0,0.0,0,0,1.16901,False,False,,,,,,9999.995810000002,9999.995810000002,0.0,9999.995810000002
2021-09-23 02:30:00,1.16953,1.16982,1.16947,1.16977,0,0.0,0,0,1.16953,False,False,,,,,,9999.995810000002,9999.995810000002,0.0,9999.995810000002
2021-09-23 02:45:00,1.16976,1.16987,1.16962,1.16971,0,0.0,0,0,1.16976,False,False,,,,,,9999.995810000002,9999.995810000002,0.0,9999.995810000002
2021-09-23 03:00:00,1.16972,1.17039,1.16972,1.17025,0,0.0,0,0,1.16972,False,False,,,,,,9999.995810000002,9999.995810000002,0.0,9999.995810000002
2021-09-23 03:15:00,1.17025,1.17052,1.17014,1.17048,0,0.0,0,0,1.17025,False,False,,,,,,9999.995810000002,9999.995810000002,0.0,9999.995810000002
2021-09-23 03:30:00,1.17047,1.1707,1.17037,1.1707,0,0.0,0,0,1.17047,False,False,,,,,,9999.995810000002,9999.995810000002,0.0,9999.995810000002
2021-09-23 03:45:00,1.1707,1.17092,1.17065,1.17067,0,0.0,0,0,1.1707,False,False,,,,,,9999.995810000002,9999.995810000002,0.0,9999.995810000002
2021-09-23 04:00:00,1.17067,1.17084,1.17051,1.17058,0,0.0,0,0,1.17067,False,False,,,,,,9999.995810000002,9999.995810000002,0.0,9999.995810000002
2021-09-23 04:15:00,1.17057,1.17064,1.17051,1.17055,1,0.0,0,0,1.17057,False,False,,,,,,9999.995810000002,9999.995810000002,0.0,9999.995810000002
2021-09-23 04:30:00,1.17055,1.17063,1.1705,1.17051,1,1.0,0,1,1.17055,True,False,,,,,,9999.995810000002,9999.995730000002,-4.0000000000040004e-05,9999.995690000002
2021-09-23 04:45:00,1.17051,1.17097,1.1705,1.17095,1,1.0,1,1,1.17051,False,False,,,,,,9999.995730000002,9999.995730000002,0.00039999999999995595,9999.996130000003
2021-09-23 05:00:00,1.17094,1.17101,1.17083,1.17083,1,1.0,1,1,1.17094,False,False,,,,,,9999.995730000002,9999.995730000002,0.000280000000000058,9999.996010000003
2021-09-23 05:15:00,1.17083,1.17095,1.17074,1.17092,1,1.0,1,1,1.17083,False,False,,,,,,9999.995730000002,9999.995730000002,0.00036999999999998145,9999.996100000002
2021-09-23 05:30:00,1.17092,1.17132,1.17086,1.17123,1,1.0,1,1,1.17092,False,False,,,,,,9999.995730000002,9999.995730000002,0.0006800000000000139,9999.996410000002
2021-09-23 05:45:00,1.17122,1.1713,1.17091,1.17092,1,1.0,1,1,1.17122,False,False,,,,,,9999.995730000002,9999.995730000002,0.00036999999999998145,9999.996100000002
2021-09-23 06:00:00,1.17092,1.17102,1.17064,1.17093,1,1.0,1,1,1.17092,False,False,,,,,,9999.995730000002,9999.995730000002,0.00038000000000004697,9999.996110000002
2021-09-23 06:15:00,1.17094,1.1715,1.17094,1.17148,1,1.0,1,1,1.17094,False,False,,,,,,9999.995730000002,9999.995730000002,0.0009300000000000974,9999.996660000003
2021-09-23 06:30:00,1.17148,1.17169,1.17134,1.17162,1,1.0,1,1,1.17148,False,False,,,,,,9999.995730000002,9999.995730000002,0.0010700000000001264,9999.996800000003
2021-09-23 06:45:00,1.17163,1.17173,1.17127,1.17146,1,1.0,1,1,1.17163,False,False,,,,,,9999.995730000002,9999.995730000002,0.0009099999999999664,9999.996640000003
2021-09-23 07:00:00,1.17145,1.17245,1.17136,1.17178,1,1.0,1,1,1.17145,False,False,,,,,,9999.995730000002,9999.995730000002,0.0012300000000000644,9999.996960000002
2021-09-23 07:15:00,1.17171,1.17182,1.17141,1.17176,1,1.0,1,1,1.17171,False,False,,,,,,9999.995730000002,9999.995730000002,0.0012099999999999334,9999.996940000003
2021-09-23 07:30:00,1.17175,1.17175,1.17057,1.1714,1,1.0,1,1,1.17175,False,False,,,,,,9999.995730000002,9999.995730000002,0.0008500000000000174,9999.996580000003
2021-09-23 07:45:00,1.17141,1.17156,1.17083,1.17151,1,1.0,1,1,1.17141,False,False,,,,,,9999.995730000002,9999.995730000002,0.0009600000000000719,9999.996690000002
2021-09-23 08:00:00,1.17151,1.17237,1.171,1.1721,1,1.0,1,1,1.17151,False,False,,,,,,9999.995730000002,9999.995730000002,0.0015499999999999403,9999.997280000003
2021-09-23 08:15:00,1.17211,1.17279,1.17198,1.17274,1,1.0,1,1,1.17211,False,False,,,,,,9999.995730000002,9999.995730000002,0.0021899999999999142,9999.997920000002
2021-09-23 08:30:00,1.17274,1.17291,1.17218,1.17239,1,1.0,1,1,1.17274,False,False,,,,,,9999.995730000002,9999.995730000002,0.0018400000000000638,9999.997570000003
2021-09-23 08:45:00,1.1724,1.17271,1.17207,1.17208,1,1.0,1,1,1.1724,False,False,,,,,,9999.995730000002,9999.995730000002,0.0015300000000000313,9999.997260000002
2021-09-23 09:00:00,1.17207,1.17318,1.17195,1.17297,1,1.0,1,1,1.17207,False,False,,,,,,9999.995730000002,9999.995730000002,0.0024200000000000887,9999.998150000003
2021-09-23 09:15:00,1.17298,1.17324,1.17263,1.17263,1,1.0,1,1,1.17298,False,False,,,,,,9999.995730000002,9999.995730000002,0.002080000000000082,9999.997810000003
2021-09-23 09:30:00,1.17262,1.17296,1.17247,1.17257,1,1.0,1,1,1.17262,False,False,,,,,,9999.995730000002,9999.995730000002,0.0020199999999999108,9999.997750000002
2021-09-23 09:45:00,1.17258,1.17267,1.17208,1.17218,1,1.0,1,1,1.17258,False,False,,,,,,9999.995730000002,9999.995730000002,0.0016300000000000203,9999.997360000003
2021-09-23 10:00:00,1.17221,1.17259,1.17137,1.17168,1,1.0,1,1,1.17221,False,False,,,,,,9999.995730000002,9999.995730000002,0.0011300000000000754,9999.996860000003
2021-09-23 10:15:00,1.17167,1.17175,1.1711,1.17149,1,1.0,1,1,1.17167,False,False,,,,,,9999.995730000002,9999.995730000002,0.0009399999999999409,9999.996670000002
2021-09-23 10:30:00,1.1715,1.17212,1.17126,1.17191,1,1.0,1,1,1.1715,False,False,,,,,,9999.995730000002,9999.995730000002,0.0013600000000000279,9999.997090000003
2021-09-23 10:45:00,1.17191,1.17208,1.17146,1.17161,1,1.0,1,1,1.17191,False,False,,,,,,9999.995730000002,9999.995730000002,0.001060000000000061,9999.996790000003
2021-09-23 11:00:00,1.1716,1.17174,1.17115,1.17164,1,1.0,1,1,1.1716,False,False,,,,,,9999.995730000002,9999.995730000002,0.0010900000000000354,9999.996820000002
2021-09-23 11:15:00,1.17165,1.17185,1.17113,1.17113,1,1.0,1,1,1.17165,False,False,,,,,,9999.995730000002,9999.995730000002,0.0005800000000000249,9999.996310000002
2021-09-23 11:30:00,1.17114,1.17188,1.17113,1.17169,1,1.0,1,1,1.17114,False,False,,,,,,9999.995730000002,9999.995730000002,0.0011399999999999189,9999.996870000003
2021-09-23 11:45:00,1.17168,1.172,1.17137,1.17152,1,1.0,1,1,1.17168,False,False,,,,,,9999.995730000002,9999.995730000002,0.0009699999999999154,9999.996700000002
2021-09-23 12:00:00,1.17153,1.17191,1.17141,1.17155,1,1.0,1,1,1.17153,False,False,,,,,,9999.995730000002,9999.995730000002,0.001000000000000112,9999.996730000003
2021-09-23 12:15:00,1.17156,1.1719,1.1715,1.17178,1,1.0,1,1,1.17156,False,False,,,,,,9999.995730000002,9999.995730000002,0.0012300000000000644,9999.996960000002
2021-09-23 12:30:00,1.17176,1.17325,1.17168,1.17301,1,1.0,1,1,1.17176,False,False,,,,,,9999.995730000002,9999.995730000002,0.0024600000000001288,9999.998190000002
2021-09-23 12:45:00,1.17302,1.17308,1.1724,1.1729,1,1.0,1,1,1.17302,False,False,,,,,,9999.995730000002,9999.995730000002,0.0023500000000000743,9999.998080000003
2021-09-23 13:00:00,1.17289,1.17327,1.1724,1.17258,1,1.0,1,1,1.17289,False,False,,,,,,9999.995730000002,9999.995730000002,0.0020299999999999763,9999.997760000002
2021-09-23 13:15:00,1.17258,1.17281,1.17213,1.17269,1,1.0,1,1,1.17258,False,False,,,,,,9999.995730000002,9999.995730000002,0.0021400000000000308,9999.997870000003
2021-09-23 13:30:00,1.17271,1.17356,1.17259,1.17349,1,1.0,1,1,1.17271,False,False,,,,,,9999.995730000002,9999.995730000002,0.0029399999999999427,9999.998670000003
2021-09-23 13:45:00,1.17348,1.17398,1.17328,1.1739,1,1.0,1,1,1.17348,False,False,,,,,,9999.995730000002,9999.995730000002,0.003349999999999964,9999.999080000003
2021-09-23 14:00:00,1.17389,1.17497,1.17375,1.17467,1,1.0,1,1,1.17389,False,False,,,,,,9999.995730000002,9999.995730000002,0.0041200000000001236,9999.999850000002
2021-09-23 14:15:00,1.17468,1.17492,1.17397,1.17445,1,1.0,1,1,1.17468,False,False,,,,,,9999.995730000002,9999.995730000002,0.0039000000000000146,9999.999630000002
2021-09-23 14:30:00,1.17446,1.17491,1.1743,1.17453,1,1.0,1,1,1.17446,False,False,,,,,,9999.995730000002,9999.995730000002,0.003980000000000095,9999.999710000002
2021-09-23 14:45:00,1.17452,1.17499,1.17408,1.17485,1,1.0,1,1,1.17452,False,False,,,,,,9999.995730000002,9999.995730000002,0.0042999999999999705,10000.000030000003
2021-09-23 15:00:00,1.17486,1.175,1.17422,1.17423,1,1.0,1,1,1.17486,False,False,,,,,,9999.995730000002,9999.995730000002,0.0036800000000001276,9999.999410000002
2021-09-23 15:15:00,1.17425,1.17429,1.17327,1.17381,1,1.0,1,1,1.17425,False,False,,,,,,9999.995730000002,9999.995730000002,0.0032600000000000406,9999.998990000002
2021-09-23 15:30:00,1.17381,1.1742,1.17356,1.17374,1,1.0,1,1,1.17381,False,False,,,,,,9999.995730000002,9999.995730000002,0.003190000000000026,9999.998920000002
2021-09-23 15:45:00,1.17373,1.17391,1.17325,1.1734,1,1.0,1,1,1.17373,False,False,,,,,,9999.995730000002,9999.995730000002,0.002850000000000019,9999.998580000003
2021-09-23 16:00:00,1.17341,1.17383,1.17304,1.17381,1,1.0,1,1,1.17341,False,False,,,,,,9999.995730000002,9999.995730000002,0.0032600000000000406,9999.998990000002
2021-09-23 16:15:00,1.17382,1.17405,1.17361,1.17404,1,1.0,1,1,1.17382,False,False,,,,,,9999.995730000002,9999.995730000002,0.003489999999999993,9999.999220000002
2021-09-23 16:30:00,1.17402,1.17429,1.174,1.17405,1,1.0,1,1,1.17402,False,False,,,,,,9999.995730000002,9999.995730000002,0.0035000000000000586,9999.999230000003
2021-09-23 16:45:00,1.17407,1.17443,1.17405,1.1744,1,1.0,1,1,1.17407,False,False,,,,,,9999.995730000002,9999.995730000002,0.003850000000000131,9999.999580000002
2021-09-23 17:00:00,1.17441,1.17471,1.17431,1.17457,1,1.0,1,1,1.17441,False,False,,,,,,9999.995730000002,9999.995730000002,0.0040199999999999125,9999.999750000003
2021-09-23 17:15:00,1.17457,1.17463,1.1744,1.17451,1,1.0,1,1,1.17457,False,False,,,,,,9999.995730000002,9999.995730000002,0.0039599999999999635,9999.999690000002
2021-09-23 17:30:00,1.17451,1.17477,1.17447,1.17474,1,1.0,1,1,1.17451,False,False,,,,,,9999.995730000002,9999.995730000002,0.004189999999999916,9999.999920000002
2021-09-23 17:45:00,1.17473,1.17492,1.17467,1.17486,1,1.0,1,1,1.17473,False,False,,,,,,9999.995730000002,9999.995730000002,0.004310000000000036,10000.000040000003
2021-09-23 18:00:00,1.17487,1.17487,1.17445,1.17466,1,1.0,1,1,1.17487,False,False,,,,,,9999.995730000002,9999.995730000002,0.004110000000000058,9999.999840000002
2021-09-23 18:15:00,1.17465,1.17469,1.1744,1.1745,1,1.0,1,1,1.17465,False,False,,,,,,9999.995730000002,9999.995730000002,0.00395000000000012,9999.999680000003
2021-09-23 18:30:00,1.17449,1.1746,1.17432,1.17437,1,1.0,1,1,1.17449,False,False,,,,,,9999.995730000002,9999.995730000002,0.0038199999999999346,9999.999550000002
2021-09-23 18:45:00,1.17436,1.17478,1.17435,1.17466,1,1.0,1,1,1.17436,False,False,,,,,,9999.995730000002,9999.995730000002,0.004110000000000058,9999.999840000002
2021-09-23 19:00:00,1.17466,1.17481,1.17454,1.17466,1,1.0,1,1,1.17466,False,False,,,,,,9999.995730000002,9999.995730000002,0.004110000000000058,9999.999840000002
2021-09-23 19:15:00,1.17465,1.17488,1.17463,1.17464,1,1.0,1,1,1.17465,False,False,,,,,,9999.995730000002,9999.995730000002,0.004089999999999927,9999.999820000003
2021-09-23 19:30:00,1.17465,1.17466,1.17444,1.1745,1,1.0,1,1,1.17465,False,False,,,,,,9999.995730000002,9999.995730000002,0.00395000000000012,9999.999680000003
2021-09-23 19:45:00,1.17449,1.17449,1.17413,1.1742,1,1.0,1,1,1.17449,False,False,,,,,,9999.995730000002,9999.995730000002,0.003649999999999931,9999.999380000003
2021-09-23 20:00:00,1.1742,1.17422,1.17395,1.17415,1,1.0,1,1,1.1742,False,False,,,,,,9999.995730000002,9999.995730000002,0.0036000000000000476,9999.999330000002
2021-09-23 20:15:00,1.17415,1.1742,1.17384,1.17403,1,1.0,1,1,1.17415,False,False,,,,,,9999.995730000002,9999.995730000002,0.0034799999999999276,9999.999210000002
2021-09-23 20:30:00,1.17404,1.17406,1.17357,1.17388,1,1.0,1,1,1.17404,False,False,,,,,,9999.995730000002,9999.995730000002,0.003330000000000055,9999.999060000002
2021-09-23 20:45:00,1.17388,1.17395,1.17374,1.17384,1,1.0,1,1,1.17388,False,False,,,,,,9999.995730000002,9999.995730000002,0.003290000000000015,9999.999020000003
2021-09-23 21:00:00,1.17383,1.17387,1.17377,1.17386,1,1.0,1,1,1.17383,False,False,,,,,,9999.995730000002,9999.995730000002,0.003309999999999924,9999.999040000002
2021-09-23 21:15:00,1.17382,1.17393,1.1738,1.17383,1,1.0,1,1,1.17382,False,False,,,,,,9999.995730000002,9999.995730000002,0.0032799999999999496,9999.999010000003
2021-09-23 21:30:00,1.17384,1.17394,1.1737,1.1737,1,1.0,1,1,1.17384,False,False,,,,,,9999.995730000002,9999.995730000002,0.003149999999999986,9999.998880000003
2021-09-23 21:45:00,1.1737,1.17398,1.1737,1.17385,1,1.0,1,1,1.1737,False,False,,,,,,9999.995730000002,9999.995730000002,0.0033000000000000806,9999.999030000003
2021-09-23 22:00:00,1.17386,1.17417,1.17386,1.17416,1,1.0,1,1,1.17386,False,False,,,,,,9999.995730000002,9999.995730000002,0.003610000000000113,9999.999340000002
2021-09-23 22:15:00,1.17417,1.17429,1.17415,1.17418,1,1.0,1,1,1.17417,False,False,,,,,,9999.995730000002,9999.995730000002,0.003630000000000022,9999.999360000002
2021-09-23 22:30:00,1.17418,1.17432,1.17418,1.17431,1,1.0,1,1,1.17418,False,False,,,,,,9999.995730000002,9999.995730000002,0.0037599999999999856,9999.999490000002
2021-09-23 22:45:00,1.17429,1.17429,1.17411,1.17419,1,1.0,1,1,1.17429,False,False,,,,,,9999.995730000002,9999.995730000002,0.0036400000000000876,9999.999370000003
2021-09-23 23:00:00,1.17419,1.17426,1.17409,1.17423,1,1.0,1,1,1.17419,False,False,,,,,,9999.995730000002,9999.995730000002,0.0036800000000001276,9999.999410000002
2021-09-23 23:15:00,1.17423,1.17434,1.17422,1.17433,1,1.0,1,1,1.17423,False,False,,,,,,9999.995730000002,9999.995730000002,0.0037800000000001166,9999.999510000001
2021-09-23 23:30:00,1.17435,1.17458,1.17435,1.17436,1,1.0,1,1,1.17435,False,False,,,,,,9999.995730000002,9999.995730000002,0.003810000000000091,9999.999540000003
2021-09-23 23:45:00,1.17435,1.17436,1.17391,1.17398,1,1.0,1,1,1.17435,False,False,,,,,,9999.995730000002,9999.995730000002,0.003430000000000044,9999.999160000003
2021-09-24 00:00:00,1.17397,1.17462,1.17397,1.17447,1,1.0,1,1,1.17397,False,False,,,,,,9999.995730000002,9999.995730000002,0.0039199999999999235,9999.999650000002
2021-09-24 00:15:00,1.17447,1.17457,1.17422,1.17427,1,1.0,1,1,1.17447,False,False,,,,,,9999.995730000002,9999.995730000002,0.0037199999999999456,9999.999450000003
2021-09-24 00:30:00,1.17428,1.17455,1.17428,1.17454,1,1.0,1,1,1.17428,False,False,,,,,,9999.995730000002,9999.995730000002,0.003989999999999938,9999.999720000002
2021-09-24 00:45:00,1.17453,1.17476,1.17445,1.17459,1,1.0,1,1,1.17453,False,False,,,,,,9999.995730000002,9999.995730000002,0.0040400000000000436,9999.999770000002
2021-09-24 01:00:00,1.1746,1.17464,1.17409,1.17428,1,1.0,1,1,1.1746,False,False,,,,,,9999.995730000002,9999.995730000002,0.003730000000000011,9999.999460000003
2021-09-24 01:15:00,1.17429,1.17438,1.17415,1.17427,1,1.0,1,1,1.17429,False,False,,,,,,9999.995730000002,9999.995730000002,0.0037199999999999456,9999.999450000003
2021-09-24 01:30:00,1.17428,1.17437,1.17413,1.17432,1,1.0,1,1,1.17428,False,False,,,,,,9999.995730000002,9999.995730000002,0.003770000000000051,9999.999500000002
2021-09-24 01:45:00,1.1743,1.17432,1.17385,1.17389,1,1.0,1,1,1.1743,False,False,,,,,,9999.995730000002,9999.995730000002,0.0033400000000001207,9999.999070000002
2021-09-24 02:00:00,1.17388,1.17404,1.17382,1.17383,1,1.0,1,1,1.17388,False,False,,,,,,9999.995730000002,9999.995730000002,0.0032799999999999496,9999.999010000003
2021-09-24 02:15:00,1.17384,1.17392,1.17377,1.17392,1,1.0,1,1,1.17384,False,False,,,,,,9999.995730000002,9999.995730000002,0.003370000000000095,9999.999100000003
2021-09-24 02:30:00,1.17392,1.17399,1.17381,1.17393,1,1.0,1,1,1.17392,False,False,,,,,,9999.995730000002,9999.995730000002,0.0033799999999999386,9999.999110000002
2021-09-24 02:45:00,1.17394,1.17405,1.17383,1.17401,1,1.0,1,1,1.17394,False,False,,,,,,9999.995730000002,9999.995730000002,0.0034600000000000186,9999.999190000002
2021-09-24 03:00:00,1.17401,1.1741,1.17392,1.17406,1,1.0,1,1,1.17401,False,False,,,,,,9999.995730000002,9999.995730000002,0.003510000000000124,9999.999240000003
2021-09-24 03:15:00,1.17405,1.17425,1.17404,1.17417,1,1.0,1,1,1.17405,False,False,,,,,,9999.995730000002,9999.995730000002,0.0036199999999999566,9999.999350000002
2021-09-24 03:30:00,1.17417,1.1743,1.1741,1.17414,1,1.0,1,1,1.17417,False,False,,,,,,9999.995730000002,9999.995730000002,0.003589999999999982,9999.999320000003
2021-09-24 03:45:00,1.17413,1.17416,1.17402,1.1741,1,1.0,1,1,1.17413,False,False,,,,,,9999.995730000002,9999.995730000002,0.003549999999999942,9999.999280000002
2021-09-24 04:00:00,1.17409,1.17418,1.17404,1.17409,1,1.0,1,1,1.17409,False,False,,,,,,9999.995730000002,9999.995730000002,0.0035400000000000986,9999.999270000002
2021-09-24 04:15:00,1.17409,1.17416,1.17404,1.17413,1,1.0,1,1,1.17409,False,False,,,,,,9999.995730000002,9999.995730000002,0.0035799999999999166,9999.999310000003
2021-09-24 04:30:00,1.17413,1.17418,1.1738,1.17383,1,1.0,1,1,1.17413,False,False,,,,,,9999.995730000002,9999.995730000002,0.0032799999999999496,9999.999010000003
2021-09-24 04:45:00,1.17381,1.17383,1.17359,1.1737,1,1.0,1,1,1.17381,False,False,,,,,,9999.995730000002,9999.995730000002,0.003149999999999986,9999.998880000003
2021-09-24 05:00:00,1.17369,1.17376,1.17358,1.17374,1,1.0,1,1,1.17369,False,False,,,,,,9999.995730000002,9999.995730000002,0.003190000000000026,9999.998920000002
2021-09-24 05:15:00,1.17374,1.17391,1.17356,1.17383,0,1.0,1,1,1.17374,False,False,,,,,,9999.995730000002,9999.995730000002,0.0032799999999999496,9999.999010000003
2021-09-24 05:30:00,1.17381,1.17393,1.17371,1.17371,0,0.0,1,0,1.17381,False,True,1.0,1.17055,1.17381,0.0032600000000000406,8e-05,9999.995730000002,9999.998910000002,0.0,9999.998910000002
2021-09-24 05:45:00,1.17369,1.17396,1.17365,1.17367,0,0.0,0,0,1.17369,False,False,,,,,,9999.998910000002,9999.998910000002,0.0,9999.998910000002
2021-09-24 06:00:00,1.17368,1.17414,1.17359,1.1738,0,0.0,0,0,1.17368,False,False,,,,,,9999.998910000002,9999.998910000002,0.0,9999.998910000002
2021-09-24 06:15:00,1.17381,1.17381,1.17352,1.17354,0,0.0,0,0,1.17381,False,False,,,,,,9999.998910000002,9999.998910000002,0.0,9999.998910000002
2021-09-24 06:30:00,1.17353,1.174,1.1734,1.1734,0,0.0,0,0,1.17353,False,False,,,,,,9999.998910000002,9999.998910000002,0.0,9999.998910000002
2021-09-24 06:45:00,1.17337,1.17355,1.1731,1.1735,0,0.0,0,0,1.17337,False,False,,,,,,9999.998910000002,9999.998910000002,0.0,9999.998910000002
2021-09-24 07:00:00,1.17352,1.17356,1.1731,1.1733,0,0.0,0,0,1.17352,False,False,,,,,,9999.998910000002,9999.998910000002,0.0,9999.998910000002
2021-09-24 07:15:00,1.17327,1.17407,1.17316,1.17387,0,0.0,0,0,1.17327,False,False,,,,,,9999.998910000002,9999.998910000002,0.0,9999.998910000002
2021-09-24 07:30:00,1.17386,1.17408,1.17369,1.17374,0,0.0,0,0,1.17386,False,False,,,,,,9999.998910000002,9999.998910000002,0.0,9999.998910000002
2021-09-24 07:45:00,1.17373,1.17411,1.17341,1.17382,0,0.0,0,0,1.17373,False,False,,,,,,9999.998910000002,9999.998910000002,0.0,9999.998910000002
2021-09-24 08:00:00,1.17381,1.17405,1.1735,1.17352,0,0.0,0,0,1.17381,False,False,,,,,,9999.998910000002,9999.998910000002,0.0,9999.998910000002
2021-09-24 08:15:00,1.1735,1.17359,1.17309,1.17349,0,0.0,0,0,1.1735,False,False,,,,,,9999.998910000002,9999.998910000002,0.0,9999.998910000002
2021-09-24 08:30:00,1.17349,1.17379,1.1732,1.17338,0,0.0,0,0,1.17349,False,False,,,,,,9999.998910000002,9999.998910000002,0.0,9999.998910000002
2021-09-24 08:45:00,1.17339,1.17371,1.17339,1.1736,0,0.0,0,0,1.17339,False,False,,,,,,9999.998910000002,9999.998910000002,0.0,9999.998910000002
2021-09-24 09:00:00,1.1736,1.1738,1.17344,1.1737,0,0.0,0,0,1.1736,False,False,,,,,,9999.998910000002,9999.998910000002,0.0,9999.998910000002
2021-09-24 09:15:00,1.17369,1.1737,1.17338,1.17349,0,0.0,0,0,1.17369,False,False,,,,,,9999.998910000002,9999.998910000002,0.0,9999.998910000002
2021-09-24 09:30:00,1.17348,1.17364,1.1733,1.17341,0,0.0,0,0,1.17348,False,False,,,,,,9999.998910000002,9999.998910000002,0.0,9999.998910000002
2021-09-24 09:45:00,1.1734,1.17377,1.17335,1.17348,0,0.0,0,0,1.1734,False,False,,,,,,9999.998910000002,9999.998910000002,0.0,9999.998910000002
2021-09-24 10:00:00,1.17349,1.17351,1.17307,1.17324,0,0.0,0,0,1.17349,False,False,,,,,,9999.998910000002,9999.998910000002,0.0,9999.998910000002
2021-09-24 10:15:00,1.17323,1.17373,1.17321,1.17368,0,0.0,0,0,1.17323,False,False,,,,,,9999.998910000002,9999.998910000002,0.0,9999.998910000002
2021-09-24 10:30:00,1.17369,1.17369,1.17281,1.17306,0,0.0,0,0,1.17369,False,False,,,,,,9999.998910000002,9999.998910000002,0.0,9999.998910000002
2021-09-24 10:45:00,1.17307,1.17348,1.173,1.17345,0,0.0,0,0,1.17307,False,False,,,,,,9999.998910000002,9999.998910000002,0.0,9999.998910000002
2021-09-24 11:00:00,1.17344,1.17368,1.17261,1.17262,0,0.0,0,0,1.17344,False,False,,,,,,9999.998910000002,9999.998910000002,0.0,9999.998910000002
2021-09-24 11:15:00,1.17263,1.17265,1.1719,1.17225,0,0.0,0,0,1.17263,False,False,,,,,,9999.998910000002,9999.998910000002,0.0,9999.998910000002
2021-09-24 11:30:00,1.17225,1.17225,1.17135,1.17138,0,0.0,0,0,1.17225,False,False,,,,,,9999.998910000002,9999.998910000002,0.0,9999.998910000002
2021-09-24 11:45:00,1.17138,1.17199,1.17127,1.17136,0,0.0,0,0,1.17138,False,False,,,,,,9999.998910000002,9999.998910000002,0.0,9999.998910000002
2021-09-24 12:00:00,1.17137,1.17196,1.17137,1.1719,0,0.0,0,0,1.17137,False,False,,,,,,9999.998910000002,9999.998910000002,0.0,9999.998910000002
2021-09-24 12:15:00,1.17189,1.17195,1.17151,1.17162,0,0.0,0,0,1.17189,False,False,,,,,,9999.998910000002,9999.998910000002,0.0,9999.998910000002
2021-09-24 12:30:00,1.17162,1.17162,1.17099,1.17106,0,0.0,0,0,1.17162,False,False,,,,,,9999.998910000002,9999.998910000002,0.0,9999.998910000002
2021-09-24 12:45:00,1.17105,1.1713,1.17065,1.17065,0,0.0,0,0,1.17105,False,False,,,,,,9999.998910000002,9999.998910000002,0.0,9999.998910000002
2021-09-24 13:00:00,1.17066,1.17071,1.17005,1.17058,0,0.0,0,0,1.17066,False,False,,,,,,9999.998910000002,9999.998910000002,0.0,9999.998910000002
2021-09-24 13:15:00,1.17056,1.17141,1.17047,1.17135,0,0.0,0,0,1.17056,False,False,,,,,,9999.998910000002,9999.998910000002,0.0,9999.998910000002
2021-09-24 13:30:00,1.17136,1.17196,1.17106,1.1712,0,0.0,0,0,1.17136,False,False,,,,,,9999.998910000002,9999.998910000002,0.0,9999.998910000002
2021-09-24 13:45:00,1.17119,1.17162,1.17095,1.17117,0,0.0,0,0,1.17119,False,False,,,,,,9999.998910000002,9999.998910000002,0.0,9999.998910000002
2021-09-24 14:00:00,1.17115,1.17161,1.17043,1.17093,0,0.0,0,0,1.17115,False,False,,,,,,9999.998910000002,9999.998910000002,0.0,9999.998910000002
2021-09-24 14:15:00,1.17092,1.17123,1.17058,1.17108,0,0.0,0,0,1.17092,False,False,,,,,,9999.998910000002,9999.998910000002,0.0,9999.998910000002
2021-09-24 14:30:00,1.17107,1.17118,1.17081,1.17099,0,0.0,0,0,1.17107,False,False,,,,,,9999.998910000002,9999.998910000002,0.0,9999.998910000002
2021-09-24 14:45:00,1.17098,1.17155,1.17066,1.17129,0,0.0,0,0,1.17098,False,False,,,,,,9999.998910000002,9999.998910000002,0.0,9999.998910000002
2021-09-24 15:00:00,1.17127,1.17165,1.17111,1.17141,0,0.0,0,0,1.17127,False,False,,,,,,9999.998910000002,9999.998910000002,0.0,9999.998910000002
2021-09-24 15:15:00,1.17141,1.17141,1.17085,1.17106,0,0.0,0,0,1.17141,False,False,,,,,,9999.998910000002,9999.998910000002,0.0,9999.998910000002
2021-09-24 15:30:00,1.17103,1.17127,1.1707,1.17116,0,0.0,0,0,1.17103,False,False,,,,,,9999.998910000002,9999.998910000002,0.0,9999.998910000002
2021-09-24 15:45:00,1.17116,1.17153,1.17109,1.17136,0,0.0,0,0,1.17116,False,False,,,,,,9999.998910000002,9999.998910000002,0.0,9999.998910000002
2021-09-24 16:00:00,1.17137,1.17185,1.17128,1.17178,0,0.0,0,0,1.17137,False,False,,,,,,9999.998910000002,9999.998910000002,0.0,9999.998910000002
2021-09-24 16:15:00,1.17179,1.17253,1.17176,1.17242,0,0.0,0,0,1.17179,False,False,,,,,,9999.998910000002,9999.998910000002,0.0,9999.998910000002
2021-09-24 16:30:00,1.17243,1.17246,1.17182,1.17185,0,0.0,0,0,1.17243,False,False,,,,,,9999.998910000002,9999.998910000002,0.0,9999.998910000002
2021-09-24 16:45:00,1.17186,1.17201,1.17147,1.17161,0,0.0,0,0,1.17186,False,False,,,,,,9999.998910000002,9999.998910000002,0.0,9999.998910000002
2021-09-24 17:00:00,1.1716,1.17175,1.17143,1.17164,0,0.0,0,0,1.1716,False,False,,,,,,9999.998910000002,9999.998910000002,0.0,9999.998910000002
2021-09-24 17:15:00,1.17166,1.17201,1.17162,1.17185,0,0.0,0,0,1.17166,False,False,,,,,,9999.998910000002,9999.998910000002,0.0,9999.998910000002
2021-09-24 17:30:00,1.17184,1.17186,1.17162,1.1717,0,0.0,0,0,1.17184,False,False,,,,,,9999.998910000002,9999.998910000002,0.0,9999.998910000002
2021-09-24 17:45:00,1.17169,1.17187,1.17163,1.17176,0,0.0,0,0,1.17169,False,False,,,,,,9999.998910000002,9999.998910000002,0.0,9999.998910000002
2021-09-24 18:00:00,1.17179,1.17181,1.17158,1.17169,0,0.0,0,0,1.17179,False,False,,,,,,9999.998910000002,9999.998910000002,0.0,9999.998910000002
2021-09-24 18:15:00,1.17168,1.17169,1.1713,1.17165,0,0.0,0,0,1.17168,False,False,,,,,,9999.998910000002,9999.998910000002,0.0,9999.998910000002
2021-09-24 18:30:00,1.17164,1.17167,1.17144,1.17148,0,0.0,0,0,1.17164,False,False,,,,,,9999.998910000002,9999.998910000002,0.0,9999.998910000002
2021-09-24 18:45:00,1.17147,1.1716,1.17142,1.17159,0,0.0,0,0,1.17147,False,False,,,,,,9999.998910000002,9999.998910000002,0.0,9999.998910000002
2021-09-24 19:00:00,1.1716,1.17167,1.17139,1.17151,0,0.0,0,0,1.1716,False,False,,,,,,9999.998910000002,9999.998910000002,0.0,9999.998910000002
2021-09-24 19:15:00,1.1715,1.17166,1.17148,1.17166,0,0.0,0,0,1.1715,False,False,,,,,,9999.998910000002,9999.998910000002,0.0,9999.998910000002
2021-09-24 19:30:00,1.17166,1.17169,1.17157,1.17166,0,0.0,0,0,1.17166,False,False,,,,,,9999.998910000002,9999.998910000002,0.0,9999.998910000002
2021-09-24 19:45:00,1.17167,1.17168,1.17147,1.17162,0,0.0,0,0,1.17167,False,False,,,,,,9999.998910000002,9999.998910000002,0.0,9999.998910000002
2021-09-24 20:00:00,1.17163,1.17191,1.17155,1.17191,0,0.0,0,0,1.17163,False,False,,,,,,9999.998910000002,9999.998910000002,0.0,9999.998910000002
2021-09-24 20:15:00,1.17194,1.17217,1.17194,1.17209,0,0.0,0,0,1.17194,False,False,,,,,,9999.998910000002,9999.998910000002,0.0,9999.998910000002
2021-09-24 20:30:00,1.1721,1.17222,1.17204,1.17215,0,0.0,0,0,1.1721,False,False,,,,,,9999.998910000002,9999.998910000002,0.0,9999.998910000002
2021-09-24 20:45:00,1.17214,1.17222,1.1718,1.17181,0,0.0,0,0,1.17214,False,False,,,,,,9999.998910000002,9999.998910000002,0.0,9999.998910000002
2021-09-26 21:00:00,1.17253,1.17261,1.1716,1.1719,0,0.0,0,0,1.17253,False,False,,,,,,9999.998910000002,9999.998910000002,0.0,9999.998910000002
2021-09-26 21:15:00,1.1719,1.17192,1.1717,1.17183,0,0.0,0,0,1.1719,False,False,,,,,,9999.998910000002,9999.998910000002,0.0,9999.998910000002
2021-09-26 21:30:00,1.17184,1.17215,1.17172,1.17202,0,0.0,0,0,1.17184,False,False,,,,,,9999.998910000002,9999.998910000002,0.0,9999.998910000002
2021-09-26 21:45:00,1.172,1.17232,1.17175,1.17208,0,0.0,0,0,1.172,False,False,,,,,,9999.998910000002,9999.998910000002,0.0,9999.998910000002
2021-09-26 22:00:00,1.17208,1.17222,1.1717,1.1718,0,0.0,0,0,1.17208,False,False,,,,,,9999.998910000002,9999.998910000002,0.0,9999.998910000002
2021-09-26 22:15:00,1.1718,1.17207,1.1718,1.17202,0,0.0,0,0,1.1718,False,False,,,,,,9999.998910000002,9999.998910000002,0.0,9999.998910000002
2021-09-26 22:30:00,1.17201,1.17215,1.1719,1.17207,0,0.0,0,0,1.17201,False,False,,,,,,9999.998910000002,9999.998910000002,0.0,9999.998910000002
2021-09-26 22:45:00,1.17208,1.17208,1.17195,1.17201,0,0.0,0,0,1.17208,False,False,,,,,,9999.998910000002,9999.998910000002,0.0,9999.998910000002
2021-09-26 23:00:00,1.17201,1.17205,1.17175,1.17201,0,0.0,0,0,1.17201,False,False,,,,,,9999.998910000002,9999.998910000002,0.0,9999.998910000002
2021-09-26 23:15:00,1.17201,1.17206,1.17191,1.172,0,0.0,0,0,1.17201,False,False,,,,,,9999.998910000002,9999.998910000002,0.0,9999.998910000002
2021-09-26 23:30:00,1.172,1.17205,1.17183,1.17197,0,0.0,0,0,1.172,False,False,,,,,,9999.998910000002,9999.998910000002,0.0,9999.998910000002
2021-09-26 23:45:00,1.172,1.17238,1.17198,1.17224,0,0.0,0,0,1.172,False,False,,,,,,9999.998910000002,9999.998910000002,0.0,9999.998910000002
2021-09-27 00:00:00,1.17224,1.17235,1.17185,1.17235,0,0.0,0,0,1.17224,False,False,,,,,,9999.998910000002,9999.998910000002,0.0,9999.998910000002
2021-09-27 00:15:00,1.17234,1.17237,1.17195,1.17201,0,0.0,0,0,1.17234,False,False,,,,,,9999.998910000002,9999.998910000002,0.0,9999.998910000002
2021-09-27 00:30:00,1.17201,1.17222,1.17197,1.17216,0,0.0,0,0,1.17201,False,False,,,,,,9999.998910000002,9999.998910000002,0.0,9999.998910000002
2021-09-27 00:45:00,1.17216,1.17218,1.17167,1.17171,0,0.0,0,0,1.17216,False,False,,,,,,9999.998910000002,9999.998910000002,0.0,9999.998910000002
2021-09-27 01:00:00,1.17171,1.17198,1.17165,1.17185,0,0.0,0,0,1.17171,False,False,,,,,,9999.998910000002,9999.998910000002,0.0,9999.998910000002
2021-09-27 01:15:00,1.17186,1.1724,1.17185,1.17232,0,0.0,0,0,1.17186,False,False,,,,,,9999.998910000002,9999.998910000002,0.0,9999.998910000002
2021-09-27 01:30:00,1.17231,1.17249,1.17225,1.17247,0,0.0,0,0,1.17231,False,False,,,,,,9999.998910000002,9999.998910000002,0.0,9999.998910000002
2021-09-27 01:45:00,1.17246,1.1725,1.17234,1.17239,0,0.0,0,0,1.17246,False,False,,,,,,9999.998910000002,9999.998910000002,0.0,9999.998910000002
2021-09-27 02:00:00,1.17239,1.17249,1.1722,1.17221,0,0.0,0,0,1.17239,False,False,,,,,,9999.998910000002,9999.998910000002,0.0,9999.998910000002
2021-09-27 02:15:00,1.17221,1.17221,1.17185,1.17191,0,0.0,0,0,1.17221,False,False,,,,,,9999.998910000002,9999.998910000002,0.0,9999.998910000002
2021-09-27 02:30:00,1.17192,1.17199,1.17185,1.17195,0,0.0,0,0,1.17192,False,False,,,,,,9999.998910000002,9999.998910000002,0.0,9999.998910000002
2021-09-27 02:45:00,1.17197,1.17218,1.17187,1.17187,0,0.0,0,0,1.17197,False,False,,,,,,9999.998910000002,9999.998910000002,0.0,9999.998910000002
2021-09-27 03:00:00,1.17186,1.17222,1.17183,1.17211,0,0.0,0,0,1.17186,False,False,,,,,,9999.998910000002,9999.998910000002,0.0,9999.998910000002
2021-09-27 03:15:00,1.1721,1.17237,1.1721,1.17227,0,0.0,0,0,1.1721,False,False,,,,,,9999.998910000002,9999.998910000002,0.0,9999.998910000002
2021-09-27 03:30:00,1.17226,1.17246,1.17226,1.1724,0,0.0,0,0,1.17226,False,False,,,,,,9999.998910000002,9999.998910000002,0.0,9999.998910000002
2021-09-27 03:45:00,1.17241,1.17242,1.17216,1.17221,0,0.0,0,0,1.17241,False,False,,,,,,9999.998910000002,9999.998910000002,0.0,9999.998910000002
2021-09-27 04:00:00,1.17221,1.17242,1.17221,1.17237,0,0.0,0,0,1.17221,False,False,,,,,,9999.998910000002,9999.998910000002,0.0,9999.998910000002
2021-09-27 04:15:00,1.17237,1.17247,1.17237,1.17241,0,0.0,0,0,1.17237,False,False,,,,,,9999.998910000002,9999.998910000002,0.0,9999.998910000002
2021-09-27 04:30:00,1.17241,1.17242,1.17225,1.17231,0,0.0,0,0,1.17241,False,False,,,,,,9999.998910000002,9999.998910000002,0.0,9999.998910000002
2021-09-27 04:45:00,1.17233,1.17233,1.17212,1.17222,0,0.0,0,0,1.17233,False,False,,,,,,9999.998910000002,9999.998910000002,0.0,9999.998910000002
2021-09-27 05:00:00,1.17222,1.17241,1.17216,1.17236,0,0.0,0,0,1.17222,False,False,,,,,,9999.998910000002,9999.998910000002,0.0,9999.998910000002
2021-09-27 05:15:00,1.17236,1.17241,1.17223,1.17228,0,0.0,0,0,1.17236,False,False,,,,,,9999.998910000002,9999.998910000002,0.0,9999.998910000002
2021-09-27 05:30:00,1.17228,1.17232,1.17206,1.17221,0,0.0,0,0,1.17228,False,False,,,,,,9999.998910000002,9999.998910000002,0.0,9999.998910000002
2021-09-27 05:45:00,1.17221,1.17241,1.17196,1.17201,0,0.0,0,0,1.17221,False,False,,,,,,9999.998910000002,9999.998910000002,0.0,9999.998910000002
2021-09-27 06:00:00,1.17204,1.17228,1.17149,1.17186,0,0.0,0,0,1.17204,False,False,,,,,,9999.998910000002,9999.998910000002,0.0,9999.998910000002
2021-09-27 06:15:00,1.17186,1.17213,1.17138,1.17142,1,0.0,0,0,1.17186,False,False,,,,,,9999.998910000002,9999.998910000002,0.0,9999.998910000002
2021-09-27 06:30:00,1.17141,1.17204,1.17122,1.17163,1,1.0,0,1,1.17141,True,False,,,,,,9999.998910000002,9999.998830000002,0.00021999999999988695,9999.999050000002
2021-09-27 06:45:00,1.17164,1.17167,1.17106,1.17106,1,1.0,1,1,1.17164,False,False,,,,,,9999.998830000002,9999.998830000002,-0.0003500000000000725,9999.998480000002
2021-09-27 07:00:00,1.17106,1.1711,1.17023,1.17093,1,1.0,1,1,1.17106,False,False,,,,,,9999.998830000002,9999.998830000002,-0.00048000000000003595,9999.998350000002
2021-09-27 07:15:00,1.17093,1.17142,1.17082,1.1714,1,1.0,1,1,1.17093,False,False,,,,,,9999.998830000002,9999.998830000002,-1.0000000000065512e-05,9999.998820000003
2021-09-27 07:30:00,1.17141,1.17145,1.17032,1.17034,1,1.0,1,1,1.17141,False,False,,,,,,9999.998830000002,9999.998830000002,-0.0010700000000001264,9999.997760000002
2021-09-27 07:45:00,1.17034,1.17034,1.1694,1.16944,1,1.0,1,1,1.17034,False,False,,,,,,9999.998830000002,9999.998830000002,-0.0019700000000000273,9999.996860000003
2021-09-27 08:00:00,1.16944,1.16979,1.16928,1.16929,1,1.0,1,1,1.16944,False,False,,,,,,9999.998830000002,9999.998830000002,-0.002120000000000122,9999.996710000003
2021-09-27 08:15:00,1.16929,1.16961,1.16902,1.16921,1,1.0,1,1,1.16929,False,False,,,,,,9999.998830000002,9999.998830000002,-0.0021999999999999797,9999.996630000001
2021-09-27 08:30:00,1.16921,1.16946,1.16846,1.16935,1,1.0,1,1,1.16921,False,False,,,,,,9999.998830000002,9999.998830000002,-0.002060000000000173,9999.996770000002
2021-09-27 08:45:00,1.16935,1.16949,1.16885,1.16893,1,1.0,1,1,1.16935,False,False,,,,,,9999.998830000002,9999.998830000002,-0.0024800000000000377,9999.996350000003
2021-09-27 09:00:00,1.16891,1.16965,1.16891,1.16949,1,1.0,1,1,1.16891,False,False,,,,,,9999.998830000002,9999.998830000002,-0.0019200000000001438,9999.996910000002
2021-09-27 09:15:00,1.16948,1.16989,1.16946,1.16954,1,1.0,1,1,1.16948,False,False,,,,,,9999.998830000002,9999.998830000002,-0.0018700000000000383,9999.996960000002
2021-09-27 09:30:00,1.16954,1.17007,1.16954,1.16987,1,1.0,1,1,1.16954,False,False,,,,,,9999.998830000002,9999.998830000002,-0.0015400000000000968,9999.997290000003
2021-09-27 09:45:00,1.16988,1.16997,1.16946,1.16966,1,1.0,1,1,1.16988,False,False,,,,,,9999.998830000002,9999.998830000002,-0.0017500000000001403,9999.997080000003
2021-09-27 10:00:00,1.16965,1.16969,1.16942,1.16958,1,1.0,1,1,1.16965,False,False,,,,,,9999.998830000002,9999.998830000002,-0.0018299999999999983,9999.997000000003
2021-09-27 10:15:00,1.16957,1.17024,1.16954,1.1701,1,1.0,1,1,1.16957,False,False,,,,,,9999.998830000002,9999.998830000002,-0.0013100000000001444,9999.997520000003
2021-09-27 10:30:00,1.1701,1.17043,1.17004,1.17038,1,1.0,1,1,1.1701,False,False,,,,,,9999.998830000002,9999.998830000002,-0.0010300000000000864,9999.997800000003
2021-09-27 10:45:00,1.17038,1.17082,1.17024,1.17075,1,1.0,1,1,1.17038,False,False,,,,,,9999.998830000002,9999.998830000002,-0.000660000000000105,9999.998170000003
2021-09-27 11:00:00,1.17076,1.17105,1.17052,1.17066,1,1.0,1,1,1.17076,False,False,,,,,,9999.998830000002,9999.998830000002,-0.0007500000000000284,9999.998080000003
2021-09-27 11:15:00,1.17063,1.17063,1.16962,1.1697,1,1.0,1,1,1.17063,False,False,,,,,,9999.998830000002,9999.998830000002,-0.0017100000000001003,9999.997120000002
2021-09-27 11:30:00,1.16971,1.16987,1.16919,1.16936,1,1.0,1,1,1.16971,False,False,,,,,,9999.998830000002,9999.998830000002,-0.0020500000000001073,9999.996780000003
2021-09-27 11:45:00,1.16937,1.1694,1.16892,1.1692,1,1.0,1,1,1.16937,False,False,,,,,,9999.998830000002,9999.998830000002,-0.0022100000000000453,9999.996620000002
2021-09-27 12:00:00,1.16921,1.16997,1.16921,1.16976,1,1.0,1,1,1.16921,False,False,,,,,,9999.998830000002,9999.998830000002,-0.0016500000000001513,9999.997180000002
2021-09-27 12:15:00,1.16978,1.17011,1.16945,1.16949,1,1.0,1,1,1.16978,False,False,,,,,,9999.998830000002,9999.998830000002,-0.0019200000000001438,9999.996910000002
2021-09-27 12:30:00,1.16949,1.1709,1.16912,1.1707,1,1.0,1,1,1.16949,False,False,,,,,,9999.998830000002,9999.998830000002,-0.0007099999999999884,9999.998120000002
2021-09-27 12:45:00,1.1707,1.17093,1.17036,1.17072,1,1.0,1,1,1.1707,False,False,,,,,,9999.998830000002,9999.998830000002,-0.0006900000000000794,9999.998140000002
2021-09-27 13:00:00,1.17071,1.17071,1.16982,1.17017,1,1.0,1,1,1.17071,False,False,,,,,,9999.998830000002,9999.998830000002,-0.0012400000000001299,9999.997590000003
2021-09-27 13:15:00,1.17018,1.17032,1.16954,1.16968,1,1.0,1,1,1.17018,False,False,,,,,,9999.998830000002,9999.998830000002,-0.0017300000000000093,9999.997100000002
2021-09-27 13:30:00,1.16968,1.17012,1.16907,1.16969,1,1.0,1,1,1.16968,False,False,,,,,,9999.998830000002,9999.998830000002,-0.0017200000000001658,9999.997110000002
2021-09-27 13:45:00,1.16969,1.1704,1.16941,1.17018,1,1.0,1,1,1.16969,False,False,,,,,,9999.998830000002,9999.998830000002,-0.0012300000000000644,9999.997600000002
2021-09-27 14:00:00,1.1702,1.17072,1.16986,1.17027,1,1.0,1,1,1.1702,False,False,,,,,,9999.998830000002,9999.998830000002,-0.001140000000000141,9999.997690000002
2021-09-27 14:15:00,1.17028,1.17095,1.17027,1.17047,1,1.0,1,1,1.17028,False,False,,,,,,9999.998830000002,9999.998830000002,-0.0009400000000001629,9999.997890000002
2021-09-27 14:30:00,1.17048,1.17052,1.17007,1.17015,1,1.0,1,1,1.17048,False,False,,,,,,9999.998830000002,9999.998830000002,-0.0012600000000000389,9999.997570000003
2021-09-27 14:45:00,1.17015,1.1704,1.16968,1.16997,1,1.0,1,1,1.17015,False,False,,,,,,9999.998830000002,9999.998830000002,-0.0014400000000001079,9999.997390000002
2021-09-27 15:00:00,1.16996,1.17053,1.16972,1.16992,1,1.0,1,1,1.16996,False,False,,,,,,9999.998830000002,9999.998830000002,-0.0014899999999999913,9999.997340000002
2021-09-27 15:15:00,1.16992,1.17028,1.16971,1.16975,1,1.0,1,1,1.16992,False,False,,,,,,9999.998830000002,9999.998830000002,-0.0016599999999999948,9999.997170000002
2021-09-27 15:30:00,1.16977,1.17021,1.16969,1.17006,1,1.0,1,1,1.16977,False,False,,,,,,9999.998830000002,9999.998830000002,-0.0013499999999999623,9999.997480000002
2021-09-27 15:45:00,1.17006,1.17032,1.16997,1.17013,1,1.0,1,1,1.17006,False,False,,,,,,9999.998830000002,9999.998830000002,-0.0012800000000001699,9999.997550000002
2021-09-27 16:00:00,1.17012,1.17051,1.16997,1.17046,1,1.0,1,1,1.17012,False,False,,,,,,9999.998830000002,9999.998830000002,-0.0009500000000000064,9999.997880000003
2021-09-27 16:15:00,1.17046,1.17057,1.17036,1.17052,1,1.0,1,1,1.17046,False,False,,,,,,9999.998830000002,9999.998830000002,-0.0008900000000000574,9999.997940000003
2021-09-27 16:30:00,1.17053,1.17074,1.17042,1.17055,1,1.0,1,1,1.17053,False,False,,,,,,9999.998830000002,9999.998830000002,-0.0008600000000000829,9999.997970000002
2021-09-27 16:45:00,1.17057,1.17061,1.17008,1.17019,1,1.0,1,1,1.17057,False,False,,,,,,9999.998830000002,9999.998830000002,-0.0012199999999999989,9999.997610000002
2021-09-27 17:00:00,1.1702,1.17052,1.17007,1.17031,1,1.0,1,1,1.1702,False,False,,,,,,9999.998830000002,9999.998830000002,-0.001100000000000101,9999.997730000003
2021-09-27 17:15:00,1.17032,1.17045,1.17025,1.17045,1,1.0,1,1,1.17032,False,False,,,,,,9999.998830000002,9999.998830000002,-0.0009600000000000719,9999.997870000003
2021-09-27 17:30:00,1.17044,1.17045,1.17008,1.17013,1,1.0,1,1,1.17044,False,False,,,,,,9999.998830000002,9999.998830000002,-0.0012800000000001699,9999.997550000002
2021-09-27 17:45:00,1.17013,1.17057,1.17003,1.17044,1,1.0,1,1,1.17013,False,False,,,,,,9999.998830000002,9999.998830000002,-0.0009700000000001374,9999.997860000003
2021-09-27 18:00:00,1.17045,1.17083,1.17045,1.17072,1,1.0,1,1,1.17045,False,False,,,,,,9999.998830000002,9999.998830000002,-0.0006900000000000794,9999.998140000002
2021-09-27 18:15:00,1.17073,1.1708,1.17067,1.17077,1,1.0,1,1,1.17073,False,False,,,,,,9999.998830000002,9999.998830000002,-0.0006399999999999739,9999.998190000002
2021-09-27 18:30:00,1.17077,1.17081,1.17036,1.17044,1,1.0,1,1,1.17077,False,False,,,,,,9999.998830000002,9999.998830000002,-0.0009700000000001374,9999.997860000003
2021-09-27 18:45:00,1.17045,1.17048,1.16989,1.16989,1,1.0,1,1,1.17045,False,False,,,,,,9999.998830000002,9999.998830000002,-0.0015199999999999658,9999.997310000002
2021-09-27 19:00:00,1.1699,1.17005,1.16983,1.16989,1,1.0,1,1,1.1699,False,False,,,,,,9999.998830000002,9999.998830000002,-0.0015199999999999658,9999.997310000002
2021-09-27 19:15:00,1.16987,1.16992,1.16977,1.16978,1,1.0,1,1,1.16987,False,False,,,,,,9999.998830000002,9999.998830000002,-0.0016300000000000203,9999.997200000002
2021-09-27 19:30:00,1.16978,1.16989,1.16967,1.16983,1,1.0,1,1,1.16978,False,False,,,,,,9999.998830000002,9999.998830000002,-0.0015800000000001369,9999.997250000002
2021-09-27 19:45:00,1.16983,1.1699,1.16966,1.16984,1,1.0,1,1,1.16983,False,False,,,,,,9999.998830000002,9999.998830000002,-0.0015700000000000713,9999.997260000002
2021-09-27 20:00:00,1.16981,1.16984,1.16967,1.1698,1,1.0,1,1,1.16981,False,False,,,,,,9999.998830000002,9999.998830000002,-0.0016100000000001113,9999.997220000003
2021-09-27 20:15:00,1.1698,1.17,1.16969,1.16991,1,1.0,1,1,1.1698,False,False,,,,,,9999.998830000002,9999.998830000002,-0.0015000000000000568,9999.997330000002
2021-09-27 20:30:00,1.1699,1.16994,1.16969,1.16972,1,1.0,1,1,1.1699,False,False,,,,,,9999.998830000002,9999.998830000002,-0.0016899999999999693,9999.997140000003
2021-09-27 20:45:00,1.16972,1.16974,1.16937,1.16949,1,1.0,1,1,1.16972,False,False,,,,,,9999.998830000002,9999.998830000002,-0.0019200000000001438,9999.996910000002
2021-09-27 21:00:00,1.16944,1.16983,1.16938,1.1697,1,1.0,1,1,1.16944,False,False,,,,,,9999.998830000002,9999.998830000002,-0.0017100000000001003,9999.997120000002
2021-09-27 21:15:00,1.1697,1.1697,1.1695,1.1696,1,1.0,1,1,1.1697,False,False,,,,,,9999.998830000002,9999.998830000002,-0.0018100000000000893,9999.997020000003
2021-09-27 21:30:00,1.1696,1.16983,1.1696,1.1697,1,1.0,1,1,1.1696,False,False,,,,,,9999.998830000002,9999.998830000002,-0.0017100000000001003,9999.997120000002
2021-09-27 21:45:00,1.1697,1.16984,1.16961,1.16961,1,1.0,1,1,1.1697,False,False,,,,,,9999.998830000002,9999.998830000002,-0.0018000000000000238,9999.997030000002
2021-09-27 22:00:00,1.16972,1.16974,1.16957,1.16961,1,1.0,1,1,1.16972,False,False,,,,,,9999.998830000002,9999.998830000002,-0.0018000000000000238,9999.997030000002
2021-09-27 22:15:00,1.1696,1.1696,1.16952,1.1696,1,1.0,1,1,1.1696,False,False,,,,,,9999.998830000002,9999.998830000002,-0.0018100000000000893,9999.997020000003
2021-09-27 22:30:00,1.16959,1.16969,1.16957,1.16965,1,1.0,1,1,1.16959,False,False,,,,,,9999.998830000002,9999.998830000002,-0.0017599999999999838,9999.997070000003
2021-09-27 22:45:00,1.16964,1.16964,1.16948,1.16955,1,1.0,1,1,1.16964,False,False,,,,,,9999.998830000002,9999.998830000002,-0.0018599999999999728,9999.996970000002
2021-09-27 23:00:00,1.16956,1.16958,1.16942,1.16945,1,1.0,1,1,1.16956,False,False,,,,,,9999.998830000002,9999.998830000002,-0.0019599999999999618,9999.996870000003
2021-09-27 23:15:00,1.16946,1.16946,1.16938,1.16939,1,1.0,1,1,1.16946,False,False,,,,,,9999.998830000002,9999.998830000002,-0.002020000000000133,9999.996810000002
2021-09-27 23:30:00,1.1694,1.16951,1.1694,1.16951,1,1.0,1,1,1.1694,False,False,,,,,,9999.998830000002,9999.998830000002,-0.0019000000000000128,9999.996930000003
2021-09-27 23:45:00,1.16949,1.16962,1.16949,1.16956,1,1.0,1,1,1.16949,False,False,,,,,,9999.998830000002,9999.998830000002,-0.0018500000000001293,9999.996980000002
2021-09-28 00:00:00,1.16956,1.16967,1.16943,1.16951,1,1.0,1,1,1.16956,False,False,,,,,,9999.998830000002,9999.998830000002,-0.0019000000000000128,9999.996930000003
2021-09-28 00:15:00,1.16951,1.16957,1.16933,1.16936,1,1.0,1,1,1.16951,False,False,,,,,,9999.998830000002,9999.998830000002,-0.0020500000000001073,9999.996780000003
2021-09-28 00:30:00,1.16935,1.16935,1.16913,1.16931,1,1.0,1,1,1.16935,False,False,,,,,,9999.998830000002,9999.998830000002,-0.0020999999999999908,9999.996730000003
2021-09-28 00:45:00,1.16928,1.16928,1.16859,1.16887,1,1.0,1,1,1.16928,False,False,,,,,,9999.998830000002,9999.998830000002,-0.0025399999999999867,9999.996290000003
2021-09-28 01:00:00,1.1689,1.16891,1.16859,1.16871,1,1.0,1,1,1.1689,False,False,,,,,,9999.998830000002,9999.998830000002,-0.0027000000000001467,9999.996130000003
2021-09-28 01:15:00,1.16871,1.16871,1.1685,1.16864,1,1.0,1,1,1.16871,False,False,,,,,,9999.998830000002,9999.998830000002,-0.0027700000000001612,9999.996060000003
2021-09-28 01:30:00,1.16863,1.16868,1.16853,1.16856,1,1.0,1,1,1.16863,False,False,,,,,,9999.998830000002,9999.998830000002,-0.002850000000000019,9999.995980000002
2021-09-28 01:45:00,1.16856,1.16877,1.16856,1.16876,1,1.0,1,1,1.16856,False,False,,,,,,9999.998830000002,9999.998830000002,-0.002650000000000041,9999.996180000002
2021-09-28 02:00:00,1.16876,1.16918,1.16876,1.16917,1,1.0,1,1,1.16876,False,False,,,,,,9999.998830000002,9999.998830000002,-0.0022400000000000198,9999.996590000002
2021-09-28 02:15:00,1.16917,1.16917,1.16901,1.16906,1,1.0,1,1,1.16917,False,False,,,,,,9999.998830000002,9999.998830000002,-0.0023500000000000743,9999.996480000002
2021-09-28 02:30:00,1.16905,1.16905,1.16874,1.169,1,1.0,1,1,1.16905,False,False,,,,,,9999.998830000002,9999.998830000002,-0.0024100000000000232,9999.996420000003
2021-09-28 02:45:00,1.169,1.1694,1.16896,1.16931,1,1.0,1,1,1.169,False,False,,,,,,9999.998830000002,9999.998830000002,-0.0020999999999999908,9999.996730000003
2021-09-28 03:00:00,1.16933,1.16947,1.1693,1.16932,1,1.0,1,1,1.16933,False,False,,,,,,9999.998830000002,9999.998830000002,-0.0020900000000001473,9999.996740000002
2021-09-28 03:15:00,1.16933,1.16936,1.16913,1.16917,1,1.0,1,1,1.16933,False,False,,,,,,9999.998830000002,9999.998830000002,-0.0022400000000000198,9999.996590000002
2021-09-28 03:30:00,1.16916,1.16942,1.16912,1.16913,1,1.0,1,1,1.16916,False,False,,,,,,9999.998830000002,9999.998830000002,-0.0022800000000000598,9999.996550000002
2021-09-28 03:45:00,1.16914,1.16933,1.1691,1.16916,1,1.0,1,1,1.16914,False,False,,,,,,9999.998830000002,9999.998830000002,-0.0022500000000000853,9999.996580000003
2021-09-28 04:00:00,1.16916,1.1693,1.16913,1.1692,1,1.0,1,1,1.16916,False,False,,,,,,9999.998830000002,9999.998830000002,-0.0022100000000000453,9999.996620000002
2021-09-28 04:15:00,1.1692,1.16941,1.1692,1.16941,1,1.0,1,1,1.1692,False,False,,,,,,9999.998830000002,9999.998830000002,-0.0020000000000000018,9999.996830000002
2021-09-28 04:30:00,1.16942,1.16968,1.16938,1.16967,1,1.0,1,1,1.16942,False,False,,,,,,9999.998830000002,9999.998830000002,-0.0017400000000000748,9999.997090000003
2021-09-28 04:45:00,1.16966,1.16987,1.16952,1.16986,1,1.0,1,1,1.16966,False,False,,,,,,9999.998830000002,9999.998830000002,-0.0015500000000001624,9999.997280000001
2021-09-28 05:00:00,1.16987,1.17031,1.16985,1.17026,1,1.0,1,1,1.16987,False,False,,,,,,9999.998830000002,9999.998830000002,-0.0011499999999999844,9999.997680000002
2021-09-28 05:15:00,1.17026,1.17026,1.16982,1.1699,1,1.0,1,1,1.17026,False,False,,,,,,9999.998830000002,9999.998830000002,-0.0015100000000001224,9999.997320000002
2021-09-28 05:30:00,1.16989,1.16996,1.16969,1.16971,1,1.0,1,1,1.16989,False,False,,,,,,9999.998830000002,9999.998830000002,-0.0017000000000000348,9999.997130000002
2021-09-28 05:45:00,1.16971,1.17007,1.16968,1.16986,1,1.0,1,1,1.16971,False,False,,,,,,9999.998830000002,9999.998830000002,-0.0015500000000001624,9999.997280000001
2021-09-28 06:00:00,1.16986,1.17012,1.16927,1.16933,1,1.0,1,1,1.16986,False,False,,,,,,9999.998830000002,9999.998830000002,-0.002080000000000082,9999.996750000002
2021-09-28 06:15:00,1.16933,1.16942,1.16815,1.16853,1,1.0,1,1,1.16933,False,False,,,,,,9999.998830000002,9999.998830000002,-0.0028799999999999937,9999.995950000002
2021-09-28 06:30:00,1.16853,1.16876,1.16807,1.16832,1,1.0,1,1,1.16853,False,False,,,,,,9999.998830000002,9999.998830000002,-0.003090000000000037,9999.995740000002
2021-09-28 06:45:00,1.16831,1.16843,1.16742,1.16762,1,1.0,1,1,1.16831,False,False,,,,,,9999.998830000002,9999.998830000002,-0.00378999999999996,9999.995040000002
2021-09-28 07:00:00,1.16763,1.16809,1.16722,1.16747,1,1.0,1,1,1.16763,False,False,,,,,,9999.998830000002,9999.998830000002,-0.003940000000000055,9999.994890000002
2021-09-28 07:15:00,1.16746,1.16792,1.16742,1.16766,0,1.0,1,1,1.16746,False,False,,,,,,9999.998830000002,9999.998830000002,-0.003750000000000142,9999.995080000002
2021-09-28 07:30:00,1.16765,1.16797,1.1672,1.16796,0,0.0,1,0,1.16765,False,True,1.0,1.17141,1.16765,-0.0037599999999999856,8e-05,9999.998830000002,9999.994990000003,0.0,9999.994990000003
2021-09-28 07:45:00,1.16796,1.16871,1.16782,1.16869,0,0.0,0,0,1.16796,False,False,,,,,,9999.994990000003,9999.994990000003,0.0,9999.994990000003
2021-09-28 08:00:00,1.16866,1.16887,1.168,1.16831,0,0.0,0,0,1.16866,False,False,,,,,,9999.994990000003,9999.994990000003,0.0,9999.994990000003
2021-09-28 08:15:00,1.16832,1.16838,1.16752,1.16791,0,0.0,0,0,1.16832,False,False,,,,,,9999.994990000003,9999.994990000003,0.0,9999.994990000003
2021-09-28 08:30:00,1.1679,1.16859,1.16781,1.16783,0,0.0,0,0,1.1679,False,False,,,,,,9999.994990000003,9999.994990000003,0.0,9999.994990000003
2021-09-28 08:45:00,1.16784,1.16812,1.16773,1.16805,0,0.0,0,0,1.16784,False,False,,,,,,9999.994990000003,9999.994990000003,0.0,9999.994990000003
2021-09-28 09:00:00,1.16806,1.16849,1.16756,1.16819,0,0.0,0,0,1.16806,False,False,,,,,,9999.994990000003,9999.994990000003,0.0,9999.994990000003
2021-09-28 09:15:00,1.16818,1.16832,1.16789,1.16794,0,0.0,0,0,1.16818,False,False,,,,,,9999.994990000003,9999.994990000003,0.0,9999.994990000003
2021-09-28 09:30:00,1.16795,1.16798,1.16736,1.16747,0,0.0,0,0,1.16795,False,False,,,,,,9999.994990000003,9999.994990000003,0.0,9999.994990000003
2021-09-28 09:45:00,1.16747,1.16786,1.1673,1.16784,0,0.0,0,0,1.16747,False,False,,,,,,9999.994990000003,9999.994990000003,0.0,9999.994990000003
2021-09-28 10:00:00,1.16784,1.16798,1.16765,1.16797,0,0.0,0,0,1.16784,False,False,,,,,,9999.994990000003,9999.994990000003,0.0,9999.994990000003
2021-09-28 10:15:00,1.16796,1.16831,1.16766,1.1677,0,0.0,0,0,1.16796,False,False,,,,,,9999.994990000003,9999.994990000003,0.0,9999.994990000003
2021-09-28 10:30:00,1.1677,1.16805,1.16751,1.16805,0,0.0,0,0,1.1677,False,False,,,,,,9999.994990000003,9999.994990000003,0.0,9999.994990000003
2021-09-28 10:45:00,1.16805,1.16818,1.1676,1.16817,0,0.0,0,0,1.16805,False,False,,,,,,9999.994990000003,9999.994990000003,0.0,9999.994990000003
2021-09-28 11:00:00,1.16817,1.16836,1.16773,1.16789,0,0.0,0,0,1.16817,False,False,,,,,,9999.994990000003,9999.994990000003,0.0,9999.994990000003
2021-09-28 11:15:00,1.16788,1.16866,1.1678,1.16845,0,0.0,0,0,1.16788,False,False,,,,,,9999.994990000003,9999.994990000003,0.0,9999.994990000003
2021-09-28 11:30:00,1.16844,1.169,1.16831,1.16892,0,0.0,0,0,1.16844,False,False,,,,,,9999.994990000003,9999.994990000003,0.0,9999.994990000003
2021-09-28 11:45:00,1.1689,1.16932,1.1687,1.16871,0,0.0,0,0,1.1689,False,False,,,,,,9999.994990000003,9999.994990000003,0.0,9999.994990000003
2021-09-28 12:00:00,1.16871,1.16889,1.16775,1.16777,0,0.0,0,0,1.16871,False,False,,,,,,9999.994990000003,9999.994990000003,0.0,9999.994990000003
2021-09-28 12:15:00,1.16778,1.16826,1.1676,1.1682,0,0.0,0,0,1.16778,False,False,,,,,,9999.994990000003,9999.994990000003,0.0,9999.994990000003
2021-09-28 12:30:00,1.16822,1.16853,1.16739,1.16757,0,0.0,0,0,1.16822,False,False,,,,,,9999.994990000003,9999.994990000003,0.0,9999.994990000003
2021-09-28 12:45:00,1.16757,1.16814,1.16726,1.16804,0,0.0,0,0,1.16757,False,False,,,,,,9999.994990000003,9999.994990000003,0.0,9999.994990000003
2021-09-28 13:00:00,1.16805,1.16878,1.16789,1.16842,0,0.0,0,0,1.16805,False,False,,,,,,9999.994990000003,9999.994990000003,0.0,9999.994990000003
2021-09-28 13:15:00,1.16841,1.1686,1.16778,1.16845,0,0.0,0,0,1.16841,False,False,,,,,,9999.994990000003,9999.994990000003,0.0,9999.994990000003
2021-09-28 13:30:00,1.16847,1.1685,1.16741,1.16748,0,0.0,0,0,1.16847,False,False,,,,,,9999.994990000003,9999.994990000003,0.0,9999.994990000003
2021-09-28 13:45:00,1.16747,1.16821,1.16715,1.16808,0,0.0,0,0,1.16747,False,False,,,,,,9999.994990000003,9999.994990000003,0.0,9999.994990000003
2021-09-28 14:00:00,1.16808,1.16822,1.16749,1.16806,0,0.0,0,0,1.16808,False,False,,,,,,9999.994990000003,9999.994990000003,0.0,9999.994990000003
2021-09-28 14:15:00,1.16804,1.17011,1.16797,1.16927,0,0.0,0,0,1.16804,False,False,,,,,,9999.994990000003,9999.994990000003,0.0,9999.994990000003
2021-09-28 14:30:00,1.16925,1.16973,1.16815,1.16857,0,0.0,0,0,1.16925,False,False,,,,,,9999.994990000003,9999.994990000003,0.0,9999.994990000003
2021-09-28 14:45:00,1.16856,1.16863,1.1672,1.16738,0,0.0,0,0,1.16856,False,False,,,,,,9999.994990000003,9999.994990000003,0.0,9999.994990000003
2021-09-28 15:00:00,1.16736,1.16767,1.16682,1.16702,0,0.0,0,0,1.16736,False,False,,,,,,9999.994990000003,9999.994990000003,0.0,9999.994990000003
2021-09-28 15:15:00,1.16703,1.16825,1.167,1.16812,0,0.0,0,0,1.16703,False,False,,,,,,9999.994990000003,9999.994990000003,0.0,9999.994990000003
2021-09-28 15:30:00,1.16813,1.1687,1.16787,1.16791,0,0.0,0,0,1.16813,False,False,,,,,,9999.994990000003,9999.994990000003,0.0,9999.994990000003
2021-09-28 15:45:00,1.16792,1.16835,1.16772,1.16807,0,0.0,0,0,1.16792,False,False,,,,,,9999.994990000003,9999.994990000003,0.0,9999.994990000003
2021-09-28 16:00:00,1.16807,1.16832,1.16773,1.16822,0,0.0,0,0,1.16807,False,False,,,,,,9999.994990000003,9999.994990000003,0.0,9999.994990000003
2021-09-28 16:15:00,1.16822,1.16901,1.1682,1.16877,0,0.0,0,0,1.16822,False,False,,,,,,9999.994990000003,9999.994990000003,0.0,9999.994990000003
2021-09-28 16:30:00,1.16875,1.16878,1.16803,1.16835,0,0.0,0,0,1.16875,False,False,,,,,,9999.994990000003,9999.994990000003,0.0,9999.994990000003
2021-09-28 16:45:00,1.16836,1.16852,1.16802,1.16817,0,0.0,0,0,1.16836,False,False,,,,,,9999.994990000003,9999.994990000003,0.0,9999.994990000003
2021-09-28 17:00:00,1.16819,1.16848,1.16768,1.16806,0,0.0,0,0,1.16819,False,False,,,,,,9999.994990000003,9999.994990000003,0.0,9999.994990000003
2021-09-28 17:15:00,1.16806,1.16862,1.16795,1.16834,0,0.0,0,0,1.16806,False,False,,,,,,9999.994990000003,9999.994990000003,0.0,9999.994990000003
2021-09-28 17:30:00,1.16836,1.16837,1.16796,1.16807,0,0.0,0,0,1.16836,False,False,,,,,,9999.994990000003,9999.994990000003,0.0,9999.994990000003
2021-09-28 17:45:00,1.16805,1.16808,1.16775,1.16791,0,0.0,0,0,1.16805,False,False,,,,,,9999.994990000003,9999.994990000003,0.0,9999.994990000003
2021-09-28 18:00:00,1.16792,1.16807,1.16751,1.16762,0,0.0,0,0,1.16792,False,False,,,,,,9999.994990000003,9999.994990000003,0.0,9999.994990000003
2021-09-28 18:15:00,1.16763,1.1678,1.16757,1.16775,0,0.0,0,0,1.16763,False,False,,,,,,9999.994990000003,9999.994990000003,0.0,9999.994990000003
2021-09-28 18:30:00,1.16777,1.16817,1.16762,1.16811,0,0.0,0,0,1.16777,False,False,,,,,,9999.994990000003,9999.994990000003,0.0,9999.994990000003
2021-09-28 18:45:00,1.1681,1.16818,1.16768,1.16769,0,0.0,0,0,1.1681,False,False,,,,,,9999.994990000003,9999.994990000003,0.0,9999.994990000003
2021-09-28 19:00:00,1.16768,1.16783,1.16755,1.16759,0,0.0,0,0,1.16768,False,False,,,,,,9999.994990000003,9999.994990000003,0.0,9999.994990000003
2021-09-28 19:15:00,1.16759,1.16784,1.16759,1.16782,0,0.0,0,0,1.16759,False,False,,,,,,9999.994990000003,9999.994990000003,0.0,9999.994990000003
2021-09-28 19:30:00,1.16781,1.16802,1.16772,1.16794,0,0.0,0,0,1.16781,False,False,,,,,,9999.994990000003,9999.994990000003,0.0,9999.994990000003
2021-09-28 19:45:00,1.16794,1.16862,1.16786,1.16852,0,0.0,0,0,1.16794,False,False,,,,,,9999.994990000003,9999.994990000003,0.0,9999.994990000003
2021-09-28 20:00:00,1.16853,1.16891,1.16827,1.16833,0,0.0,0,0,1.16853,False,False,,,,,,9999.994990000003,9999.994990000003,0.0,9999.994990000003
2021-09-28 20:15:00,1.16834,1.16845,1.16822,1.1684,0,0.0,0,0,1.16834,False,False,,,,,,9999.994990000003,9999.994990000003,0.0,9999.994990000003
2021-09-28 20:30:00,1.1684,1.16846,1.16834,1.16839,0,0.0,0,0,1.1684,False,False,,,,,,9999.994990000003,9999.994990000003,0.0,9999.994990000003
2021-09-28 20:45:00,1.16838,1.16844,1.16827,1.16827,0,0.0,0,0,1.16838,False,False,,,,,,9999.994990000003,9999.994990000003,0.0,9999.994990000003
2021-09-28 21:00:00,1.16828,1.16832,1.1682,1.16825,0,0.0,0,0,1.16828,False,False,,,,,,9999.994990000003,9999.994990000003,0.0,9999.994990000003
2021-09-28 21:15:00,1.16825,1.16829,1.1682,1.16824,0,0.0,0,0,1.16825,False,False,,,,,,9999.994990000003,9999.994990000003,0.0,9999.994990000003
2021-09-28 21:30:00,1.16825,1.16829,1.1682,1.1682,0,0.0,0,0,1.16825,False,False,,,,,,9999.994990000003,9999.994990000003,0.0,9999.994990000003
2021-09-28 21:45:00,1.1682,1.16859,1.1682,1.16834,0,0.0,0,0,1.1682,False,False,,,,,,9999.994990000003,9999.994990000003,0.0,9999.994990000003
2021-09-28 22:00:00,1.16831,1.16858,1.16831,1.16853,0,0.0,0,0,1.16831,False,False,,,,,,9999.994990000003,9999.994990000003,0.0,9999.994990000003
2021-09-28 22:15:00,1.16857,1.16864,1.16856,1.1686,0,0.0,0,0,1.16857,False,False,,,,,,9999.994990000003,9999.994990000003,0.0,9999.994990000003
2021-09-28 22:30:00,1.16862,1.16864,1.16849,1.16853,0,0.0,0,0,1.16862,False,False,,,,,,9999.994990000003,9999.994990000003,0.0,9999.994990000003
2021-09-28 22:45:00,1.16853,1.16861,1.16851,1.16851,0,0.0,0,0,1.16853,False,False,,,,,,9999.994990000003,9999.994990000003,0.0,9999.994990000003
2021-09-28 23:00:00,1.16855,1.1686,1.16844,1.16859,0,0.0,0,0,1.16855,False,False,,,,,,9999.994990000003,9999.994990000003,0.0,9999.994990000003
2021-09-28 23:15:00,1.16859,1.16864,1.16834,1.16834,0,0.0,0,0,1.16859,False,False,,,,,,9999.994990000003,9999.994990000003,0.0,9999.994990000003
2021-09-28 23:30:00,1.16833,1.16842,1.16825,1.16841,0,0.0,0,0,1.16833,False,False,,,,,,9999.994990000003,9999.994990000003,0.0,9999.994990000003
2021-09-28 23:45:00,1.16841,1.16866,1.16841,1.1686,0,0.0,0,0,1.16841,False,False,,,,,,9999.994990000003,9999.994990000003,0.0,9999.994990000003
2021-09-29 00:00:00,1.16858,1.16874,1.16818,1.16841,0,0.0,0,0,1.16858,False,False,,,,,,9999.994990000003,9999.994990000003,0.0,9999.994990000003
2021-09-29 00:15:00,1.16841,1.16866,1.16837,1.16854,0,0.0,0,0,1.16841,False,False,,,,,,9999.994990000003,9999.994990000003,0.0,9999.994990000003
2021-09-29 00:30:00,1.16855,1.16859,1.16845,1.16856,0,0.0,0,0,1.16855,False,False,,,,,,9999.994990000003,9999.994990000003,0.0,9999.994990000003
2021-09-29 00:45:00,1.16855,1.16855,1.168,1.1681,0,0.0,0,0,1.16855,False,False,,,,,,9999.994990000003,9999.994990000003,0.0,9999.994990000003
2021-09-29 01:00:00,1.16812,1.1686,1.16808,1.16829,0,0.0,0,0,1.16812,False,False,,,,,,9999.994990000003,9999.994990000003,0.0,9999.994990000003
2021-09-29 01:15:00,1.16828,1.1684,1.16807,1.16811,0,0.0,0,0,1.16828,False,False,,,,,,9999.994990000003,9999.994990000003,0.0,9999.994990000003
2021-09-29 01:30:00,1.1681,1.16821,1.16779,1.16818,0,0.0,0,0,1.1681,False,False,,,,,,9999.994990000003,9999.994990000003,0.0,9999.994990000003
2021-09-29 01:45:00,1.16821,1.16834,1.16802,1.16824,0,0.0,0,0,1.16821,False,False,,,,,,9999.994990000003,9999.994990000003,0.0,9999.994990000003
2021-09-29 02:00:00,1.16821,1.16864,1.16812,1.16859,0,0.0,0,0,1.16821,False,False,,,,,,9999.994990000003,9999.994990000003,0.0,9999.994990000003
2021-09-29 02:15:00,1.16859,1.169,1.16855,1.16889,0,0.0,0,0,1.16859,False,False,,,,,,9999.994990000003,9999.994990000003,0.0,9999.994990000003
2021-09-29 02:30:00,1.16889,1.16892,1.16857,1.16868,0,0.0,0,0,1.16889,False,False,,,,,,9999.994990000003,9999.994990000003,0.0,9999.994990000003
2021-09-29 02:45:00,1.1687,1.16881,1.1685,1.16856,0,0.0,0,0,1.1687,False,False,,,,,,9999.994990000003,9999.994990000003,0.0,9999.994990000003
2021-09-29 03:00:00,1.16855,1.16866,1.16834,1.16839,0,0.0,0,0,1.16855,False,False,,,,,,9999.994990000003,9999.994990000003,0.0,9999.994990000003
2021-09-29 03:15:00,1.1684,1.16849,1.16832,1.16839,0,0.0,0,0,1.1684,False,False,,,,,,9999.994990000003,9999.994990000003,0.0,9999.994990000003
2021-09-29 03:30:00,1.16839,1.16842,1.1683,1.16833,0,0.0,0,0,1.16839,False,False,,,,,,9999.994990000003,9999.994990000003,0.0,9999.994990000003
2021-09-29 03:45:00,1.16833,1.16852,1.16829,1.16848,0,0.0,0,0,1.16833,False,False,,,,,,9999.994990000003,9999.994990000003,0.0,9999.994990000003
2021-09-29 04:00:00,1.16846,1.16847,1.16825,1.1683,0,0.0,0,0,1.16846,False,False,,,,,,9999.994990000003,9999.994990000003,0.0,9999.994990000003
2021-09-29 04:15:00,1.16827,1.16845,1.16823,1.16845,0,0.0,0,0,1.16827,False,False,,,,,,9999.994990000003,9999.994990000003,0.0,9999.994990000003
2021-09-29 04:30:00,1.16842,1.16843,1.16831,1.1684,0,0.0,0,0,1.16842,False,False,,,,,,9999.994990000003,9999.994990000003,0.0,9999.994990000003
2021-09-29 04:45:00,1.1684,1.16865,1.16835,1.16865,0,0.0,0,0,1.1684,False,False,,,,,,9999.994990000003,9999.994990000003,0.0,9999.994990000003
2021-09-29 05:00:00,1.16865,1.16865,1.1683,1.1685,0,0.0,0,0,1.16865,False,False,,,,,,9999.994990000003,9999.994990000003,0.0,9999.994990000003
2021-09-29 05:15:00,1.1685,1.16864,1.16835,1.16849,0,0.0,0,0,1.1685,False,False,,,,,,9999.994990000003,9999.994990000003,0.0,9999.994990000003
2021-09-29 05:30:00,1.16849,1.16878,1.16845,1.16877,0,0.0,0,0,1.16849,False,False,,,,,,9999.994990000003,9999.994990000003,0.0,9999.994990000003
2021-09-29 05:45:00,1.16877,1.16878,1.16821,1.16829,0,0.0,0,0,1.16877,False,False,,,,,,9999.994990000003,9999.994990000003,0.0,9999.994990000003
2021-09-29 06:00:00,1.16826,1.16858,1.16783,1.16818,0,0.0,0,0,1.16826,False,False,,,,,,9999.994990000003,9999.994990000003,0.0,9999.994990000003
2021-09-29 06:15:00,1.16819,1.16845,1.16798,1.16839,0,0.0,0,0,1.16819,False,False,,,,,,9999.994990000003,9999.994990000003,0.0,9999.994990000003
2021-09-29 06:30:00,1.16837,1.16839,1.16777,1.16826,0,0.0,0,0,1.16837,False,False,,,,,,9999.994990000003,9999.994990000003,0.0,9999.994990000003
2021-09-29 06:45:00,1.16826,1.16853,1.16758,1.16776,0,0.0,0,0,1.16826,False,False,,,,,,9999.994990000003,9999.994990000003,0.0,9999.994990000003
2021-09-29 07:00:00,1.16776,1.16777,1.16568,1.16598,0,0.0,0,0,1.16776,False,False,,,,,,9999.994990000003,9999.994990000003,0.0,9999.994990000003
2021-09-29 07:15:00,1.16597,1.16687,1.16564,1.16678,0,0.0,0,0,1.16597,False,False,,,,,,9999.994990000003,9999.994990000003,0.0,9999.994990000003
2021-09-29 07:30:00,1.16679,1.16726,1.1665,1.16672,0,0.0,0,0,1.16679,False,False,,,,,,9999.994990000003,9999.994990000003,0.0,9999.994990000003
2021-09-29 07:45:00,1.16671,1.16671,1.16587,1.16619,0,0.0,0,0,1.16671,False,False,,,,,,9999.994990000003,9999.994990000003,0.0,9999.994990000003
2021-09-29 08:00:00,1.16619,1.16683,1.16618,1.16643,0,0.0,0,0,1.16619,False,False,,,,,,9999.994990000003,9999.994990000003,0.0,9999.994990000003
2021-09-29 08:15:00,1.16642,1.16695,1.16629,1.16658,1,0.0,0,0,1.16642,False,False,,,,,,9999.994990000003,9999.994990000003,0.0,9999.994990000003
2021-09-29 08:30:00,1.16659,1.16683,1.1662,1.16656,1,1.0,0,1,1.16659,True,False,,,,,,9999.994990000003,9999.994910000003,-2.999999999997449e-05,9999.994880000004
2021-09-29 08:45:00,1.16659,1.16719,1.16634,1.16636,1,1.0,1,1,1.16659,False,False,,,,,,9999.994910000003,9999.994910000003,-0.00022999999999995246,9999.994680000003
2021-09-29 09:00:00,1.16636,1.16687,1.16628,1.16669,1,1.0,1,1,1.16636,False,False,,,,,,9999.994910000003,9999.994910000003,9.999999999998899e-05,9999.995010000002
2021-09-29 09:15:00,1.1667,1.16713,1.16666,1.16679,1,1.0,1,1,1.1667,False,False,,,,,,9999.994910000003,9999.994910000003,0.00019999999999997797,9999.995110000003
2021-09-29 09:30:00,1.1668,1.1668,1.16585,1.16633,1,1.0,1,1,1.1668,False,False,,,,,,9999.994910000003,9999.994910000003,-0.00025999999999992696,9999.994650000002
2021-09-29 09:45:00,1.16634,1.16643,1.16599,1.1664,1,1.0,1,1,1.16634,False,False,,,,,,9999.994910000003,9999.994910000003,-0.00018999999999991246,9999.994720000002
2021-09-29 10:00:00,1.16642,1.16664,1.16595,1.16607,1,1.0,1,1,1.16642,False,False,,,,,,9999.994910000003,9999.994910000003,-0.000520000000000076,9999.994390000003
2021-09-29 10:15:00,1.16607,1.16648,1.16554,1.16598,1,1.0,1,1,1.16607,False,False,,,,,,9999.994910000003,9999.994910000003,-0.0006099999999999994,9999.994300000004
2021-09-29 10:30:00,1.16598,1.16636,1.16579,1.16596,1,1.0,1,1,1.16598,False,False,,,,,,9999.994910000003,9999.994910000003,-0.0006299999999999084,9999.994280000003
2021-09-29 10:45:00,1.16593,1.16628,1.16576,1.16588,1,1.0,1,1,1.16593,False,False,,,,,,9999.994910000003,9999.994910000003,-0.0007099999999999884,9999.994200000003
2021-09-29 11:00:00,1.16587,1.16591,1.16541,1.16547,1,1.0,1,1,1.16587,False,False,,,,,,9999.994910000003,9999.994910000003,-0.0011200000000000099,9999.993790000002
2021-09-29 11:15:00,1.16546,1.16549,1.16399,1.16452,1,1.0,1,1,1.16546,False,False,,,,,,9999.994910000003,9999.994910000003,-0.0020700000000000163,9999.992840000003
2021-09-29 11:30:00,1.16454,1.16479,1.16427,1.16461,1,1.0,1,1,1.16454,False,False,,,,,,9999.994910000003,9999.994910000003,-0.001980000000000093,9999.992930000004
2021-09-29 11:45:00,1.16462,1.16534,1.16431,1.16491,1,1.0,1,1,1.16462,False,False,,,,,,9999.994910000003,9999.994910000003,-0.0016800000000001258,9999.993230000004
2021-09-29 12:00:00,1.16489,1.16562,1.16474,1.1653,1,1.0,1,1,1.16489,False,False,,,,,,9999.994910000003,9999.994910000003,-0.0012900000000000134,9999.993620000003
2021-09-29 12:15:00,1.1653,1.16587,1.16527,1.16554,1,1.0,1,1,1.1653,False,False,,,,,,9999.994910000003,9999.994910000003,-0.0010499999999999954,9999.993860000002
2021-09-29 12:30:00,1.16554,1.16556,1.1644,1.16499,1,1.0,1,1,1.16554,False,False,,,,,,9999.994910000003,9999.994910000003,-0.0016000000000000458,9999.993310000003
2021-09-29 12:45:00,1.16496,1.165,1.16431,1.16456,1,1.0,1,1,1.16496,False,False,,,,,,9999.994910000003,9999.994910000003,-0.0020299999999999763,9999.992880000003
2021-09-29 13:00:00,1.16457,1.16462,1.1641,1.16428,1,1.0,1,1,1.16457,False,False,,,,,,9999.994910000003,9999.994910000003,-0.0023100000000000342,9999.992600000003
2021-09-29 13:15:00,1.16428,1.16435,1.16392,1.16399,1,1.0,1,1,1.16428,False,False,,,,,,9999.994910000003,9999.994910000003,-0.0025999999999999357,9999.992310000003
2021-09-29 13:30:00,1.16401,1.16404,1.1632,1.16332,1,1.0,1,1,1.16401,False,False,,,,,,9999.994910000003,9999.994910000003,-0.003270000000000106,9999.991640000004
2021-09-29 13:45:00,1.16332,1.1645,1.16332,1.16359,1,1.0,1,1,1.16332,False,False,,,,,,9999.994910000003,9999.994910000003,-0.0030000000000001137,9999.991910000002
2021-09-29 14:00:00,1.16361,1.16436,1.16216,1.16245,1,1.0,1,1,1.16361,False,False,,,,,,9999.994910000003,9999.994910000003,-0.0041400000000000325,9999.990770000004
2021-09-29 14:15:00,1.16245,1.16256,1.16165,1.16199,1,1.0,1,1,1.16245,False,False,,,,,,9999.994910000003,9999.994910000003,-0.0045999999999999375,9999.990310000003
2021-09-29 14:30:00,1.16202,1.16202,1.16109,1.16111,1,1.0,1,1,1.16202,False,False,,,,,,9999.994910000003,9999.994910000003,-0.005479999999999929,9999.989430000003
2021-09-29 14:45:00,1.16112,1.16212,1.16111,1.16138,1,1.0,1,1,1.16112,False,False,,,,,,9999.994910000003,9999.994910000003,-0.005209999999999937,9999.989700000004
2021-09-29 15:00:00,1.16138,1.16163,1.16113,1.16149,1,1.0,1,1,1.16138,False,False,,,,,,9999.994910000003,9999.994910000003,-0.0051000000000001044,9999.989810000003
2021-09-29 15:15:00,1.16151,1.16194,1.1611,1.16167,1,1.0,1,1,1.16151,False,False,,,,,,9999.994910000003,9999.994910000003,-0.0049200000000000355,9999.989990000004
2021-09-29 15:30:00,1.16169,1.16172,1.16097,1.16114,1,1.0,1,1,1.16169,False,False,,,,,,9999.994910000003,9999.994910000003,-0.005449999999999955,9999.989460000003
2021-09-29 15:45:00,1.16114,1.16137,1.16098,1.16116,1,1.0,1,1,1.16114,False,False,,,,,,9999.994910000003,9999.994910000003,-0.005430000000000046,9999.989480000004
2021-09-29 16:00:00,1.16112,1.16155,1.16103,1.16115,1,1.0,1,1,1.16112,False,False,,,,,,9999.994910000003,9999.994910000003,-0.005440000000000111,9999.989470000002
2021-09-29 16:15:00,1.16113,1.16124,1.16078,1.16094,1,1.0,1,1,1.16113,False,False,,,,,,9999.994910000003,9999.994910000003,-0.005649999999999933,9999.989260000004
2021-09-29 16:30:00,1.16094,1.16105,1.16006,1.16009,1,1.0,1,1,1.16094,False,False,,,,,,9999.994910000003,9999.994910000003,-0.00649999999999995,9999.988410000004
2021-09-29 16:45:00,1.1601,1.1604,1.16007,1.16013,1,1.0,1,1,1.1601,False,False,,,,,,9999.994910000003,9999.994910000003,-0.00645999999999991,9999.988450000003
2021-09-29 17:00:00,1.16013,1.16048,1.16012,1.16027,1,1.0,1,1,1.16013,False,False,,,,,,9999.994910000003,9999.994910000003,-0.006320000000000103,9999.988590000003
2021-09-29 17:15:00,1.16028,1.16049,1.16012,1.16012,1,1.0,1,1,1.16028,False,False,,,,,,9999.994910000003,9999.994910000003,-0.006469999999999976,9999.988440000003
2021-09-29 17:30:00,1.16012,1.16046,1.16005,1.16036,1,1.0,1,1,1.16012,False,False,,,,,,9999.994910000003,9999.994910000003,-0.006229999999999958,9999.988680000002
2021-09-29 17:45:00,1.16035,1.16046,1.15935,1.15949,1,1.0,1,1,1.16035,False,False,,,,,,9999.994910000003,9999.994910000003,-0.007100000000000106,9999.987810000002
2021-09-29 18:00:00,1.1595,1.15997,1.15896,1.15993,1,1.0,1,1,1.1595,False,False,,,,,,9999.994910000003,9999.994910000003,-0.00666000000000011,9999.988250000004
2021-09-29 18:15:00,1.15993,1.16048,1.15977,1.16041,1,1.0,1,1,1.15993,False,False,,,,,,9999.994910000003,9999.994910000003,-0.006180000000000074,9999.988730000003
2021-09-29 18:30:00,1.16041,1.16048,1.16016,1.16032,1,1.0,1,1,1.16041,False,False,,,,,,9999.994910000003,9999.994910000003,-0.006269999999999998,9999.988640000003
2021-09-29 18:45:00,1.16031,1.16047,1.16002,1.16012,1,1.0,1,1,1.16031,False,False,,,,,,9999.994910000003,9999.994910000003,-0.006469999999999976,9999.988440000003
2021-09-29 19:00:00,1.16013,1.16028,1.15975,1.1598,1,1.0,1,1,1.16013,False,False,,,,,,9999.994910000003,9999.994910000003,-0.006790000000000074,9999.988120000004
2021-09-29 19:15:00,1.1598,1.15981,1.15939,1.15946,1,1.0,1,1,1.1598,False,False,,,,,,9999.994910000003,9999.994910000003,-0.007130000000000081,9999.987780000003
2021-09-29 19:30:00,1.15947,1.15982,1.15942,1.15952,1,1.0,1,1,1.15947,False,False,,,,,,9999.994910000003,9999.994910000003,-0.00706999999999991,9999.987840000003
2021-09-29 19:45:00,1.15951,1.15955,1.15894,1.15937,1,1.0,1,1,1.15951,False,False,,,,,,9999.994910000003,9999.994910000003,-0.007220000000000004,9999.987690000004
2021-09-29 20:00:00,1.15934,1.15944,1.1591,1.1594,1,1.0,1,1,1.15934,False,False,,,,,,9999.994910000003,9999.994910000003,-0.00719000000000003,9999.987720000003
2021-09-29 20:15:00,1.15938,1.15956,1.15931,1.15932,1,1.0,1,1,1.15938,False,False,,,,,,9999.994910000003,9999.994910000003,-0.00727000000000011,9999.987640000003
2021-09-29 20:30:00,1.15933,1.15967,1.15932,1.15954,1,1.0,1,1,1.15933,False,False,,,,,,9999.994910000003,9999.994910000003,-0.007050000000000001,9999.987860000003
2021-09-29 20:45:00,1.15954,1.15979,1.15926,1.15968,1,1.0,1,1,1.15954,False,False,,,,,,9999.994910000003,9999.994910000003,-0.006909999999999972,9999.988000000003
2021-09-29 21:00:00,1.15967,1.15974,1.15959,1.1596,1,1.0,1,1,1.15967,False,False,,,,,,9999.994910000003,9999.994910000003,-0.006990000000000052,9999.987920000003
2021-09-29 21:15:00,1.1596,1.15982,1.1596,1.15975,1,1.0,1,1,1.1596,False,False,,,,,,9999.994910000003,9999.994910000003,-0.006839999999999957,9999.988070000003
2021-09-29 21:30:00,1.15976,1.15976,1.1596,1.15961,1,1.0,1,1,1.15976,False,False,,,,,,9999.994910000003,9999.994910000003,-0.006979999999999986,9999.987930000003
2021-09-29 21:45:00,1.15961,1.15988,1.1596,1.15971,1,1.0,1,1,1.15961,False,False,,,,,,9999.994910000003,9999.994910000003,-0.006879999999999997,9999.988030000002
2021-09-29 22:00:00,1.15971,1.15986,1.15961,1.15973,1,1.0,1,1,1.15971,False,False,,,,,,9999.994910000003,9999.994910000003,-0.006860000000000088,9999.988050000004
2021-09-29 22:15:00,1.15974,1.1599,1.15969,1.15983,1,1.0,1,1,1.15974,False,False,,,,,,9999.994910000003,9999.994910000003,-0.006760000000000099,9999.988150000003
2021-09-29 22:30:00,1.15982,1.15985,1.15977,1.15979,1,1.0,1,1,1.15982,False,False,,,,,,9999.994910000003,9999.994910000003,-0.006799999999999917,9999.988110000004
2021-09-29 22:45:00,1.15979,1.15984,1.15975,1.15982,1,1.0,1,1,1.15979,False,False,,,,,,9999.994910000003,9999.994910000003,-0.006769999999999943,9999.988140000003
2021-09-29 23:00:00,1.15982,1.15988,1.15976,1.15983,1,1.0,1,1,1.15982,False,False,,,,,,9999.994910000003,9999.994910000003,-0.006760000000000099,9999.988150000003
2021-09-29 23:15:00,1.15983,1.16003,1.15983,1.15998,1,1.0,1,1,1.15983,False,False,,,,,,9999.994910000003,9999.994910000003,-0.006610000000000005,9999.988300000003
2021-09-29 23:30:00,1.15999,1.16013,1.15993,1.15999,1,1.0,1,1,1.15999,False,False,,,,,,9999.994910000003,9999.994910000003,-0.006599999999999939,9999.988310000002
2021-09-29 23:45:00,1.16,1.16022,1.15999,1.16014,1,1.0,1,1,1.16,False,False,,,,,,9999.994910000003,9999.994910000003,-0.006450000000000067,9999.988460000002
2021-09-30 00:00:00,1.16015,1.16016,1.15977,1.15999,1,1.0,1,1,1.16015,False,False,,,,,,9999.994910000003,9999.994910000003,-0.006599999999999939,9999.988310000002
2021-09-30 00:15:00,1.15998,1.16029,1.15994,1.16026,1,1.0,1,1,1.15998,False,False,,,,,,9999.994910000003,9999.994910000003,-0.006329999999999947,9999.988580000003
2021-09-30 00:30:00,1.16024,1.16029,1.15994,1.16002,1,1.0,1,1,1.16024,False,False,,,,,,9999.994910000003,9999.994910000003,-0.006569999999999965,9999.988340000004
2021-09-30 00:45:00,1.16003,1.16036,1.16002,1.16034,1,1.0,1,1,1.16003,False,False,,,,,,9999.994910000003,9999.994910000003,-0.006250000000000089,9999.988660000003
2021-09-30 01:00:00,1.16033,1.16047,1.16022,1.16039,1,1.0,1,1,1.16033,False,False,,,,,,9999.994910000003,9999.994910000003,-0.006199999999999983,9999.988710000003
2021-09-30 01:15:00,1.16038,1.16053,1.16012,1.16024,1,1.0,1,1,1.16038,False,False,,,,,,9999.994910000003,9999.994910000003,-0.006350000000000078,9999.988560000003
2021-09-30 01:30:00,1.16025,1.16058,1.16011,1.16044,1,1.0,1,1,1.16025,False,False,,,,,,9999.994910000003,9999.994910000003,-0.0061500000000001,9999.988760000004
2021-09-30 01:45:00,1.16044,1.16053,1.16032,1.16037,1,1.0,1,1,1.16044,False,False,,,,,,9999.994910000003,9999.994910000003,-0.006220000000000114,9999.988690000004
2021-09-30 02:00:00,1.16037,1.1607,1.16027,1.16054,1,1.0,1,1,1.16037,False,False,,,,,,9999.994910000003,9999.994910000003,-0.006050000000000111,9999.988860000003
2021-09-30 02:15:00,1.16053,1.16083,1.16053,1.1606,1,1.0,1,1,1.16053,False,False,,,,,,9999.994910000003,9999.994910000003,-0.00598999999999994,9999.988920000003
2021-09-30 02:30:00,1.1606,1.16074,1.16042,1.16066,1,1.0,1,1,1.1606,False,False,,,,,,9999.994910000003,9999.994910000003,-0.005929999999999991,9999.988980000004
2021-09-30 02:45:00,1.16066,1.1608,1.16061,1.1607,1,1.0,1,1,1.16066,False,False,,,,,,9999.994910000003,9999.994910000003,-0.005889999999999951,9999.989020000003
2021-09-30 03:00:00,1.1607,1.16085,1.16069,1.16069,1,1.0,1,1,1.1607,False,False,,,,,,9999.994910000003,9999.994910000003,-0.005900000000000016,9999.989010000003
2021-09-30 03:15:00,1.1607,1.16085,1.16068,1.16079,1,1.0,1,1,1.1607,False,False,,,,,,9999.994910000003,9999.994910000003,-0.005800000000000027,9999.989110000002
2021-09-30 03:30:00,1.16077,1.16077,1.16044,1.16062,1,1.0,1,1,1.16077,False,False,,,,,,9999.994910000003,9999.994910000003,-0.005970000000000031,9999.988940000003
2021-09-30 03:45:00,1.16062,1.16063,1.16035,1.16039,1,1.0,1,1,1.16062,False,False,,,,,,9999.994910000003,9999.994910000003,-0.006199999999999983,9999.988710000003
2021-09-30 04:00:00,1.16039,1.16049,1.16033,1.16045,1,1.0,1,1,1.16039,False,False,,,,,,9999.994910000003,9999.994910000003,-0.006140000000000034,9999.988770000004
2021-09-30 04:15:00,1.16046,1.16054,1.16022,1.16028,1,1.0,1,1,1.16046,False,False,,,,,,9999.994910000003,9999.994910000003,-0.006310000000000038,9999.988600000002
2021-09-30 04:30:00,1.16028,1.16031,1.16012,1.16031,1,1.0,1,1,1.16028,False,False,,,,,,9999.994910000003,9999.994910000003,-0.006280000000000063,9999.988630000003
2021-09-30 04:45:00,1.1603,1.16084,1.16021,1.16079,1,1.0,1,1,1.1603,False,False,,,,,,9999.994910000003,9999.994910000003,-0.005800000000000027,9999.989110000002
2021-09-30 05:00:00,1.16078,1.16079,1.16036,1.1605,1,1.0,1,1,1.16078,False,False,,,,,,9999.994910000003,9999.994910000003,-0.006089999999999929,9999.988820000002
2021-09-30 05:15:00,1.16049,1.16081,1.16028,1.16031,1,1.0,1,1,1.16049,False,False,,,,,,9999.994910000003,9999.994910000003,-0.006280000000000063,9999.988630000003
2021-09-30 05:30:00,1.16031,1.16065,1.16024,1.16038,1,1.0,1,1,1.16031,False,False,,,,,,9999.994910000003,9999.994910000003,-0.006210000000000049,9999.988700000004
2021-09-30 05:45:00,1.16038,1.16055,1.15949,1.1595,1,1.0,1,1,1.16038,False,False,,,,,,9999.994910000003,9999.994910000003,-0.007090000000000041,9999.987820000004
2021-09-30 06:00:00,1.1595,1.15999,1.1595,1.15997,1,1.0,1,1,1.1595,False,False,,,,,,9999.994910000003,9999.994910000003,-0.00662000000000007,9999.988290000003
2021-09-30 06:15:00,1.15998,1.16023,1.15979,1.15993,1,1.0,1,1,1.15998,False,False,,,,,,9999.994910000003,9999.994910000003,-0.00666000000000011,9999.988250000004
2021-09-30 06:30:00,1.15992,1.16037,1.15972,1.16022,1,1.0,1,1,1.15992,False,False,,,,,,9999.994910000003,9999.994910000003,-0.006369999999999987,9999.988540000004
2021-09-30 06:45:00,1.16021,1.1606,1.15999,1.16059,1,1.0,1,1,1.16021,False,False,,,,,,9999.994910000003,9999.994910000003,-0.006000000000000005,9999.988910000004
2021-09-30 07:00:00,1.1606,1.1606,1.15914,1.1593,1,1.0,1,1,1.1606,False,False,,,,,,9999.994910000003,9999.994910000003,-0.007290000000000019,9999.987620000004
2021-09-30 07:15:00,1.1593,1.16074,1.15921,1.16054,1,1.0,1,1,1.1593,False,False,,,,,,9999.994910000003,9999.994910000003,-0.006050000000000111,9999.988860000003
2021-09-30 07:30:00,1.16053,1.16085,1.16022,1.16057,1,1.0,1,1,1.16053,False,False,,,,,,9999.994910000003,9999.994910000003,-0.006019999999999914,9999.988890000002
2021-09-30 07:45:00,1.16058,1.16084,1.16031,1.16044,1,1.0,1,1,1.16058,False,False,,,,,,9999.994910000003,9999.994910000003,-0.0061500000000001,9999.988760000004
2021-09-30 08:00:00,1.16045,1.16096,1.16034,1.16066,1,1.0,1,1,1.16045,False,False,,,,,,9999.994910000003,9999.994910000003,-0.005929999999999991,9999.988980000004
2021-09-30 08:15:00,1.16066,1.16074,1.16026,1.16046,1,1.0,1,1,1.16066,False,False,,,,,,9999.994910000003,9999.994910000003,-0.006129999999999969,9999.988780000003
2021-09-30 08:30:00,1.16047,1.16074,1.15985,1.16,1,1.0,1,1,1.16047,False,False,,,,,,9999.994910000003,9999.994910000003,-0.006590000000000096,9999.988320000002
2021-09-30 08:45:00,1.15999,1.16055,1.15994,1.16041,1,1.0,1,1,1.15999,False,False,,,,,,9999.994910000003,9999.994910000003,-0.006180000000000074,9999.988730000003
2021-09-30 09:00:00,1.1604,1.16065,1.16,1.1601,1,1.0,1,1,1.1604,False,False,,,,,,9999.994910000003,9999.994910000003,-0.006490000000000107,9999.988420000003
2021-09-30 09:15:00,1.16011,1.16015,1.15962,1.16001,0,1.0,1,1,1.16011,False,False,,,,,,9999.994910000003,9999.994910000003,-0.00658000000000003,9999.988330000004
2021-09-30 09:30:00,1.16,1.16011,1.15977,1.1599,0,0.0,1,0,1.16,False,True,1.0,1.16659,1.16,-0.006590000000000096,8e-05,9999.994910000003,9999.988240000002,0.0,9999.988240000002
2021-09-30 09:45:00,1.15991,1.16,1.15969,1.15981,0,0.0,0,0,1.15991,False,False,,,,,,9999.988240000002,9999.988240000002,0.0,9999.988240000002
2021-09-30 10:00:00,1.1598,1.1598,1.15921,1.15937,0,0.0,0,0,1.1598,False,False,,,,,,9999.988240000002,9999.988240000002,0.0,9999.988240000002
2021-09-30 10:15:00,1.1594,1.1594,1.15796,1.15808,0,0.0,0,0,1.1594,False,False,,,,,,9999.988240000002,9999.988240000002,0.0,9999.988240000002
2021-09-30 10:30:00,1.15808,1.15812,1.15678,1.15712,0,0.0,0,0,1.15808,False,False,,,,,,9999.988240000002,9999.988240000002,0.0,9999.988240000002
2021-09-30 10:45:00,1.15711,1.15748,1.15697,1.15709,0,0.0,0,0,1.15711,False,False,,,,,,9999.988240000002,9999.988240000002,0.0,9999.988240000002
2021-09-30 11:00:00,1.15711,1.15754,1.15686,1.15718,0,0.0,0,0,1.15711,False,False,,,,,,9999.988240000002,9999.988240000002,0.0,9999.988240000002
2021-09-30 11:15:00,1.15718,1.15766,1.15687,1.15748,0,0.0,0,0,1.15718,False,False,,,,,,9999.988240000002,9999.988240000002,0.0,9999.988240000002
2021-09-30 11:30:00,1.15749,1.15825,1.15733,1.15792,0,0.0,0,0,1.15749,False,False,,,,,,9999.988240000002,9999.988240000002,0.0,9999.988240000002
2021-09-30 11:45:00,1.15793,1.15804,1.15734,1.15754,0,0.0,0,0,1.15793,False,False,,,,,,9999.988240000002,9999.988240000002,0.0,9999.988240000002
2021-09-30 12:00:00,1.15755,1.15855,1.1575,1.15785,0,0.0,0,0,1.15755,False,False,,,,,,9999.988240000002,9999.988240000002,0.0,9999.988240000002
2021-09-30 12:15:00,1.15784,1.15837,1.15768,1.1583,0,0.0,0,0,1.15784,False,False,,,,,,9999.988240000002,9999.988240000002,0.0,9999.988240000002
2021-09-30 12:30:00,1.15829,1.159,1.15803,1.15859,0,0.0,0,0,1.15829,False,False,,,,,,9999.988240000002,9999.988240000002,0.0,9999.988240000002
2021-09-30 12:45:00,1.15857,1.15925,1.1583,1.15906,0,0.0,0,0,1.15857,False,False,,,,,,9999.988240000002,9999.988240000002,0.0,9999.988240000002
2021-09-30 13:00:00,1.15906,1.15915,1.15803,1.15814,0,0.0,0,0,1.15906,False,False,,,,,,9999.988240000002,9999.988240000002,0.0,9999.988240000002
2021-09-30 13:15:00,1.15814,1.15907,1.15771,1.15896,0,0.0,0,0,1.15814,False,False,,,,,,9999.988240000002,9999.988240000002,0.0,9999.988240000002
2021-09-30 13:30:00,1.15897,1.15981,1.15859,1.15968,0,0.0,0,0,1.15897,False,False,,,,,,9999.988240000002,9999.988240000002,0.0,9999.988240000002
2021-09-30 13:45:00,1.15968,1.15968,1.15842,1.15853,0,0.0,0,0,1.15968,False,False,,,,,,9999.988240000002,9999.988240000002,0.0,9999.988240000002
2021-09-30 14:00:00,1.15851,1.15893,1.15779,1.15849,0,0.0,0,0,1.15851,False,False,,,,,,9999.988240000002,9999.988240000002,0.0,9999.988240000002
2021-09-30 14:15:00,1.15851,1.15898,1.1576,1.15855,0,0.0,0,0,1.15851,False,False,,,,,,9999.988240000002,9999.988240000002,0.0,9999.988240000002
2021-09-30 14:30:00,1.15855,1.15945,1.15854,1.15902,0,0.0,0,0,1.15855,False,False,,,,,,9999.988240000002,9999.988240000002,0.0,9999.988240000002
2021-09-30 14:45:00,1.159,1.15953,1.15829,1.15885,0,0.0,0,0,1.159,False,False,,,,,,9999.988240000002,9999.988240000002,0.0,9999.988240000002
2021-09-30 15:00:00,1.15884,1.1595,1.15849,1.1594,0,0.0,0,0,1.15884,False,False,,,,,,9999.988240000002,9999.988240000002,0.0,9999.988240000002
2021-09-30 15:15:00,1.15938,1.15979,1.1586,1.15865,0,0.0,0,0,1.15938,False,False,,,,,,9999.988240000002,9999.988240000002,0.0,9999.988240000002
2021-09-30 15:30:00,1.15865,1.1589,1.158,1.15801,0,0.0,0,0,1.15865,False,False,,,,,,9999.988240000002,9999.988240000002,0.0,9999.988240000002
2021-09-30 15:45:00,1.15802,1.15804,1.15707,1.15777,0,0.0,0,0,1.15802,False,False,,,,,,9999.988240000002,9999.988240000002,0.0,9999.988240000002
2021-09-30 16:00:00,1.15776,1.15799,1.15646,1.15665,0,0.0,0,0,1.15776,False,False,,,,,,9999.988240000002,9999.988240000002,0.0,9999.988240000002
2021-09-30 16:15:00,1.15664,1.15714,1.15624,1.15696,0,0.0,0,0,1.15664,False,False,,,,,,9999.988240000002,9999.988240000002,0.0,9999.988240000002
2021-09-30 16:30:00,1.15697,1.15742,1.15675,1.15719,0,0.0,0,0,1.15697,False,False,,,,,,9999.988240000002,9999.988240000002,0.0,9999.988240000002
2021-09-30 16:45:00,1.15718,1.15764,1.15701,1.15706,0,0.0,0,0,1.15718,False,False,,,,,,9999.988240000002,9999.988240000002,0.0,9999.988240000002
2021-09-30 17:00:00,1.15705,1.15767,1.15703,1.15761,0,0.0,0,0,1.15705,False,False,,,,,,9999.988240000002,9999.988240000002,0.0,9999.988240000002
2021-09-30 17:15:00,1.1576,1.15785,1.1573,1.15733,0,0.0,0,0,1.1576,False,False,,,,,,9999.988240000002,9999.988240000002,0.0,9999.988240000002
2021-09-30 17:30:00,1.15734,1.15739,1.15653,1.15658,0,0.0,0,0,1.15734,False,False,,,,,,9999.988240000002,9999.988240000002,0.0,9999.988240000002
2021-09-30 17:45:00,1.15657,1.15706,1.15643,1.15686,0,0.0,0,0,1.15657,False,False,,,,,,9999.988240000002,9999.988240000002,0.0,9999.988240000002
2021-09-30 18:00:00,1.15686,1.15719,1.15631,1.15638,0,0.0,0,0,1.15686,False,False,,,,,,9999.988240000002,9999.988240000002,0.0,9999.988240000002
2021-09-30 18:15:00,1.15637,1.15704,1.15628,1.15704,0,0.0,0,0,1.15637,False,False,,,,,,9999.988240000002,9999.988240000002,0.0,9999.988240000002
2021-09-30 18:30:00,1.15703,1.15761,1.15696,1.15747,0,0.0,0,0,1.15703,False,False,,,,,,9999.988240000002,9999.988240000002,0.0,9999.988240000002
2021-09-30 18:45:00,1.15747,1.15849,1.15745,1.15844,0,0.0,0,0,1.15747,False,False,,,,,,9999.988240000002,9999.988240000002,0.0,9999.988240000002
2021-09-30 19:00:00,1.15845,1.15887,1.15816,1.15868,0,0.0,0,0,1.15845,False,False,,,,,,9999.988240000002,9999.988240000002,0.0,9999.988240000002
2021-09-30 19:15:00,1.15868,1.1588,1.15816,1.15816,0,0.0,0,0,1.15868,False,False,,,,,,9999.988240000002,9999.988240000002,0.0,9999.988240000002
2021-09-30 19:30:00,1.15814,1.15841,1.15804,1.15819,0,0.0,0,0,1.15814,False,False,,,,,,9999.988240000002,9999.988240000002,0.0,9999.988240000002
2021-09-30 19:45:00,1.15821,1.15843,1.15791,1.1583,0,0.0,0,0,1.15821,False,False,,,,,,9999.988240000002,9999.988240000002,0.0,9999.988240000002
2021-09-30 20:00:00,1.15831,1.15861,1.15771,1.15785,0,0.0,0,0,1.15831,False,False,,,,,,9999.988240000002,9999.988240000002,0.0,9999.988240000002
2021-09-30 20:15:00,1.15785,1.15822,1.15782,1.158,0,0.0,0,0,1.15785,False,False,,,,,,9999.988240000002,9999.988240000002,0.0,9999.988240000002
2021-09-30 20:30:00,1.158,1.158,1.15759,1.15768,0,0.0,0,0,1.158,False,False,,,,,,9999.988240000002,9999.988240000002,0.0,9999.988240000002
2021-09-30 20:45:00,1.15767,1.15779,1.1575,1.15752,0,0.0,0,0,1.15767,False,False,,,,,,9999.988240000002,9999.988240000002,0.0,9999.988240000002
2021-09-30 21:00:00,1.15744,1.15798,1.15741,1.15786,0,0.0,0,0,1.15744,False,False,,,,,,9999.988240000002,9999.988240000002,0.0,9999.988240000002
2021-09-30 21:15:00,1.15785,1.15827,1.15784,1.15815,0,0.0,0,0,1.15785,False,False,,,,,,9999.988240000002,9999.988240000002,0.0,9999.988240000002
2021-09-30 21:30:00,1.15813,1.15827,1.15794,1.15808,0,0.0,0,0,1.15813,False,False,,,,,,9999.988240000002,9999.988240000002,0.0,9999.988240000002
2021-09-30 21:45:00,1.15807,1.15813,1.15799,1.15802,0,0.0,0,0,1.15807,False,False,,,,,,9999.988240000002,9999.988240000002,0.0,9999.988240000002
2021-09-30 22:00:00,1.15806,1.15822,1.15797,1.15805,0,0.0,0,0,1.15806,False,False,,,,,,9999.988240000002,9999.988240000002,0.0,9999.988240000002
2021-09-30 22:15:00,1.15805,1.15812,1.15796,1.15812,0,0.0,0,0,1.15805,False,False,,,,,,9999.988240000002,9999.988240000002,0.0,9999.988240000002
2021-09-30 22:30:00,1.15811,1.15811,1.15796,1.15801,0,0.0,0,0,1.15811,False,False,,,,,,9999.988240000002,9999.988240000002,0.0,9999.988240000002
2021-09-30 22:45:00,1.15801,1.15808,1.15797,1.15808,0,0.0,0,0,1.15801,False,False,,,,,,9999.988240000002,9999.988240000002,0.0,9999.988240000002
2021-09-30 23:00:00,1.15808,1.15811,1.15776,1.15778,0,0.0,0,0,1.15808,False,False,,,,,,9999.988240000002,9999.988240000002,0.0,9999.988240000002
2021-09-30 23:15:00,1.15777,1.15777,1.15753,1.1576,0,0.0,0,0,1.15777,False,False,,,,,,9999.988240000002,9999.988240000002,0.0,9999.988240000002
2021-09-30 23:30:00,1.1576,1.15762,1.15745,1.15746,0,0.0,0,0,1.1576,False,False,,,,,,9999.988240000002,9999.988240000002,0.0,9999.988240000002
2021-09-30 23:45:00,1.15746,1.1575,1.15729,1.15736,0,0.0,0,0,1.15746,False,False,,,,,,9999.988240000002,9999.988240000002,0.0,9999.988240000002
2021-10-01 00:00:00,1.15735,1.15771,1.15696,1.15712,0,0.0,0,0,1.15735,False,False,,,,,,9999.988240000002,9999.988240000002,0.0,9999.988240000002
2021-10-01 00:15:00,1.1571,1.15747,1.1571,1.15737,0,0.0,0,0,1.1571,False,False,,,,,,9999.988240000002,9999.988240000002,0.0,9999.988240000002
2021-10-01 00:30:00,1.15737,1.15737,1.15689,1.15692,0,0.0,0,0,1.15737,False,False,,,,,,9999.988240000002,9999.988240000002,0.0,9999.988240000002
2021-10-01 00:45:00,1.15692,1.15697,1.1565,1.1565,0,0.0,0,0,1.15692,False,False,,,,,,9999.988240000002,9999.988240000002,0.0,9999.988240000002
2021-10-01 01:00:00,1.15654,1.15678,1.15628,1.15636,0,0.0,0,0,1.15654,False,False,,,,,,9999.988240000002,9999.988240000002,0.0,9999.988240000002
2021-10-01 01:15:00,1.15635,1.15721,1.15634,1.1571,0,0.0,0,0,1.15635,False,False,,,,,,9999.988240000002,9999.988240000002,0.0,9999.988240000002
2021-10-01 01:30:00,1.15709,1.15732,1.15699,1.15726,0,0.0,0,0,1.15709,False,False,,,,,,9999.988240000002,9999.988240000002,0.0,9999.988240000002
2021-10-01 01:45:00,1.15727,1.15758,1.1572,1.15758,0,0.0,0,0,1.15727,False,False,,,,,,9999.988240000002,9999.988240000002,0.0,9999.988240000002
2021-10-01 02:00:00,1.15758,1.15768,1.15724,1.15727,0,0.0,0,0,1.15758,False,False,,,,,,9999.988240000002,9999.988240000002,0.0,9999.988240000002
2021-10-01 02:15:00,1.15726,1.15769,1.15715,1.15766,0,0.0,0,0,1.15726,False,False,,,,,,9999.988240000002,9999.988240000002,0.0,9999.988240000002
2021-10-01 02:30:00,1.15765,1.15791,1.15747,1.15771,0,0.0,0,0,1.15765,False,False,,,,,,9999.988240000002,9999.988240000002,0.0,9999.988240000002
2021-10-01 02:45:00,1.15772,1.15776,1.1575,1.15772,0,0.0,0,0,1.15772,False,False,,,,,,9999.988240000002,9999.988240000002,0.0,9999.988240000002
2021-10-01 03:00:00,1.15773,1.15786,1.15769,1.1578,0,0.0,0,0,1.15773,False,False,,,,,,9999.988240000002,9999.988240000002,0.0,9999.988240000002
2021-10-01 03:15:00,1.15778,1.15778,1.15747,1.1576,0,0.0,0,0,1.15778,False,False,,,,,,9999.988240000002,9999.988240000002,0.0,9999.988240000002
2021-10-01 03:30:00,1.15761,1.15767,1.15745,1.15752,0,0.0,0,0,1.15761,False,False,,,,,,9999.988240000002,9999.988240000002,0.0,9999.988240000002
2021-10-01 03:45:00,1.15752,1.15767,1.15746,1.15757,0,0.0,0,0,1.15752,False,False,,,,,,9999.988240000002,9999.988240000002,0.0,9999.988240000002
2021-10-01 04:00:00,1.15756,1.15797,1.15756,1.15787,0,0.0,0,0,1.15756,False,False,,,,,,9999.988240000002,9999.988240000002,0.0,9999.988240000002
2021-10-01 04:15:00,1.15786,1.15798,1.15775,1.15777,0,0.0,0,0,1.15786,False,False,,,,,,9999.988240000002,9999.988240000002,0.0,9999.988240000002
2021-10-01 04:30:00,1.15776,1.15778,1.15756,1.15778,0,0.0,0,0,1.15776,False,False,,,,,,9999.988240000002,9999.988240000002,0.0,9999.988240000002
2021-10-01 04:45:00,1.15778,1.15818,1.15772,1.15803,0,0.0,0,0,1.15778,False,False,,,,,,9999.988240000002,9999.988240000002,0.0,9999.988240000002
2021-10-01 05:00:00,1.15802,1.15802,1.15773,1.15782,0,0.0,0,0,1.15802,False,False,,,,,,9999.988240000002,9999.988240000002,0.0,9999.988240000002
2021-10-01 05:15:00,1.15781,1.15798,1.1576,1.15762,0,0.0,0,0,1.15781,False,False,,,,,,9999.988240000002,9999.988240000002,0.0,9999.988240000002
2021-10-01 05:30:00,1.1576,1.1577,1.15745,1.1577,0,0.0,0,0,1.1576,False,False,,,,,,9999.988240000002,9999.988240000002,0.0,9999.988240000002
2021-10-01 05:45:00,1.15771,1.15781,1.15749,1.15771,0,0.0,0,0,1.15771,False,False,,,,,,9999.988240000002,9999.988240000002,0.0,9999.988240000002
2021-10-01 06:00:00,1.15768,1.15816,1.15763,1.15796,0,0.0,0,0,1.15768,False,False,,,,,,9999.988240000002,9999.988240000002,0.0,9999.988240000002
2021-10-01 06:15:00,1.15796,1.15816,1.15758,1.15798,0,0.0,0,0,1.15796,False,False,,,,,,9999.988240000002,9999.988240000002,0.0,9999.988240000002
2021-10-01 06:30:00,1.15798,1.15829,1.15783,1.15813,0,0.0,0,0,1.15798,False,False,,,,,,9999.988240000002,9999.988240000002,0.0,9999.988240000002
2021-10-01 06:45:00,1.15812,1.15889,1.15801,1.15878,0,0.0,0,0,1.15812,False,False,,,,,,9999.988240000002,9999.988240000002,0.0,9999.988240000002
2021-10-01 07:00:00,1.15876,1.15913,1.15848,1.15855,0,0.0,0,0,1.15876,False,False,,,,,,9999.988240000002,9999.988240000002,0.0,9999.988240000002
2021-10-01 07:15:00,1.15856,1.15897,1.1583,1.15893,0,0.0,0,0,1.15856,False,False,,,,,,9999.988240000002,9999.988240000002,0.0,9999.988240000002
2021-10-01 07:30:00,1.15893,1.15893,1.15829,1.15837,0,0.0,0,0,1.15893,False,False,,,,,,9999.988240000002,9999.988240000002,0.0,9999.988240000002
2021-10-01 07:45:00,1.15836,1.15843,1.15768,1.15785,0,0.0,0,0,1.15836,False,False,,,,,,9999.988240000002,9999.988240000002,0.0,9999.988240000002
2021-10-01 08:00:00,1.15784,1.15793,1.15751,1.15769,0,0.0,0,0,1.15784,False,False,,,,,,9999.988240000002,9999.988240000002,0.0,9999.988240000002
2021-10-01 08:15:00,1.15771,1.15813,1.15762,1.15797,0,0.0,0,0,1.15771,False,False,,,,,,9999.988240000002,9999.988240000002,0.0,9999.988240000002
2021-10-01 08:30:00,1.15798,1.15804,1.15773,1.15787,0,0.0,0,0,1.15798,False,False,,,,,,9999.988240000002,9999.988240000002,0.0,9999.988240000002
2021-10-01 08:45:00,1.15787,1.15817,1.15766,1.15784,0,0.0,0,0,1.15787,False,False,,,,,,9999.988240000002,9999.988240000002,0.0,9999.988240000002
2021-10-01 09:00:00,1.15784,1.15821,1.15768,1.15803,0,0.0,0,0,1.15784,False,False,,,,,,9999.988240000002,9999.988240000002,0.0,9999.988240000002
2021-10-01 09:15:00,1.15801,1.15838,1.158,1.15828,0,0.0,0,0,1.15801,False,False,,,,,,9999.988240000002,9999.988240000002,0.0,9999.988240000002
2021-10-01 09:30:00,1.15828,1.15838,1.15779,1.15792,0,0.0,0,0,1.15828,False,False,,,,,,9999.988240000002,9999.988240000002,0.0,9999.988240000002
2021-10-01 09:45:00,1.15789,1.15813,1.15762,1.15792,0,0.0,0,0,1.15789,False,False,,,,,,9999.988240000002,9999.988240000002,0.0,9999.988240000002
2021-10-01 10:00:00,1.15791,1.15798,1.15724,1.15786,0,0.0,0,0,1.15791,False,False,,,,,,9999.988240000002,9999.988240000002,0.0,9999.988240000002
2021-10-01 10:15:00,1.15785,1.15849,1.15779,1.15849,1,0.0,0,0,1.15785,False,False,,,,,,9999.988240000002,9999.988240000002,0.0,9999.988240000002
2021-10-01 10:30:00,1.15848,1.15853,1.15819,1.15823,1,1.0,0,1,1.15848,True,False,,,,,,9999.988240000002,9999.988160000003,-0.00024999999999986144,9999.987910000003
2021-10-01 10:45:00,1.15823,1.15877,1.15822,1.15828,1,1.0,1,1,1.15823,False,False,,,,,,9999.988160000003,9999.988160000003,-0.00019999999999997797,9999.987960000002
2021-10-01 11:00:00,1.15832,1.15902,1.15825,1.15883,1,1.0,1,1,1.15832,False,False,,,,,,9999.988160000003,9999.988160000003,0.0003500000000000725,9999.988510000003
2021-10-01 11:15:00,1.15883,1.15969,1.15882,1.15964,1,1.0,1,1,1.15883,False,False,,,,,,9999.988160000003,9999.988160000003,0.0011600000000000499,9999.989320000002
2021-10-01 11:30:00,1.15966,1.16032,1.15955,1.15989,1,1.0,1,1,1.15966,False,False,,,,,,9999.988160000003,9999.988160000003,0.0014100000000001334,9999.989570000003
2021-10-01 11:45:00,1.15988,1.15998,1.15952,1.15978,1,1.0,1,1,1.15988,False,False,,,,,,9999.988160000003,9999.988160000003,0.0013000000000000789,9999.989460000003
2021-10-01 12:00:00,1.15979,1.16058,1.1597,1.16,1,1.0,1,1,1.15979,False,False,,,,,,9999.988160000003,9999.988160000003,0.0015199999999999658,9999.989680000002
2021-10-01 12:15:00,1.16001,1.1603,1.15984,1.16029,1,1.0,1,1,1.16001,False,False,,,,,,9999.988160000003,9999.988160000003,0.0018100000000000893,9999.989970000002
2021-10-01 12:30:00,1.16031,1.16069,1.16,1.16063,1,1.0,1,1,1.16031,False,False,,,,,,9999.988160000003,9999.988160000003,0.0021500000000000963,9999.990310000003
2021-10-01 12:45:00,1.16065,1.16066,1.15997,1.16035,1,1.0,1,1,1.16065,False,False,,,,,,9999.988160000003,9999.988160000003,0.0018700000000000383,9999.990030000003
2021-10-01 13:00:00,1.16037,1.16051,1.15987,1.16015,1,1.0,1,1,1.16037,False,False,,,,,,9999.988160000003,9999.988160000003,0.0016700000000000603,9999.989830000002
2021-10-01 13:15:00,1.16014,1.16072,1.15996,1.1602,1,1.0,1,1,1.16014,False,False,,,,,,9999.988160000003,9999.988160000003,0.0017199999999999438,9999.989880000003
2021-10-01 13:30:00,1.16021,1.16042,1.1595,1.15988,1,1.0,1,1,1.16021,False,False,,,,,,9999.988160000003,9999.988160000003,0.0014000000000000679,9999.989560000002
2021-10-01 13:45:00,1.15986,1.16063,1.1598,1.16028,1,1.0,1,1,1.15986,False,False,,,,,,9999.988160000003,9999.988160000003,0.0018000000000000238,9999.989960000003
2021-10-01 14:00:00,1.1603,1.16034,1.15836,1.1599,1,1.0,1,1,1.1603,False,False,,,,,,9999.988160000003,9999.988160000003,0.0014199999999999768,9999.989580000003
2021-10-01 14:15:00,1.15991,1.15995,1.1587,1.1597,1,1.0,1,1,1.15991,False,False,,,,,,9999.988160000003,9999.988160000003,0.0012199999999999989,9999.989380000003
2021-10-01 14:30:00,1.15971,1.15983,1.15891,1.15893,1,1.0,1,1,1.15971,False,False,,,,,,9999.988160000003,9999.988160000003,0.00045000000000006146,9999.988610000002
2021-10-01 14:45:00,1.15894,1.15976,1.15865,1.15962,1,1.0,1,1,1.15894,False,False,,,,,,9999.988160000003,9999.988160000003,0.001140000000000141,9999.989300000003
2021-10-01 15:00:00,1.15962,1.15975,1.15894,1.15944,1,1.0,1,1,1.15962,False,False,,,,,,9999.988160000003,9999.988160000003,0.0009600000000000719,9999.989120000002
2021-10-01 15:15:00,1.15946,1.15968,1.15894,1.15899,1,1.0,1,1,1.15946,False,False,,,,,,9999.988160000003,9999.988160000003,0.0005100000000000104,9999.988670000002
2021-10-01 15:30:00,1.15896,1.16005,1.15889,1.15994,1,1.0,1,1,1.15896,False,False,,,,,,9999.988160000003,9999.988160000003,0.0014600000000000168,9999.989620000002
2021-10-01 15:45:00,1.15995,1.16035,1.15952,1.15969,1,1.0,1,1,1.15995,False,False,,,,,,9999.988160000003,9999.988160000003,0.0012100000000001554,9999.989370000003
2021-10-01 16:00:00,1.15969,1.15998,1.15949,1.15969,1,1.0,1,1,1.15969,False,False,,,,,,9999.988160000003,9999.988160000003,0.0012100000000001554,9999.989370000003
2021-10-01 16:15:00,1.15966,1.16008,1.15936,1.16006,1,1.0,1,1,1.15966,False,False,,,,,,9999.988160000003,9999.988160000003,0.0015800000000001369,9999.989740000003
2021-10-01 16:30:00,1.16007,1.16022,1.15971,1.15989,1,1.0,1,1,1.16007,False,False,,,,,,9999.988160000003,9999.988160000003,0.0014100000000001334,9999.989570000003
2021-10-01 16:45:00,1.1599,1.16004,1.15957,1.15968,1,1.0,1,1,1.1599,False,False,,,,,,9999.988160000003,9999.988160000003,0.0012000000000000899,9999.989360000003
2021-10-01 17:00:00,1.15968,1.15988,1.15943,1.15988,1,1.0,1,1,1.15968,False,False,,,,,,9999.988160000003,9999.988160000003,0.0014000000000000679,9999.989560000002
2021-10-01 17:15:00,1.15989,1.16004,1.15968,1.15982,1,1.0,1,1,1.15989,False,False,,,,,,9999.988160000003,9999.988160000003,0.0013400000000001189,9999.989500000003
2021-10-01 17:30:00,1.15986,1.15988,1.15973,1.15974,1,1.0,1,1,1.15986,False,False,,,,,,9999.988160000003,9999.988160000003,0.0012600000000000389,9999.989420000002
2021-10-01 17:45:00,1.15975,1.15995,1.15963,1.15995,1,1.0,1,1,1.15975,False,False,,,,,,9999.988160000003,9999.988160000003,0.0014700000000000824,9999.989630000002
2021-10-01 18:00:00,1.15995,1.16007,1.15973,1.15982,1,1.0,1,1,1.15995,False,False,,,,,,9999.988160000003,9999.988160000003,0.0013400000000001189,9999.989500000003
2021-10-01 18:15:00,1.15983,1.16016,1.15978,1.16014,1,1.0,1,1,1.15983,False,False,,,,,,9999.988160000003,9999.988160000003,0.0016599999999999948,9999.989820000003
2021-10-01 18:30:00,1.16012,1.16025,1.16002,1.16005,1,1.0,1,1,1.16012,False,False,,,,,,9999.988160000003,9999.988160000003,0.0015700000000000713,9999.989730000003
2021-10-01 18:45:00,1.16006,1.16006,1.15968,1.15969,1,1.0,1,1,1.16006,False,False,,,,,,9999.988160000003,9999.988160000003,0.0012100000000001554,9999.989370000003
2021-10-01 19:00:00,1.1597,1.15976,1.1596,1.1596,1,1.0,1,1,1.1597,False,False,,,,,,9999.988160000003,9999.988160000003,0.0011200000000000099,9999.989280000003
2021-10-01 19:15:00,1.15964,1.15966,1.15934,1.15939,1,1.0,1,1,1.15964,False,False,,,,,,9999.988160000003,9999.988160000003,0.0009099999999999664,9999.989070000003
2021-10-01 19:30:00,1.15937,1.15966,1.15925,1.1596,1,1.0,1,1,1.15937,False,False,,,,,,9999.988160000003,9999.988160000003,0.0011200000000000099,9999.989280000003
2021-10-01 19:45:00,1.15959,1.15986,1.15943,1.15981,1,1.0,1,1,1.15959,False,False,,,,,,9999.988160000003,9999.988160000003,0.0013300000000000534,9999.989490000002
2021-10-01 20:00:00,1.15979,1.15995,1.15958,1.15958,1,1.0,1,1,1.15979,False,False,,,,,,9999.988160000003,9999.988160000003,0.001100000000000101,9999.989260000002
2021-10-01 20:15:00,1.15959,1.15969,1.15957,1.15962,1,1.0,1,1,1.15959,False,False,,,,,,9999.988160000003,9999.988160000003,0.001140000000000141,9999.989300000003
2021-10-01 20:30:00,1.15961,1.15961,1.15936,1.15938,1,1.0,1,1,1.15961,False,False,,,,,,9999.988160000003,9999.988160000003,0.0009000000000001229,9999.989060000002
2021-10-01 20:45:00,1.15938,1.15943,1.15911,1.15923,1,1.0,1,1,1.15938,False,False,,,,,,9999.988160000003,9999.988160000003,0.0007500000000000284,9999.988910000002
2021-10-03 21:00:00,1.15954,1.15981,1.15931,1.15963,1,1.0,1,1,1.15954,False,False,,,,,,9999.988160000003,9999.988160000003,0.0011499999999999844,9999.989310000003
2021-10-03 21:15:00,1.15962,1.15978,1.15958,1.15958,1,1.0,1,1,1.15962,False,False,,,,,,9999.988160000003,9999.988160000003,0.001100000000000101,9999.989260000002
2021-10-03 21:30:00,1.15959,1.15984,1.15956,1.15972,1,1.0,1,1,1.15959,False,False,,,,,,9999.988160000003,9999.988160000003,0.0012400000000001299,9999.989400000002
2021-10-03 21:45:00,1.15973,1.15976,1.15941,1.15952,1,1.0,1,1,1.15973,False,False,,,,,,9999.988160000003,9999.988160000003,0.001040000000000152,9999.989200000002
2021-10-03 22:00:00,1.15953,1.16057,1.15937,1.16047,1,1.0,1,1,1.15953,False,False,,,,,,9999.988160000003,9999.988160000003,0.0019899999999999363,9999.990150000003
2021-10-03 22:15:00,1.16048,1.16091,1.16047,1.16087,1,1.0,1,1,1.16048,False,False,,,,,,9999.988160000003,9999.988160000003,0.0023900000000001143,9999.990550000002
2021-10-03 22:30:00,1.16087,1.1611,1.16066,1.16066,1,1.0,1,1,1.16087,False,False,,,,,,9999.988160000003,9999.988160000003,0.0021800000000000708,9999.990340000002
2021-10-03 22:45:00,1.16065,1.16087,1.16061,1.16073,1,1.0,1,1,1.16065,False,False,,,,,,9999.988160000003,9999.988160000003,0.0022500000000000853,9999.990410000002
2021-10-03 23:00:00,1.16075,1.16082,1.16066,1.16075,1,1.0,1,1,1.16075,False,False,,,,,,9999.988160000003,9999.988160000003,0.0022699999999999942,9999.990430000003
2021-10-03 23:15:00,1.16076,1.16093,1.16067,1.16087,1,1.0,1,1,1.16076,False,False,,,,,,9999.988160000003,9999.988160000003,0.0023900000000001143,9999.990550000002
2021-10-03 23:30:00,1.16088,1.16108,1.16086,1.16096,1,1.0,1,1,1.16088,False,False,,,,,,9999.988160000003,9999.988160000003,0.0024800000000000377,9999.990640000002
2021-10-03 23:45:00,1.16094,1.16098,1.16063,1.16065,1,1.0,1,1,1.16094,False,False,,,,,,9999.988160000003,9999.988160000003,0.0021700000000000053,9999.990330000002
2021-10-04 00:00:00,1.16065,1.16136,1.1606,1.16123,1,1.0,1,1,1.16065,False,False,,,,,,9999.988160000003,9999.988160000003,0.00275000000000003,9999.990910000002
2021-10-04 00:15:00,1.16122,1.16122,1.16074,1.1608,1,1.0,1,1,1.16122,False,False,,,,,,9999.988160000003,9999.988160000003,0.0023200000000000998,9999.990480000002
2021-10-04 00:30:00,1.16077,1.1608,1.16051,1.16051,1,1.0,1,1,1.16077,False,False,,,,,,9999.988160000003,9999.988160000003,0.0020299999999999763,9999.990190000002
2021-10-04 00:45:00,1.16052,1.16052,1.16018,1.16027,1,1.0,1,1,1.16052,False,False,,,,,,9999.988160000003,9999.988160000003,0.0017899999999999583,9999.989950000003
2021-10-04 01:00:00,1.16028,1.16037,1.16007,1.16015,1,1.0,1,1,1.16028,False,False,,,,,,9999.988160000003,9999.988160000003,0.0016700000000000603,9999.989830000002
2021-10-04 01:15:00,1.16015,1.16038,1.16007,1.16036,1,1.0,1,1,1.16015,False,False,,,,,,9999.988160000003,9999.988160000003,0.0018800000000001038,9999.990040000002
2021-10-04 01:30:00,1.16035,1.16037,1.15968,1.1598,1,1.0,1,1,1.16035,False,False,,,,,,9999.988160000003,9999.988160000003,0.0013199999999999878,9999.989480000002
2021-10-04 01:45:00,1.15981,1.15987,1.15939,1.15975,1,1.0,1,1,1.15981,False,False,,,,,,9999.988160000003,9999.988160000003,0.0012700000000001044,9999.989430000003
2021-10-04 02:00:00,1.15974,1.15977,1.15943,1.15972,1,1.0,1,1,1.15974,False,False,,,,,,9999.988160000003,9999.988160000003,0.0012400000000001299,9999.989400000002
2021-10-04 02:15:00,1.15973,1.15981,1.15957,1.15977,1,1.0,1,1,1.15973,False,False,,,,,,9999.988160000003,9999.988160000003,0.0012900000000000134,9999.989450000003
2021-10-04 02:30:00,1.15976,1.16004,1.15975,1.15986,1,1.0,1,1,1.15976,False,False,,,,,,9999.988160000003,9999.988160000003,0.0013799999999999368,9999.989540000002
2021-10-04 02:45:00,1.15987,1.1599,1.15947,1.15947,1,1.0,1,1,1.15987,False,False,,,,,,9999.988160000003,9999.988160000003,0.0009900000000000464,9999.989150000003
2021-10-04 03:00:00,1.15947,1.15947,1.15918,1.15928,1,1.0,1,1,1.15947,False,False,,,,,,9999.988160000003,9999.988160000003,0.0008000000000001339,9999.988960000002
2021-10-04 03:15:00,1.15928,1.15937,1.15911,1.15912,1,1.0,1,1,1.15928,False,False,,,,,,9999.988160000003,9999.988160000003,0.0006399999999999739,9999.988800000003
2021-10-04 03:30:00,1.15912,1.15912,1.15883,1.15883,1,1.0,1,1,1.15912,False,False,,,,,,9999.988160000003,9999.988160000003,0.0003500000000000725,9999.988510000003
2021-10-04 03:45:00,1.15882,1.15907,1.15876,1.15891,1,1.0,1,1,1.15882,False,False,,,,,,9999.988160000003,9999.988160000003,0.0004300000000001525,9999.988590000003
2021-10-04 04:00:00,1.15894,1.15923,1.15894,1.15916,1,1.0,1,1,1.15894,False,False,,,,,,9999.988160000003,9999.988160000003,0.0006800000000000139,9999.988840000002
2021-10-04 04:15:00,1.15917,1.15944,1.15917,1.15938,1,1.0,1,1,1.15917,False,False,,,,,,9999.988160000003,9999.988160000003,0.0009000000000001229,9999.989060000002
2021-10-04 04:30:00,1.15939,1.15954,1.15937,1.15952,1,1.0,1,1,1.15939,False,False,,,,,,9999.988160000003,9999.988160000003,0.001040000000000152,9999.989200000002
2021-10-04 04:45:00,1.15953,1.15964,1.15947,1.15957,1,1.0,1,1,1.15953,False,False,,,,,,9999.988160000003,9999.988160000003,0.0010900000000000354,9999.989250000002
2021-10-04 05:00:00,1.15958,1.15987,1.15958,1.15986,1,1.0,1,1,1.15958,False,False,,,,,,9999.988160000003,9999.988160000003,0.0013799999999999368,9999.989540000002
2021-10-04 05:15:00,1.15987,1.15996,1.15974,1.15975,1,1.0,1,1,1.15987,False,False,,,,,,9999.988160000003,9999.988160000003,0.0012700000000001044,9999.989430000003
2021-10-04 05:30:00,1.15978,1.1599,1.1596,1.1597,1,1.0,1,1,1.15978,False,False,,,,,,9999.988160000003,9999.988160000003,0.0012199999999999989,9999.989380000003
2021-10-04 05:45:00,1.15969,1.15988,1.15957,1.15982,1,1.0,1,1,1.15969,False,False,,,,,,9999.988160000003,9999.988160000003,0.0013400000000001189,9999.989500000003
2021-10-04 06:00:00,1.1598,1.16005,1.1597,1.1599,1,1.0,1,1,1.1598,False,False,,,,,,9999.988160000003,9999.988160000003,0.0014199999999999768,9999.989580000003
2021-10-04 06:15:00,1.15989,1.16001,1.1596,1.15988,1,1.0,1,1,1.15989,False,False,,,,,,9999.988160000003,9999.988160000003,0.0014000000000000679,9999.989560000002
2021-10-04 06:30:00,1.15987,1.16073,1.15986,1.16073,1,1.0,1,1,1.15987,False,False,,,,,,9999.988160000003,9999.988160000003,0.0022500000000000853,9999.990410000002
2021-10-04 06:45:00,1.1607,1.16092,1.16058,1.16068,1,1.0,1,1,1.1607,False,False,,,,,,9999.988160000003,9999.988160000003,0.0021999999999999797,9999.990360000003
2021-10-04 07:00:00,1.16068,1.16085,1.15998,1.16072,1,1.0,1,1,1.16068,False,False,,,,,,9999.988160000003,9999.988160000003,0.0022400000000000198,9999.990400000002
2021-10-04 07:15:00,1.16071,1.16072,1.16018,1.16041,1,1.0,1,1,1.16071,False,False,,,,,,9999.988160000003,9999.988160000003,0.0019299999999999873,9999.990090000003
2021-10-04 07:30:00,1.16041,1.16042,1.15995,1.16019,1,1.0,1,1,1.16041,False,False,,,,,,9999.988160000003,9999.988160000003,0.0017100000000001003,9999.989870000003
2021-10-04 07:45:00,1.16017,1.16091,1.16014,1.16089,1,1.0,1,1,1.16017,False,False,,,,,,9999.988160000003,9999.988160000003,0.0024100000000000232,9999.990570000002
2021-10-04 08:00:00,1.1609,1.16157,1.16089,1.16105,1,1.0,1,1,1.1609,False,False,,,,,,9999.988160000003,9999.988160000003,0.002569999999999961,9999.990730000003
2021-10-04 08:15:00,1.16104,1.16142,1.16098,1.16117,1,1.0,1,1,1.16104,False,False,,,,,,9999.988160000003,9999.988160000003,0.002690000000000081,9999.990850000002
2021-10-04 08:30:00,1.16117,1.16149,1.16056,1.16088,1,1.0,1,1,1.16117,False,False,,,,,,9999.988160000003,9999.988160000003,0.0023999999999999577,9999.990560000002
2021-10-04 08:45:00,1.16087,1.16141,1.16084,1.16124,1,1.0,1,1,1.16087,False,False,,,,,,9999.988160000003,9999.988160000003,0.0027600000000000957,9999.990920000002
2021-10-04 09:00:00,1.16125,1.1618,1.1612,1.16171,1,1.0,1,1,1.16125,False,False,,,,,,9999.988160000003,9999.988160000003,0.003230000000000066,9999.991390000003
2021-10-04 09:15:00,1.1617,1.16179,1.16139,1.1614,1,1.0,1,1,1.1617,False,False,,,,,,9999.988160000003,9999.988160000003,0.0029200000000000337,9999.991080000003
2021-10-04 09:30:00,1.16138,1.16152,1.16123,1.16125,1,1.0,1,1,1.16138,False,False,,,,,,9999.988160000003,9999.988160000003,0.002769999999999939,9999.990930000002
2021-10-04 09:45:00,1.16125,1.16125,1.16083,1.16098,1,1.0,1,1,1.16125,False,False,,,,,,9999.988160000003,9999.988160000003,0.0024999999999999467,9999.990660000003
2021-10-04 10:00:00,1.16095,1.16123,1.16078,1.16116,1,1.0,1,1,1.16095,False,False,,,,,,9999.988160000003,9999.988160000003,0.0026800000000000157,9999.990840000002
2021-10-04 10:15:00,1.16115,1.16152,1.16108,1.16145,1,1.0,1,1,1.16115,False,False,,,,,,9999.988160000003,9999.988160000003,0.002970000000000139,9999.991130000002
2021-10-04 10:30:00,1.16147,1.16172,1.16116,1.1616,1,1.0,1,1,1.16147,False,False,,,,,,9999.988160000003,9999.988160000003,0.0031200000000000117,9999.991280000002
2021-10-04 10:45:00,1.16158,1.16216,1.16156,1.16202,1,1.0,1,1,1.16158,False,False,,,,,,9999.988160000003,9999.988160000003,0.0035400000000000986,9999.991700000002
2021-10-04 11:00:00,1.162,1.16274,1.16186,1.16271,1,1.0,1,1,1.162,False,False,,,,,,9999.988160000003,9999.988160000003,0.004229999999999956,9999.992390000003
2021-10-04 11:15:00,1.1627,1.16299,1.16263,1.16275,0,1.0,1,1,1.1627,False,False,,,,,,9999.988160000003,9999.988160000003,0.004269999999999996,9999.992430000002
2021-10-04 11:30:00,1.16277,1.16286,1.16263,1.16275,0,0.0,1,0,1.16277,False,True,1.0,1.15848,1.16277,0.004290000000000127,8e-05,9999.988160000003,9999.992370000004,0.0,9999.992370000004
2021-10-04 11:45:00,1.16274,1.16337,1.1627,1.16333,0,0.0,0,0,1.16274,False,False,,,,,,9999.992370000004,9999.992370000004,0.0,9999.992370000004
2021-10-04 12:00:00,1.16334,1.16357,1.16313,1.16353,0,0.0,0,0,1.16334,False,False,,,,,,9999.992370000004,9999.992370000004,0.0,9999.992370000004
2021-10-04 12:15:00,1.16353,1.164,1.16346,1.16382,0,0.0,0,0,1.16353,False,False,,,,,,9999.992370000004,9999.992370000004,0.0,9999.992370000004
2021-10-04 12:30:00,1.16381,1.16391,1.16344,1.16351,0,0.0,0,0,1.16381,False,False,,,,,,9999.992370000004,9999.992370000004,0.0,9999.992370000004
2021-10-04 12:45:00,1.16349,1.16365,1.16317,1.16325,0,0.0,0,0,1.16349,False,False,,,,,,9999.992370000004,9999.992370000004,0.0,9999.992370000004
2021-10-04 13:00:00,1.16326,1.16326,1.16251,1.16267,0,0.0,0,0,1.16326,False,False,,,,,,9999.992370000004,9999.992370000004,0.0,9999.992370000004
2021-10-04 13:15:00,1.16265,1.16307,1.16237,1.16296,0,0.0,0,0,1.16265,False,False,,,,,,9999.992370000004,9999.992370000004,0.0,9999.992370000004
2021-10-04 13:30:00,1.16295,1.16334,1.16276,1.16278,0,0.0,0,0,1.16295,False,False,,,,,,9999.992370000004,9999.992370000004,0.0,9999.992370000004
2021-10-04 13:45:00,1.16279,1.16306,1.16259,1.16295,0,0.0,0,0,1.16279,False,False,,,,,,9999.992370000004,9999.992370000004,0.0,9999.992370000004
2021-10-04 14:00:00,1.16295,1.16394,1.16266,1.16363,0,0.0,0,0,1.16295,False,False,,,,,,9999.992370000004,9999.992370000004,0.0,9999.992370000004
2021-10-04 14:15:00,1.16361,1.1638,1.16289,1.16295,0,0.0,0,0,1.16361,False,False,,,,,,9999.992370000004,9999.992370000004,0.0,9999.992370000004
2021-10-04 14:30:00,1.16296,1.16354,1.16269,1.16317,0,0.0,0,0,1.16296,False,False,,,,,,9999.992370000004,9999.992370000004,0.0,9999.992370000004
2021-10-04 14:45:00,1.16319,1.16374,1.16216,1.16241,0,0.0,0,0,1.16319,False,False,,,,,,9999.992370000004,9999.992370000004,0.0,9999.992370000004
2021-10-04 15:00:00,1.16238,1.16284,1.16186,1.16205,0,0.0,0,0,1.16238,False,False,,,,,,9999.992370000004,9999.992370000004,0.0,9999.992370000004
2021-10-04 15:15:00,1.16205,1.16218,1.16153,1.16171,0,0.0,0,0,1.16205,False,False,,,,,,9999.992370000004,9999.992370000004,0.0,9999.992370000004
2021-10-04 15:30:00,1.16171,1.16197,1.1615,1.1618,0,0.0,0,0,1.16171,False,False,,,,,,9999.992370000004,9999.992370000004,0.0,9999.992370000004
2021-10-04 15:45:00,1.16182,1.16226,1.16159,1.16205,0,0.0,0,0,1.16182,False,False,,,,,,9999.992370000004,9999.992370000004,0.0,9999.992370000004
2021-10-04 16:00:00,1.16206,1.16231,1.16194,1.16227,0,0.0,0,0,1.16206,False,False,,,,,,9999.992370000004,9999.992370000004,0.0,9999.992370000004
2021-10-04 16:15:00,1.16226,1.1623,1.16156,1.16185,0,0.0,0,0,1.16226,False,False,,,,,,9999.992370000004,9999.992370000004,0.0,9999.992370000004
2021-10-04 16:30:00,1.16188,1.16226,1.16186,1.1621,0,0.0,0,0,1.16188,False,False,,,,,,9999.992370000004,9999.992370000004,0.0,9999.992370000004
2021-10-04 16:45:00,1.16208,1.16231,1.16186,1.16188,0,0.0,0,0,1.16208,False,False,,,,,,9999.992370000004,9999.992370000004,0.0,9999.992370000004
2021-10-04 17:00:00,1.16188,1.1621,1.16174,1.16193,0,0.0,0,0,1.16188,False,False,,,,,,9999.992370000004,9999.992370000004,0.0,9999.992370000004
2021-10-04 17:15:00,1.16197,1.16219,1.16177,1.16179,0,0.0,0,0,1.16197,False,False,,,,,,9999.992370000004,9999.992370000004,0.0,9999.992370000004
2021-10-04 17:30:00,1.16176,1.16202,1.1616,1.162,0,0.0,0,0,1.16176,False,False,,,,,,9999.992370000004,9999.992370000004,0.0,9999.992370000004
2021-10-04 17:45:00,1.16197,1.16221,1.16192,1.162,0,0.0,0,0,1.16197,False,False,,,,,,9999.992370000004,9999.992370000004,0.0,9999.992370000004
2021-10-04 18:00:00,1.162,1.16223,1.16185,1.16191,0,0.0,0,0,1.162,False,False,,,,,,9999.992370000004,9999.992370000004,0.0,9999.992370000004
2021-10-04 18:15:00,1.16191,1.16242,1.1619,1.16241,0,0.0,0,0,1.16191,False,False,,,,,,9999.992370000004,9999.992370000004,0.0,9999.992370000004
2021-10-04 18:30:00,1.1624,1.16267,1.16236,1.16267,0,0.0,0,0,1.1624,False,False,,,,,,9999.992370000004,9999.992370000004,0.0,9999.992370000004
2021-10-04 18:45:00,1.16266,1.16279,1.16234,1.16234,0,0.0,0,0,1.16266,False,False,,,,,,9999.992370000004,9999.992370000004,0.0,9999.992370000004
2021-10-04 19:00:00,1.16233,1.16242,1.16167,1.1619,0,0.0,0,0,1.16233,False,False,,,,,,9999.992370000004,9999.992370000004,0.0,9999.992370000004
2021-10-04 19:15:00,1.16191,1.162,1.16175,1.16175,0,0.0,0,0,1.16191,False,False,,,,,,9999.992370000004,9999.992370000004,0.0,9999.992370000004
2021-10-04 19:30:00,1.16176,1.16198,1.16176,1.16195,0,0.0,0,0,1.16176,False,False,,,,,,9999.992370000004,9999.992370000004,0.0,9999.992370000004
2021-10-04 19:45:00,1.16195,1.16218,1.1617,1.1621,0,0.0,0,0,1.16195,False,False,,,,,,9999.992370000004,9999.992370000004,0.0,9999.992370000004
2021-10-04 20:00:00,1.16211,1.16228,1.16202,1.16228,0,0.0,0,0,1.16211,False,False,,,,,,9999.992370000004,9999.992370000004,0.0,9999.992370000004
2021-10-04 20:15:00,1.16226,1.16226,1.16199,1.16215,0,0.0,0,0,1.16226,False,False,,,,,,9999.992370000004,9999.992370000004,0.0,9999.992370000004
2021-10-04 20:30:00,1.16217,1.16221,1.16185,1.1619,0,0.0,0,0,1.16217,False,False,,,,,,9999.992370000004,9999.992370000004,0.0,9999.992370000004
2021-10-04 20:45:00,1.16189,1.16202,1.16183,1.16189,0,0.0,0,0,1.16189,False,False,,,,,,9999.992370000004,9999.992370000004,0.0,9999.992370000004
2021-10-04 21:00:00,1.16188,1.16196,1.16172,1.1618,0,0.0,0,0,1.16188,False,False,,,,,,9999.992370000004,9999.992370000004,0.0,9999.992370000004
2021-10-04 21:15:00,1.1618,1.1619,1.1618,1.1618,0,0.0,0,0,1.1618,False,False,,,,,,9999.992370000004,9999.992370000004,0.0,9999.992370000004
2021-10-04 21:30:00,1.1618,1.16191,1.16154,1.16183,0,0.0,0,0,1.1618,False,False,,,,,,9999.992370000004,9999.992370000004,0.0,9999.992370000004
2021-10-04 21:45:00,1.16181,1.16197,1.16179,1.16193,0,0.0,0,0,1.16181,False,False,,,,,,9999.992370000004,9999.992370000004,0.0,9999.992370000004
2021-10-04 22:00:00,1.16193,1.16211,1.16184,1.16206,0,0.0,0,0,1.16193,False,False,,,,,,9999.992370000004,9999.992370000004,0.0,9999.992370000004
2021-10-04 22:15:00,1.16206,1.16218,1.16206,1.16218,0,0.0,0,0,1.16206,False,False,,,,,,9999.992370000004,9999.992370000004,0.0,9999.992370000004
2021-10-04 22:30:00,1.16217,1.16217,1.1617,1.1618,0,0.0,0,0,1.16217,False,False,,,,,,9999.992370000004,9999.992370000004,0.0,9999.992370000004
2021-10-04 22:45:00,1.1618,1.16182,1.1616,1.16162,0,0.0,0,0,1.1618,False,False,,,,,,9999.992370000004,9999.992370000004,0.0,9999.992370000004
2021-10-04 23:00:00,1.16162,1.16183,1.16158,1.16183,0,0.0,0,0,1.16162,False,False,,,,,,9999.992370000004,9999.992370000004,0.0,9999.992370000004
2021-10-04 23:15:00,1.16182,1.16183,1.16164,1.16168,0,0.0,0,0,1.16182,False,False,,,,,,9999.992370000004,9999.992370000004,0.0,9999.992370000004
2021-10-04 23:30:00,1.16167,1.16173,1.16166,1.16166,0,0.0,0,0,1.16167,False,False,,,,,,9999.992370000004,9999.992370000004,0.0,9999.992370000004
2021-10-04 23:45:00,1.16166,1.16178,1.1616,1.1616,0,0.0,0,0,1.16166,False,False,,,,,,9999.992370000004,9999.992370000004,0.0,9999.992370000004
2021-10-05 00:00:00,1.16161,1.16198,1.16154,1.16192,0,0.0,0,0,1.16161,False,False,,,,,,9999.992370000004,9999.992370000004,0.0,9999.992370000004
2021-10-05 00:15:00,1.16193,1.16198,1.16144,1.16152,0,0.0,0,0,1.16193,False,False,,,,,,9999.992370000004,9999.992370000004,0.0,9999.992370000004
2021-10-05 00:30:00,1.16151,1.16155,1.16128,1.16133,0,0.0,0,0,1.16151,False,False,,,,,,9999.992370000004,9999.992370000004,0.0,9999.992370000004
2021-10-05 00:45:00,1.16133,1.16139,1.16104,1.16115,0,0.0,0,0,1.16133,False,False,,,,,,9999.992370000004,9999.992370000004,0.0,9999.992370000004
2021-10-05 01:00:00,1.16113,1.16133,1.16104,1.16116,0,0.0,0,0,1.16113,False,False,,,,,,9999.992370000004,9999.992370000004,0.0,9999.992370000004
2021-10-05 01:15:00,1.16116,1.16116,1.16053,1.16068,0,0.0,0,0,1.16116,False,False,,,,,,9999.992370000004,9999.992370000004,0.0,9999.992370000004
2021-10-05 01:30:00,1.16068,1.16076,1.16042,1.16042,0,0.0,0,0,1.16068,False,False,,,,,,9999.992370000004,9999.992370000004,0.0,9999.992370000004
2021-10-05 01:45:00,1.16041,1.16057,1.16027,1.1603,0,0.0,0,0,1.16041,False,False,,,,,,9999.992370000004,9999.992370000004,0.0,9999.992370000004
2021-10-05 02:00:00,1.1603,1.16063,1.1602,1.16057,0,0.0,0,0,1.1603,False,False,,,,,,9999.992370000004,9999.992370000004,0.0,9999.992370000004
2021-10-05 02:15:00,1.16056,1.16062,1.16034,1.16062,0,0.0,0,0,1.16056,False,False,,,,,,9999.992370000004,9999.992370000004,0.0,9999.992370000004
2021-10-05 02:30:00,1.16062,1.16078,1.16058,1.16072,0,0.0,0,0,1.16062,False,False,,,,,,9999.992370000004,9999.992370000004,0.0,9999.992370000004
2021-10-05 02:45:00,1.1607,1.16073,1.16051,1.16055,0,0.0,0,0,1.1607,False,False,,,,,,9999.992370000004,9999.992370000004,0.0,9999.992370000004
2021-10-05 03:00:00,1.16056,1.16057,1.16036,1.16041,0,0.0,0,0,1.16056,False,False,,,,,,9999.992370000004,9999.992370000004,0.0,9999.992370000004
2021-10-05 03:15:00,1.16039,1.16042,1.16025,1.16033,0,0.0,0,0,1.16039,False,False,,,,,,9999.992370000004,9999.992370000004,0.0,9999.992370000004
2021-10-05 03:30:00,1.16033,1.16033,1.15991,1.15998,0,0.0,0,0,1.16033,False,False,,,,,,9999.992370000004,9999.992370000004,0.0,9999.992370000004
2021-10-05 03:45:00,1.15997,1.15999,1.15981,1.15987,0,0.0,0,0,1.15997,False,False,,,,,,9999.992370000004,9999.992370000004,0.0,9999.992370000004
2021-10-05 04:00:00,1.15988,1.15996,1.15973,1.15981,0,0.0,0,0,1.15988,False,False,,,,,,9999.992370000004,9999.992370000004,0.0,9999.992370000004
2021-10-05 04:15:00,1.15982,1.15988,1.15973,1.15978,0,0.0,0,0,1.15982,False,False,,,,,,9999.992370000004,9999.992370000004,0.0,9999.992370000004
2021-10-05 04:30:00,1.15978,1.15978,1.15955,1.15957,0,0.0,0,0,1.15978,False,False,,,,,,9999.992370000004,9999.992370000004,0.0,9999.992370000004
2021-10-05 04:45:00,1.15956,1.15962,1.15943,1.15947,0,0.0,0,0,1.15956,False,False,,,,,,9999.992370000004,9999.992370000004,0.0,9999.992370000004
2021-10-05 05:00:00,1.15946,1.15972,1.15944,1.15972,0,0.0,0,0,1.15946,False,False,,,,,,9999.992370000004,9999.992370000004,0.0,9999.992370000004
2021-10-05 05:15:00,1.15973,1.15988,1.15945,1.15948,0,0.0,0,0,1.15973,False,False,,,,,,9999.992370000004,9999.992370000004,0.0,9999.992370000004
2021-10-05 05:30:00,1.15947,1.15948,1.159,1.15923,0,0.0,0,0,1.15947,False,False,,,,,,9999.992370000004,9999.992370000004,0.0,9999.992370000004
2021-10-05 05:45:00,1.15924,1.15943,1.15907,1.15942,0,0.0,0,0,1.15924,False,False,,,,,,9999.992370000004,9999.992370000004,0.0,9999.992370000004
2021-10-05 06:00:00,1.15943,1.15963,1.15938,1.15946,0,0.0,0,0,1.15943,False,False,,,,,,9999.992370000004,9999.992370000004,0.0,9999.992370000004
2021-10-05 06:15:00,1.15946,1.15974,1.15936,1.15943,0,0.0,0,0,1.15946,False,False,,,,,,9999.992370000004,9999.992370000004,0.0,9999.992370000004
2021-10-05 06:30:00,1.15943,1.1598,1.15942,1.15978,0,0.0,0,0,1.15943,False,False,,,,,,9999.992370000004,9999.992370000004,0.0,9999.992370000004
2021-10-05 06:45:00,1.15978,1.16019,1.1597,1.15988,0,0.0,0,0,1.15978,False,False,,,,,,9999.992370000004,9999.992370000004,0.0,9999.992370000004
2021-10-05 07:00:00,1.15987,1.15987,1.1592,1.15979,0,0.0,0,0,1.15987,False,False,,,,,,9999.992370000004,9999.992370000004,0.0,9999.992370000004
2021-10-05 07:15:00,1.15979,1.16049,1.15977,1.16007,0,0.0,0,0,1.15979,False,False,,,,,,9999.992370000004,9999.992370000004,0.0,9999.992370000004
2021-10-05 07:30:00,1.16008,1.16016,1.1596,1.15962,0,0.0,0,0,1.16008,False,False,,,,,,9999.992370000004,9999.992370000004,0.0,9999.992370000004
2021-10-05 07:45:00,1.15963,1.16007,1.15925,1.15973,0,0.0,0,0,1.15963,False,False,,,,,,9999.992370000004,9999.992370000004,0.0,9999.992370000004
2021-10-05 08:00:00,1.15976,1.16017,1.15961,1.16015,0,0.0,0,0,1.15976,False,False,,,,,,9999.992370000004,9999.992370000004,0.0,9999.992370000004
2021-10-05 08:15:00,1.16015,1.16046,1.16,1.1602,0,0.0,0,0,1.16015,False,False,,,,,,9999.992370000004,9999.992370000004,0.0,9999.992370000004
2021-10-05 08:30:00,1.16017,1.16045,1.16007,1.16031,0,0.0,0,0,1.16017,False,False,,,,,,9999.992370000004,9999.992370000004,0.0,9999.992370000004
2021-10-05 08:45:00,1.1603,1.16031,1.1597,1.15987,0,0.0,0,0,1.1603,False,False,,,,,,9999.992370000004,9999.992370000004,0.0,9999.992370000004
2021-10-05 09:00:00,1.15987,1.16008,1.15958,1.15993,0,0.0,0,0,1.15987,False,False,,,,,,9999.992370000004,9999.992370000004,0.0,9999.992370000004
2021-10-05 09:15:00,1.15993,1.16029,1.15986,1.15986,0,0.0,0,0,1.15993,False,False,,,,,,9999.992370000004,9999.992370000004,0.0,9999.992370000004
2021-10-05 09:30:00,1.15988,1.16003,1.1597,1.15994,0,0.0,0,0,1.15988,False,False,,,,,,9999.992370000004,9999.992370000004,0.0,9999.992370000004
2021-10-05 09:45:00,1.15995,1.16032,1.15977,1.16032,0,0.0,0,0,1.15995,False,False,,,,,,9999.992370000004,9999.992370000004,0.0,9999.992370000004
2021-10-05 10:00:00,1.16032,1.16032,1.16001,1.16014,0,0.0,0,0,1.16032,False,False,,,,,,9999.992370000004,9999.992370000004,0.0,9999.992370000004
2021-10-05 10:15:00,1.16013,1.16019,1.15971,1.15971,0,0.0,0,0,1.16013,False,False,,,,,,9999.992370000004,9999.992370000004,0.0,9999.992370000004
2021-10-05 10:30:00,1.15967,1.16,1.1596,1.15986,0,0.0,0,0,1.15967,False,False,,,,,,9999.992370000004,9999.992370000004,0.0,9999.992370000004
2021-10-05 10:45:00,1.15986,1.15986,1.15902,1.15942,0,0.0,0,0,1.15986,False,False,,,,,,9999.992370000004,9999.992370000004,0.0,9999.992370000004
2021-10-05 11:00:00,1.15942,1.15998,1.15925,1.15991,0,0.0,0,0,1.15942,False,False,,,,,,9999.992370000004,9999.992370000004,0.0,9999.992370000004
2021-10-05 11:15:00,1.1599,1.16049,1.15967,1.1602,0,0.0,0,0,1.1599,False,False,,,,,,9999.992370000004,9999.992370000004,0.0,9999.992370000004
2021-10-05 11:30:00,1.16018,1.16051,1.16003,1.16009,0,0.0,0,0,1.16018,False,False,,,,,,9999.992370000004,9999.992370000004,0.0,9999.992370000004
2021-10-05 11:45:00,1.1601,1.16015,1.15969,1.15977,0,0.0,0,0,1.1601,False,False,,,,,,9999.992370000004,9999.992370000004,0.0,9999.992370000004
2021-10-05 12:00:00,1.15978,1.16053,1.15978,1.16016,0,0.0,0,0,1.15978,False,False,,,,,,9999.992370000004,9999.992370000004,0.0,9999.992370000004
2021-10-05 12:15:00,1.16018,1.16018,1.15981,1.16002,1,0.0,0,0,1.16018,False,False,,,,,,9999.992370000004,9999.992370000004,0.0,9999.992370000004
2021-10-05 12:30:00,1.16001,1.16032,1.15985,1.16021,1,1.0,0,1,1.16001,True,False,,,,,,9999.992370000004,9999.992290000004,0.00019999999999997797,9999.992490000004
2021-10-05 12:45:00,1.1602,1.16032,1.15998,1.15999,1,1.0,1,1,1.1602,False,False,,,,,,9999.992290000004,9999.992290000004,-1.999999999990898e-05,9999.992270000004
2021-10-05 13:00:00,1.15998,1.16012,1.1586,1.15887,1,1.0,1,1,1.15998,False,False,,,,,,9999.992290000004,9999.992290000004,-0.0011399999999999189,9999.991150000003
2021-10-05 13:15:00,1.15887,1.15923,1.15877,1.15903,1,1.0,1,1,1.15887,False,False,,,,,,9999.992290000004,9999.992290000004,-0.0009799999999999809,9999.991310000003
2021-10-05 13:30:00,1.15901,1.15924,1.15868,1.1588,1,1.0,1,1,1.15901,False,False,,,,,,9999.992290000004,9999.992290000004,-0.0012099999999999334,9999.991080000003
2021-10-05 13:45:00,1.1588,1.15955,1.15871,1.15951,1,1.0,1,1,1.1588,False,False,,,,,,9999.992290000004,9999.992290000004,-0.0004999999999999449,9999.991790000004
2021-10-05 14:00:00,1.15948,1.15952,1.15829,1.15861,1,1.0,1,1,1.15948,False,False,,,,,,9999.992290000004,9999.992290000004,-0.0014000000000000679,9999.990890000005
2021-10-05 14:15:00,1.15859,1.15886,1.15804,1.15879,1,1.0,1,1,1.15859,False,False,,,,,,9999.992290000004,9999.992290000004,-0.0012199999999999989,9999.991070000004
2021-10-05 14:30:00,1.15879,1.15931,1.15875,1.15902,1,1.0,1,1,1.15879,False,False,,,,,,9999.992290000004,9999.992290000004,-0.0009900000000000464,9999.991300000003
2021-10-05 14:45:00,1.15903,1.15952,1.15895,1.15921,1,1.0,1,1,1.15903,False,False,,,,,,9999.992290000004,9999.992290000004,-0.0007999999999999119,9999.991490000004
2021-10-05 15:00:00,1.15922,1.16054,1.15919,1.1604,1,1.0,1,1,1.15922,False,False,,,,,,9999.992290000004,9999.992290000004,0.0003900000000001125,9999.992680000003
2021-10-05 15:15:00,1.16041,1.16131,1.16022,1.16101,1,1.0,1,1,1.16041,False,False,,,,,,9999.992290000004,9999.992290000004,0.001000000000000112,9999.993290000004
2021-10-05 15:30:00,1.16102,1.16121,1.16072,1.1609,1,1.0,1,1,1.16102,False,False,,,,,,9999.992290000004,9999.992290000004,0.0008900000000000574,9999.993180000003
2021-10-05 15:45:00,1.16089,1.16099,1.16061,1.16087,1,1.0,1,1,1.16089,False,False,,,,,,9999.992290000004,9999.992290000004,0.0008600000000000829,9999.993150000004
2021-10-05 16:00:00,1.16085,1.16122,1.16074,1.16087,1,1.0,1,1,1.16085,False,False,,,,,,9999.992290000004,9999.992290000004,0.0008600000000000829,9999.993150000004
2021-10-05 16:15:00,1.16085,1.16107,1.1605,1.16092,1,1.0,1,1,1.16085,False,False,,,,,,9999.992290000004,9999.992290000004,0.0009099999999999664,9999.993200000004
2021-10-05 16:30:00,1.16091,1.16091,1.16025,1.16035,1,1.0,1,1,1.16091,False,False,,,,,,9999.992290000004,9999.992290000004,0.00034000000000000696,9999.992630000004
2021-10-05 16:45:00,1.16034,1.16069,1.16034,1.1605,1,1.0,1,1,1.16034,False,False,,,,,,9999.992290000004,9999.992290000004,0.0004900000000001015,9999.992780000004
2021-10-05 17:00:00,1.16052,1.16053,1.16016,1.1602,1,1.0,1,1,1.16052,False,False,,,,,,9999.992290000004,9999.992290000004,0.00018999999999991246,9999.992480000004
2021-10-05 17:15:00,1.16021,1.16032,1.16007,1.1601,1,1.0,1,1,1.16021,False,False,,,,,,9999.992290000004,9999.992290000004,8.999999999992347e-05,9999.992380000003
2021-10-05 17:30:00,1.16012,1.16069,1.1601,1.16047,1,1.0,1,1,1.16012,False,False,,,,,,9999.992290000004,9999.992290000004,0.00045999999999990493,9999.992750000003
2021-10-05 17:45:00,1.16046,1.1607,1.16035,1.16051,1,1.0,1,1,1.16046,False,False,,,,,,9999.992290000004,9999.992290000004,0.0004999999999999449,9999.992790000004
2021-10-05 18:00:00,1.16049,1.16082,1.16043,1.16043,1,1.0,1,1,1.16049,False,False,,,,,,9999.992290000004,9999.992290000004,0.00042000000000008697,9999.992710000004
2021-10-05 18:15:00,1.16043,1.16044,1.15996,1.15999,1,1.0,1,1,1.16043,False,False,,,,,,9999.992290000004,9999.992290000004,-1.999999999990898e-05,9999.992270000004
2021-10-05 18:30:00,1.15998,1.16002,1.15971,1.15986,1,1.0,1,1,1.15998,False,False,,,,,,9999.992290000004,9999.992290000004,-0.0001500000000000945,9999.992140000004
2021-10-05 18:45:00,1.15987,1.16001,1.15966,1.1597,1,1.0,1,1,1.15987,False,False,,,,,,9999.992290000004,9999.992290000004,-0.00031000000000003247,9999.991980000004
2021-10-05 19:00:00,1.1597,1.15972,1.15951,1.15968,1,1.0,1,1,1.1597,False,False,,,,,,9999.992290000004,9999.992290000004,-0.00032999999999994145,9999.991960000003
2021-10-05 19:15:00,1.15967,1.15982,1.1596,1.15978,1,1.0,1,1,1.15967,False,False,,,,,,9999.992290000004,9999.992290000004,-0.00022999999999995246,9999.992060000004
2021-10-05 19:30:00,1.15977,1.15977,1.15953,1.15958,1,1.0,1,1,1.15977,False,False,,,,,,9999.992290000004,9999.992290000004,-0.00042999999999993044,9999.991860000004
2021-10-05 19:45:00,1.15956,1.15971,1.15935,1.15963,1,1.0,1,1,1.15956,False,False,,,,,,9999.992290000004,9999.992290000004,-0.00038000000000004697,9999.991910000004
2021-10-05 20:00:00,1.15962,1.15991,1.1594,1.15945,1,1.0,1,1,1.15962,False,False,,,,,,9999.992290000004,9999.992290000004,-0.0005599999999998939,9999.991730000003
2021-10-05 20:15:00,1.15947,1.15967,1.15943,1.15958,1,1.0,1,1,1.15947,False,False,,,,,,9999.992290000004,9999.992290000004,-0.00042999999999993044,9999.991860000004
2021-10-05 20:30:00,1.15955,1.15974,1.15943,1.15974,1,1.0,1,1,1.15955,False,False,,,,,,9999.992290000004,9999.992290000004,-0.00026999999999999247,9999.992020000003
2021-10-05 20:45:00,1.15975,1.1598,1.15961,1.15966,1,1.0,1,1,1.15975,False,False,,,,,,9999.992290000004,9999.992290000004,-0.0003500000000000725,9999.991940000004
2021-10-05 21:00:00,1.15963,1.16028,1.1596,1.15971,1,1.0,1,1,1.15963,False,False,,,,,,9999.992290000004,9999.992290000004,-0.00029999999999996696,9999.991990000004
2021-10-05 21:15:00,1.15976,1.15999,1.15971,1.15974,1,1.0,1,1,1.15976,False,False,,,,,,9999.992290000004,9999.992290000004,-0.00026999999999999247,9999.992020000003
2021-10-05 21:30:00,1.15971,1.16001,1.15946,1.15957,1,1.0,1,1,1.15971,False,False,,,,,,9999.992290000004,9999.992290000004,-0.00043999999999999595,9999.991850000004
2021-10-05 21:45:00,1.15979,1.15983,1.15949,1.15949,1,1.0,1,1,1.15979,False,False,,,,,,9999.992290000004,9999.992290000004,-0.000520000000000076,9999.991770000004
2021-10-05 22:00:00,1.15947,1.15987,1.15947,1.15985,1,1.0,1,1,1.15947,False,False,,,,,,9999.992290000004,9999.992290000004,-0.00015999999999993797,9999.992130000004
2021-10-05 22:15:00,1.15986,1.16006,1.15984,1.15991,1,1.0,1,1,1.15986,False,False,,,,,,9999.992290000004,9999.992290000004,-9.999999999998899e-05,9999.992190000004
2021-10-05 22:30:00,1.15992,1.16001,1.15983,1.15997,1,1.0,1,1,1.15992,False,False,,,,,,9999.992290000004,9999.992290000004,-4.0000000000040004e-05,9999.992250000003
2021-10-05 22:45:00,1.15996,1.15999,1.15981,1.15983,1,1.0,1,1,1.15996,False,False,,,,,,9999.992290000004,9999.992290000004,-0.000180000000000069,9999.992110000005
2021-10-05 23:00:00,1.15985,1.15988,1.15965,1.15966,1,1.0,1,1,1.15985,False,False,,,,,,9999.992290000004,9999.992290000004,-0.0003500000000000725,9999.991940000004
2021-10-05 23:15:00,1.15966,1.15976,1.15945,1.1595,1,1.0,1,1,1.15966,False,False,,,,,,9999.992290000004,9999.992290000004,-0.0005100000000000104,9999.991780000004
2021-10-05 23:30:00,1.15949,1.15961,1.15949,1.15961,1,1.0,1,1,1.15949,False,False,,,,,,9999.992290000004,9999.992290000004,-0.00039999999999995595,9999.991890000003
2021-10-05 23:45:00,1.1596,1.15967,1.15954,1.15955,1,1.0,1,1,1.1596,False,False,,,,,,9999.992290000004,9999.992290000004,-0.00045999999999990493,9999.991830000004
2021-10-06 00:00:00,1.15954,1.15977,1.15937,1.15941,1,1.0,1,1,1.15954,False,False,,,,,,9999.992290000004,9999.992290000004,-0.0005999999999999339,9999.991690000004
2021-10-06 00:15:00,1.15939,1.15953,1.15919,1.15936,1,1.0,1,1,1.15939,False,False,,,,,,9999.992290000004,9999.992290000004,-0.0006500000000000394,9999.991640000004
2021-10-06 00:30:00,1.15934,1.15956,1.15921,1.15934,1,1.0,1,1,1.15934,False,False,,,,,,9999.992290000004,9999.992290000004,-0.0006699999999999484,9999.991620000004
2021-10-06 00:45:00,1.15934,1.15958,1.1593,1.15936,1,1.0,1,1,1.15934,False,False,,,,,,9999.992290000004,9999.992290000004,-0.0006500000000000394,9999.991640000004
2021-10-06 01:00:00,1.15937,1.15965,1.15911,1.15917,1,1.0,1,1,1.15937,False,False,,,,,,9999.992290000004,9999.992290000004,-0.0008399999999999519,9999.991450000003
2021-10-06 01:15:00,1.15918,1.15942,1.15911,1.15911,1,1.0,1,1,1.15918,False,False,,,,,,9999.992290000004,9999.992290000004,-0.0008999999999999009,9999.991390000005
2021-10-06 01:30:00,1.15912,1.15923,1.15888,1.15915,1,1.0,1,1,1.15912,False,False,,,,,,9999.992290000004,9999.992290000004,-0.0008600000000000829,9999.991430000004
2021-10-06 01:45:00,1.15913,1.15919,1.15878,1.15908,1,1.0,1,1,1.15913,False,False,,,,,,9999.992290000004,9999.992290000004,-0.0009299999999998754,9999.991360000004
2021-10-06 02:00:00,1.15909,1.15914,1.1588,1.1589,1,1.0,1,1,1.15909,False,False,,,,,,9999.992290000004,9999.992290000004,-0.0011099999999999444,9999.991180000005
2021-10-06 02:15:00,1.15891,1.15942,1.15887,1.1594,1,1.0,1,1,1.15891,False,False,,,,,,9999.992290000004,9999.992290000004,-0.0006099999999999994,9999.991680000005
2021-10-06 02:30:00,1.15939,1.15947,1.15924,1.15926,1,1.0,1,1,1.15939,False,False,,,,,,9999.992290000004,9999.992290000004,-0.0007500000000000284,9999.991540000005
2021-10-06 02:45:00,1.15924,1.15935,1.15911,1.15931,1,1.0,1,1,1.15924,False,False,,,,,,9999.992290000004,9999.992290000004,-0.0006999999999999229,9999.991590000003
2021-10-06 03:00:00,1.15932,1.15942,1.15928,1.15937,1,1.0,1,1,1.15932,False,False,,,,,,9999.992290000004,9999.992290000004,-0.0006399999999999739,9999.991650000004
2021-10-06 03:15:00,1.15937,1.15942,1.15922,1.15925,1,1.0,1,1,1.15937,False,False,,,,,,9999.992290000004,9999.992290000004,-0.0007600000000000939,9999.991530000003
2021-10-06 03:30:00,1.15924,1.1593,1.15905,1.15929,1,1.0,1,1,1.15924,False,False,,,,,,9999.992290000004,9999.992290000004,-0.0007200000000000539,9999.991570000004
2021-10-06 03:45:00,1.1593,1.1594,1.15921,1.15935,1,1.0,1,1,1.1593,False,False,,,,,,9999.992290000004,9999.992290000004,-0.0006599999999998829,9999.991630000004
2021-10-06 04:00:00,1.15935,1.15936,1.15885,1.15886,1,1.0,1,1,1.15935,False,False,,,,,,9999.992290000004,9999.992290000004,-0.0011499999999999844,9999.991140000004
2021-10-06 04:15:00,1.15884,1.15887,1.15845,1.15845,1,1.0,1,1,1.15884,False,False,,,,,,9999.992290000004,9999.992290000004,-0.0015600000000000058,9999.990730000003
2021-10-06 04:30:00,1.15847,1.15863,1.1583,1.15836,1,1.0,1,1,1.15847,False,False,,,,,,9999.992290000004,9999.992290000004,-0.0016499999999999293,9999.990640000004
2021-10-06 04:45:00,1.15836,1.15852,1.15834,1.15845,1,1.0,1,1,1.15836,False,False,,,,,,9999.992290000004,9999.992290000004,-0.0015600000000000058,9999.990730000003
2021-10-06 05:00:00,1.15846,1.15886,1.15845,1.15886,1,1.0,1,1,1.15846,False,False,,,,,,9999.992290000004,9999.992290000004,-0.0011499999999999844,9999.991140000004
2021-10-06 05:15:00,1.15886,1.15902,1.15866,1.15888,1,1.0,1,1,1.15886,False,False,,,,,,9999.992290000004,9999.992290000004,-0.0011300000000000754,9999.991160000003
2021-10-06 05:30:00,1.1589,1.15891,1.15856,1.1586,1,1.0,1,1,1.1589,False,False,,,,,,9999.992290000004,9999.992290000004,-0.0014099999999999113,9999.990880000003
2021-10-06 05:45:00,1.15861,1.15864,1.15816,1.1582,1,1.0,1,1,1.15861,False,False,,,,,,9999.992290000004,9999.992290000004,-0.0018100000000000893,9999.990480000004
2021-10-06 06:00:00,1.1582,1.15839,1.15758,1.15817,1,1.0,1,1,1.1582,False,False,,,,,,9999.992290000004,9999.992290000004,-0.0018400000000000638,9999.990450000003
2021-10-06 06:15:00,1.15817,1.15831,1.15756,1.15757,1,1.0,1,1,1.15817,False,False,,,,,,9999.992290000004,9999.992290000004,-0.0024399999999999977,9999.989850000004
2021-10-06 06:30:00,1.15755,1.15832,1.15755,1.15809,1,1.0,1,1,1.15755,False,False,,,,,,9999.992290000004,9999.992290000004,-0.0019199999999999218,9999.990370000003
2021-10-06 06:45:00,1.1581,1.15815,1.1576,1.15777,1,1.0,1,1,1.1581,False,False,,,,,,9999.992290000004,9999.992290000004,-0.0022400000000000198,9999.990050000004
2021-10-06 07:00:00,1.15776,1.15797,1.15693,1.15721,1,1.0,1,1,1.15776,False,False,,,,,,9999.992290000004,9999.992290000004,-0.0027999999999999137,9999.989490000004
2021-10-06 07:15:00,1.15724,1.15766,1.15697,1.15707,1,1.0,1,1,1.15724,False,False,,,,,,9999.992290000004,9999.992290000004,-0.0029399999999999427,9999.989350000003
2021-10-06 07:30:00,1.15706,1.15737,1.15645,1.15736,1,1.0,1,1,1.15706,False,False,,,,,,9999.992290000004,9999.992290000004,-0.002650000000000041,9999.989640000003
2021-10-06 07:45:00,1.15736,1.15737,1.1556,1.15561,1,1.0,1,1,1.15736,False,False,,,,,,9999.992290000004,9999.992290000004,-0.0043999999999999595,9999.987890000004
2021-10-06 08:00:00,1.15561,1.15597,1.1553,1.15568,1,1.0,1,1,1.15561,False,False,,,,,,9999.992290000004,9999.992290000004,-0.004329999999999945,9999.987960000004
2021-10-06 08:15:00,1.15565,1.15586,1.15536,1.15577,1,1.0,1,1,1.15565,False,False,,,,,,9999.992290000004,9999.992290000004,-0.0042400000000000215,9999.988050000004
2021-10-06 08:30:00,1.15576,1.15605,1.15538,1.15538,1,1.0,1,1,1.15576,False,False,,,,,,9999.992290000004,9999.992290000004,-0.004629999999999912,9999.987660000004
2021-10-06 08:45:00,1.15538,1.15557,1.15509,1.1552,1,1.0,1,1,1.15538,False,False,,,,,,9999.992290000004,9999.992290000004,-0.004809999999999981,9999.987480000003
2021-10-06 09:00:00,1.15521,1.15541,1.15447,1.15472,1,1.0,1,1,1.15521,False,False,,,,,,9999.992290000004,9999.992290000004,-0.005290000000000017,9999.987000000005
2021-10-06 09:15:00,1.15473,1.1551,1.15458,1.15482,1,1.0,1,1,1.15473,False,False,,,,,,9999.992290000004,9999.992290000004,-0.005190000000000028,9999.987100000004
2021-10-06 09:30:00,1.1548,1.15502,1.15413,1.15426,1,1.0,1,1,1.1548,False,False,,,,,,9999.992290000004,9999.992290000004,-0.005749999999999922,9999.986540000004
2021-10-06 09:45:00,1.15427,1.15454,1.15412,1.1542,1,1.0,1,1,1.15427,False,False,,,,,,9999.992290000004,9999.992290000004,-0.005810000000000093,9999.986480000003
2021-10-06 10:00:00,1.15419,1.1542,1.15292,1.15319,1,1.0,1,1,1.15419,False,False,,,,,,9999.992290000004,9999.992290000004,-0.006820000000000048,9999.985470000003
2021-10-06 10:15:00,1.15317,1.15361,1.15291,1.15347,1,1.0,1,1,1.15317,False,False,,,,,,9999.992290000004,9999.992290000004,-0.00653999999999999,9999.985750000003
2021-10-06 10:30:00,1.15349,1.15381,1.15335,1.15373,1,1.0,1,1,1.15349,False,False,,,,,,9999.992290000004,9999.992290000004,-0.006280000000000063,9999.986010000004
2021-10-06 10:45:00,1.15373,1.15395,1.15366,1.15367,1,1.0,1,1,1.15373,False,False,,,,,,9999.992290000004,9999.992290000004,-0.006340000000000012,9999.985950000004
2021-10-06 11:00:00,1.15368,1.1543,1.15356,1.15375,1,1.0,1,1,1.15368,False,False,,,,,,9999.992290000004,9999.992290000004,-0.006259999999999932,9999.986030000004
2021-10-06 11:15:00,1.15378,1.15438,1.15378,1.15405,1,1.0,1,1,1.15378,False,False,,,,,,9999.992290000004,9999.992290000004,-0.005959999999999965,9999.986330000003
2021-10-06 11:30:00,1.15406,1.15416,1.15385,1.1541,1,1.0,1,1,1.15406,False,False,,,,,,9999.992290000004,9999.992290000004,-0.005910000000000082,9999.986380000004
2021-10-06 11:45:00,1.15412,1.15414,1.15363,1.15378,1,1.0,1,1,1.15412,False,False,,,,,,9999.992290000004,9999.992290000004,-0.006229999999999958,9999.986060000003
2021-10-06 12:00:00,1.15379,1.15447,1.1537,1.15416,1,1.0,1,1,1.15379,False,False,,,,,,9999.992290000004,9999.992290000004,-0.005849999999999911,9999.986440000004
2021-10-06 12:15:00,1.15416,1.15439,1.15366,1.15437,1,1.0,1,1,1.15416,False,False,,,,,,9999.992290000004,9999.992290000004,-0.005640000000000089,9999.986650000004
2021-10-06 12:30:00,1.15437,1.15473,1.15399,1.15439,1,1.0,1,1,1.15437,False,False,,,,,,9999.992290000004,9999.992290000004,-0.005619999999999958,9999.986670000004
2021-10-06 12:45:00,1.15441,1.15466,1.15411,1.1545,1,1.0,1,1,1.15441,False,False,,,,,,9999.992290000004,9999.992290000004,-0.005509999999999904,9999.986780000003
2021-10-06 13:00:00,1.15451,1.15486,1.15438,1.15482,1,1.0,1,1,1.15451,False,False,,,,,,9999.992290000004,9999.992290000004,-0.005190000000000028,9999.987100000004
2021-10-06 13:15:00,1.15481,1.15482,1.15397,1.15431,0,1.0,1,1,1.15481,False,False,,,,,,9999.992290000004,9999.992290000004,-0.005700000000000038,9999.986590000004
2021-10-06 13:30:00,1.15429,1.15521,1.15419,1.15483,0,0.0,1,0,1.15429,False,True,1.0,1.16001,1.15429,-0.005719999999999947,8e-05,9999.992290000004,9999.986490000005,0.0,9999.986490000005
2021-10-06 13:45:00,1.15484,1.15486,1.1539,1.15425,0,0.0,0,0,1.15484,False,False,,,,,,9999.986490000005,9999.986490000005,0.0,9999.986490000005
2021-10-06 14:00:00,1.15424,1.15424,1.1535,1.15412,0,0.0,0,0,1.15424,False,False,,,,,,9999.986490000005,9999.986490000005,0.0,9999.986490000005
2021-10-06 14:15:00,1.15413,1.15466,1.15356,1.15457,0,0.0,0,0,1.15413,False,False,,,,,,9999.986490000005,9999.986490000005,0.0,9999.986490000005
2021-10-06 14:30:00,1.1546,1.15516,1.15446,1.15499,0,0.0,0,0,1.1546,False,False,,,,,,9999.986490000005,9999.986490000005,0.0,9999.986490000005
2021-10-06 14:45:00,1.15501,1.15555,1.15407,1.15417,0,0.0,0,0,1.15501,False,False,,,,,,9999.986490000005,9999.986490000005,0.0,9999.986490000005
2021-10-06 15:00:00,1.15418,1.15441,1.15336,1.15381,0,0.0,0,0,1.15418,False,False,,,,,,9999.986490000005,9999.986490000005,0.0,9999.986490000005
2021-10-06 15:15:00,1.1538,1.154,1.15322,1.15337,0,0.0,0,0,1.1538,False,False,,,,,,9999.986490000005,9999.986490000005,0.0,9999.986490000005
2021-10-06 15:30:00,1.15337,1.15389,1.1533,1.15361,0,0.0,0,0,1.15337,False,False,,,,,,9999.986490000005,9999.986490000005,0.0,9999.986490000005
2021-10-06 15:45:00,1.15362,1.15447,1.15362,1.15443,0,0.0,0,0,1.15362,False,False,,,,,,9999.986490000005,9999.986490000005,0.0,9999.986490000005
2021-10-06 16:00:00,1.15443,1.15497,1.15441,1.15494,0,0.0,0,0,1.15443,False,False,,,,,,9999.986490000005,9999.986490000005,0.0,9999.986490000005
2021-10-06 16:15:00,1.15492,1.15497,1.15447,1.15451,0,0.0,0,0,1.15492,False,False,,,,,,9999.986490000005,9999.986490000005,0.0,9999.986490000005
2021-10-06 16:30:00,1.15453,1.15492,1.15448,1.15468,0,0.0,0,0,1.15453,False,False,,,,,,9999.986490000005,9999.986490000005,0.0,9999.986490000005
2021-10-06 16:45:00,1.1547,1.15486,1.15415,1.15432,0,0.0,0,0,1.1547,False,False,,,,,,9999.986490000005,9999.986490000005,0.0,9999.986490000005
2021-10-06 17:00:00,1.15435,1.15489,1.15432,1.15454,0,0.0,0,0,1.15435,False,False,,,,,,9999.986490000005,9999.986490000005,0.0,9999.986490000005
2021-10-06 17:15:00,1.15453,1.15468,1.15443,1.15456,0,0.0,0,0,1.15453,False,False,,,,,,9999.986490000005,9999.986490000005,0.0,9999.986490000005
2021-10-06 17:30:00,1.15457,1.15515,1.15457,1.15513,0,0.0,0,0,1.15457,False,False,,,,,,9999.986490000005,9999.986490000005,0.0,9999.986490000005
2021-10-06 17:45:00,1.15513,1.1557,1.15446,1.15512,0,0.0,0,0,1.15513,False,False,,,,,,9999.986490000005,9999.986490000005,0.0,9999.986490000005
2021-10-06 18:00:00,1.15515,1.15553,1.15492,1.15535,0,0.0,0,0,1.15515,False,False,,,,,,9999.986490000005,9999.986490000005,0.0,9999.986490000005
2021-10-06 18:15:00,1.15535,1.1554,1.15506,1.1551,0,0.0,0,0,1.15535,False,False,,,,,,9999.986490000005,9999.986490000005,0.0,9999.986490000005
2021-10-06 18:30:00,1.1551,1.15527,1.1549,1.1552,0,0.0,0,0,1.1551,False,False,,,,,,9999.986490000005,9999.986490000005,0.0,9999.986490000005
2021-10-06 18:45:00,1.15521,1.15546,1.15487,1.15505,0,0.0,0,0,1.15521,False,False,,,,,,9999.986490000005,9999.986490000005,0.0,9999.986490000005
2021-10-06 19:00:00,1.15503,1.15556,1.15488,1.15551,0,0.0,0,0,1.15503,False,False,,,,,,9999.986490000005,9999.986490000005,0.0,9999.986490000005
2021-10-06 19:15:00,1.15553,1.15573,1.15538,1.15565,0,0.0,0,0,1.15553,False,False,,,,,,9999.986490000005,9999.986490000005,0.0,9999.986490000005
2021-10-06 19:30:00,1.15564,1.15575,1.15557,1.15563,0,0.0,0,0,1.15564,False,False,,,,,,9999.986490000005,9999.986490000005,0.0,9999.986490000005
2021-10-06 19:45:00,1.15562,1.15591,1.15551,1.15587,0,0.0,0,0,1.15562,False,False,,,,,,9999.986490000005,9999.986490000005,0.0,9999.986490000005
2021-10-06 20:00:00,1.15588,1.15592,1.15565,1.15565,0,0.0,0,0,1.15588,False,False,,,,,,9999.986490000005,9999.986490000005,0.0,9999.986490000005
2021-10-06 20:15:00,1.15568,1.15585,1.15567,1.1558,0,0.0,0,0,1.15568,False,False,,,,,,9999.986490000005,9999.986490000005,0.0,9999.986490000005
2021-10-06 20:30:00,1.15581,1.15595,1.15565,1.15572,0,0.0,0,0,1.15581,False,False,,,,,,9999.986490000005,9999.986490000005,0.0,9999.986490000005
2021-10-06 20:45:00,1.15571,1.15575,1.15542,1.15542,0,0.0,0,0,1.15571,False,False,,,,,,9999.986490000005,9999.986490000005,0.0,9999.986490000005
2021-10-06 21:00:00,1.15542,1.15566,1.15527,1.15557,0,0.0,0,0,1.15542,False,False,,,,,,9999.986490000005,9999.986490000005,0.0,9999.986490000005
2021-10-06 21:15:00,1.15558,1.15562,1.15528,1.1555,0,0.0,0,0,1.15558,False,False,,,,,,9999.986490000005,9999.986490000005,0.0,9999.986490000005
2021-10-06 21:30:00,1.15557,1.15565,1.15543,1.15543,0,0.0,0,0,1.15557,False,False,,,,,,9999.986490000005,9999.986490000005,0.0,9999.986490000005
2021-10-06 21:45:00,1.15543,1.15547,1.15534,1.15541,0,0.0,0,0,1.15543,False,False,,,,,,9999.986490000005,9999.986490000005,0.0,9999.986490000005
2021-10-06 22:00:00,1.1554,1.15568,1.1554,1.15564,0,0.0,0,0,1.1554,False,False,,,,,,9999.986490000005,9999.986490000005,0.0,9999.986490000005
2021-10-06 22:15:00,1.15565,1.15574,1.15548,1.15551,0,0.0,0,0,1.15565,False,False,,,,,,9999.986490000005,9999.986490000005,0.0,9999.986490000005
2021-10-06 22:30:00,1.15551,1.15569,1.15551,1.15563,0,0.0,0,0,1.15551,False,False,,,,,,9999.986490000005,9999.986490000005,0.0,9999.986490000005
2021-10-06 22:45:00,1.15563,1.15566,1.15542,1.15542,0,0.0,0,0,1.15563,False,False,,,,,,9999.986490000005,9999.986490000005,0.0,9999.986490000005
2021-10-06 23:00:00,1.15543,1.15544,1.15533,1.15539,0,0.0,0,0,1.15543,False,False,,,,,,9999.986490000005,9999.986490000005,0.0,9999.986490000005
2021-10-06 23:15:00,1.15538,1.15539,1.15533,1.15533,0,0.0,0,0,1.15538,False,False,,,,,,9999.986490000005,9999.986490000005,0.0,9999.986490000005
2021-10-06 23:30:00,1.15534,1.15549,1.15523,1.15545,0,0.0,0,0,1.15534,False,False,,,,,,9999.986490000005,9999.986490000005,0.0,9999.986490000005
2021-10-06 23:45:00,1.15543,1.15554,1.1554,1.15549,0,0.0,0,0,1.15543,False,False,,,,,,9999.986490000005,9999.986490000005,0.0,9999.986490000005
2021-10-07 00:00:00,1.15548,1.15589,1.15546,1.15586,0,0.0,0,0,1.15548,False,False,,,,,,9999.986490000005,9999.986490000005,0.0,9999.986490000005
2021-10-07 00:15:00,1.15585,1.15591,1.15547,1.15575,0,0.0,0,0,1.15585,False,False,,,,,,9999.986490000005,9999.986490000005,0.0,9999.986490000005
2021-10-07 00:30:00,1.15575,1.15599,1.15574,1.15596,0,0.0,0,0,1.15575,False,False,,,,,,9999.986490000005,9999.986490000005,0.0,9999.986490000005
2021-10-07 00:45:00,1.15597,1.1561,1.15577,1.15584,0,0.0,0,0,1.15597,False,False,,,,,,9999.986490000005,9999.986490000005,0.0,9999.986490000005
2021-10-07 01:00:00,1.15584,1.15591,1.15531,1.15544,0,0.0,0,0,1.15584,False,False,,,,,,9999.986490000005,9999.986490000005,0.0,9999.986490000005
2021-10-07 01:15:00,1.15544,1.15552,1.15511,1.15548,0,0.0,0,0,1.15544,False,False,,,,,,9999.986490000005,9999.986490000005,0.0,9999.986490000005
2021-10-07 01:30:00,1.15548,1.1559,1.15541,1.15576,0,0.0,0,0,1.15548,False,False,,,,,,9999.986490000005,9999.986490000005,0.0,9999.986490000005
2021-10-07 01:45:00,1.15576,1.15582,1.1556,1.15565,0,0.0,0,0,1.15576,False,False,,,,,,9999.986490000005,9999.986490000005,0.0,9999.986490000005
2021-10-07 02:00:00,1.15566,1.15566,1.1554,1.15556,0,0.0,0,0,1.15566,False,False,,,,,,9999.986490000005,9999.986490000005,0.0,9999.986490000005
2021-10-07 02:15:00,1.15555,1.15567,1.15549,1.1556,0,0.0,0,0,1.15555,False,False,,,,,,9999.986490000005,9999.986490000005,0.0,9999.986490000005
2021-10-07 02:30:00,1.1556,1.15572,1.15553,1.15554,0,0.0,0,0,1.1556,False,False,,,,,,9999.986490000005,9999.986490000005,0.0,9999.986490000005
2021-10-07 02:45:00,1.15555,1.15555,1.15538,1.15545,0,0.0,0,0,1.15555,False,False,,,,,,9999.986490000005,9999.986490000005,0.0,9999.986490000005
2021-10-07 03:00:00,1.15546,1.15561,1.15535,1.15539,0,0.0,0,0,1.15546,False,False,,,,,,9999.986490000005,9999.986490000005,0.0,9999.986490000005
2021-10-07 03:15:00,1.15539,1.15546,1.15523,1.15543,0,0.0,0,0,1.15539,False,False,,,,,,9999.986490000005,9999.986490000005,0.0,9999.986490000005
2021-10-07 03:30:00,1.15542,1.15544,1.15531,1.15539,0,0.0,0,0,1.15542,False,False,,,,,,9999.986490000005,9999.986490000005,0.0,9999.986490000005
2021-10-07 03:45:00,1.1554,1.15562,1.15536,1.15555,0,0.0,0,0,1.1554,False,False,,,,,,9999.986490000005,9999.986490000005,0.0,9999.986490000005
2021-10-07 04:00:00,1.15555,1.15569,1.15549,1.15568,0,0.0,0,0,1.15555,False,False,,,,,,9999.986490000005,9999.986490000005,0.0,9999.986490000005
2021-10-07 04:15:00,1.15568,1.1557,1.15554,1.15569,0,0.0,0,0,1.15568,False,False,,,,,,9999.986490000005,9999.986490000005,0.0,9999.986490000005
2021-10-07 04:30:00,1.15568,1.15571,1.15554,1.15555,0,0.0,0,0,1.15568,False,False,,,,,,9999.986490000005,9999.986490000005,0.0,9999.986490000005
2021-10-07 04:45:00,1.15554,1.15557,1.15539,1.15555,0,0.0,0,0,1.15554,False,False,,,,,,9999.986490000005,9999.986490000005,0.0,9999.986490000005
2021-10-07 05:00:00,1.15554,1.15568,1.15549,1.15564,0,0.0,0,0,1.15554,False,False,,,,,,9999.986490000005,9999.986490000005,0.0,9999.986490000005
2021-10-07 05:15:00,1.15563,1.15563,1.15524,1.1553,0,0.0,0,0,1.15563,False,False,,,,,,9999.986490000005,9999.986490000005,0.0,9999.986490000005
2021-10-07 05:30:00,1.15529,1.15553,1.15525,1.15529,0,0.0,0,0,1.15529,False,False,,,,,,9999.986490000005,9999.986490000005,0.0,9999.986490000005
2021-10-07 05:45:00,1.15528,1.15529,1.15493,1.15494,0,0.0,0,0,1.15528,False,False,,,,,,9999.986490000005,9999.986490000005,0.0,9999.986490000005
2021-10-07 06:00:00,1.15493,1.15541,1.15489,1.1554,0,0.0,0,0,1.15493,False,False,,,,,,9999.986490000005,9999.986490000005,0.0,9999.986490000005
2021-10-07 06:15:00,1.15539,1.1557,1.15534,1.15557,0,0.0,0,0,1.15539,False,False,,,,,,9999.986490000005,9999.986490000005,0.0,9999.986490000005
2021-10-07 06:30:00,1.15557,1.15676,1.15553,1.15672,0,0.0,0,0,1.15557,False,False,,,,,,9999.986490000005,9999.986490000005,0.0,9999.986490000005
2021-10-07 06:45:00,1.15673,1.15696,1.15648,1.15682,0,0.0,0,0,1.15673,False,False,,,,,,9999.986490000005,9999.986490000005,0.0,9999.986490000005
2021-10-07 07:00:00,1.15681,1.15705,1.15658,1.15687,0,0.0,0,0,1.15681,False,False,,,,,,9999.986490000005,9999.986490000005,0.0,9999.986490000005
2021-10-07 07:15:00,1.15687,1.15698,1.15635,1.15651,0,0.0,0,0,1.15687,False,False,,,,,,9999.986490000005,9999.986490000005,0.0,9999.986490000005
2021-10-07 07:30:00,1.15652,1.1567,1.15614,1.15641,0,0.0,0,0,1.15652,False,False,,,,,,9999.986490000005,9999.986490000005,0.0,9999.986490000005
2021-10-07 07:45:00,1.15641,1.15688,1.15623,1.15687,0,0.0,0,0,1.15641,False,False,,,,,,9999.986490000005,9999.986490000005,0.0,9999.986490000005
2021-10-07 08:00:00,1.15688,1.15692,1.1564,1.15661,0,0.0,0,0,1.15688,False,False,,,,,,9999.986490000005,9999.986490000005,0.0,9999.986490000005
2021-10-07 08:15:00,1.15664,1.15675,1.15629,1.15636,0,0.0,0,0,1.15664,False,False,,,,,,9999.986490000005,9999.986490000005,0.0,9999.986490000005
2021-10-07 08:30:00,1.15637,1.15641,1.15619,1.1563,0,0.0,0,0,1.15637,False,False,,,,,,9999.986490000005,9999.986490000005,0.0,9999.986490000005
2021-10-07 08:45:00,1.1563,1.15637,1.15594,1.156,0,0.0,0,0,1.1563,False,False,,,,,,9999.986490000005,9999.986490000005,0.0,9999.986490000005
2021-10-07 09:00:00,1.15603,1.15605,1.15549,1.15549,0,0.0,0,0,1.15603,False,False,,,,,,9999.986490000005,9999.986490000005,0.0,9999.986490000005
2021-10-07 09:15:00,1.1555,1.15604,1.15549,1.15585,0,0.0,0,0,1.1555,False,False,,,,,,9999.986490000005,9999.986490000005,0.0,9999.986490000005
2021-10-07 09:30:00,1.15586,1.15621,1.15578,1.15589,0,0.0,0,0,1.15586,False,False,,,,,,9999.986490000005,9999.986490000005,0.0,9999.986490000005
2021-10-07 09:45:00,1.15587,1.15617,1.15572,1.15605,0,0.0,0,0,1.15587,False,False,,,,,,9999.986490000005,9999.986490000005,0.0,9999.986490000005
2021-10-07 10:00:00,1.15606,1.15606,1.15574,1.15589,0,0.0,0,0,1.15606,False,False,,,,,,9999.986490000005,9999.986490000005,0.0,9999.986490000005
2021-10-07 10:15:00,1.15588,1.15619,1.15576,1.15611,0,0.0,0,0,1.15588,False,False,,,,,,9999.986490000005,9999.986490000005,0.0,9999.986490000005
2021-10-07 10:30:00,1.15611,1.15626,1.15575,1.15583,0,0.0,0,0,1.15611,False,False,,,,,,9999.986490000005,9999.986490000005,0.0,9999.986490000005
2021-10-07 10:45:00,1.15582,1.15609,1.15564,1.15609,0,0.0,0,0,1.15582,False,False,,,,,,9999.986490000005,9999.986490000005,0.0,9999.986490000005
2021-10-07 11:00:00,1.1561,1.15676,1.15601,1.1567,0,0.0,0,0,1.1561,False,False,,,,,,9999.986490000005,9999.986490000005,0.0,9999.986490000005
2021-10-07 11:15:00,1.15671,1.15711,1.15657,1.15681,0,0.0,0,0,1.15671,False,False,,,,,,9999.986490000005,9999.986490000005,0.0,9999.986490000005
2021-10-07 11:30:00,1.15683,1.1572,1.15646,1.15677,0,0.0,0,0,1.15683,False,False,,,,,,9999.986490000005,9999.986490000005,0.0,9999.986490000005
2021-10-07 11:45:00,1.15678,1.15681,1.15636,1.15649,0,0.0,0,0,1.15678,False,False,,,,,,9999.986490000005,9999.986490000005,0.0,9999.986490000005
2021-10-07 12:00:00,1.15648,1.15649,1.15599,1.1562,0,0.0,0,0,1.15648,False,False,,,,,,9999.986490000005,9999.986490000005,0.0,9999.986490000005
2021-10-07 12:15:00,1.15621,1.15642,1.15572,1.15587,0,0.0,0,0,1.15621,False,False,,,,,,9999.986490000005,9999.986490000005,0.0,9999.986490000005
2021-10-07 12:30:00,1.15588,1.1559,1.15504,1.15535,0,0.0,0,0,1.15588,False,False,,,,,,9999.986490000005,9999.986490000005,0.0,9999.986490000005
2021-10-07 12:45:00,1.15536,1.15591,1.15536,1.15559,0,0.0,0,0,1.15536,False,False,,,,,,9999.986490000005,9999.986490000005,0.0,9999.986490000005
2021-10-07 13:00:00,1.15558,1.15559,1.15505,1.15513,0,0.0,0,0,1.15558,False,False,,,,,,9999.986490000005,9999.986490000005,0.0,9999.986490000005
2021-10-07 13:15:00,1.15512,1.15555,1.15474,1.15517,0,0.0,0,0,1.15512,False,False,,,,,,9999.986490000005,9999.986490000005,0.0,9999.986490000005
2021-10-07 13:30:00,1.15515,1.15634,1.15495,1.15613,0,0.0,0,0,1.15515,False,False,,,,,,9999.986490000005,9999.986490000005,0.0,9999.986490000005
2021-10-07 13:45:00,1.15614,1.15617,1.15539,1.15561,0,0.0,0,0,1.15614,False,False,,,,,,9999.986490000005,9999.986490000005,0.0,9999.986490000005
2021-10-07 14:00:00,1.1556,1.15632,1.15559,1.15599,0,0.0,0,0,1.1556,False,False,,,,,,9999.986490000005,9999.986490000005,0.0,9999.986490000005
2021-10-07 14:15:00,1.15601,1.15651,1.15574,1.15632,1,0.0,0,0,1.15601,False,False,,,,,,9999.986490000005,9999.986490000005,0.0,9999.986490000005
2021-10-07 14:30:00,1.15631,1.15687,1.15626,1.15648,1,1.0,0,1,1.15631,True,False,,,,,,9999.986490000005,9999.986410000005,0.00017000000000000348,9999.986580000004
2021-10-07 14:45:00,1.15648,1.15687,1.15585,1.15607,1,1.0,1,1,1.15648,False,False,,,,,,9999.986410000005,9999.986410000005,-0.00024000000000001798,9999.986170000006
2021-10-07 15:00:00,1.15608,1.1567,1.156,1.15647,1,1.0,1,1,1.15608,False,False,,,,,,9999.986410000005,9999.986410000005,0.00016000000000016001,9999.986570000005
2021-10-07 15:15:00,1.15645,1.15681,1.15639,1.1566,1,1.0,1,1,1.15645,False,False,,,,,,9999.986410000005,9999.986410000005,0.0002900000000001235,9999.986700000005
2021-10-07 15:30:00,1.15659,1.15688,1.15629,1.1563,1,1.0,1,1,1.15659,False,False,,,,,,9999.986410000005,9999.986410000005,-9.999999999843467e-06,9999.986400000005
2021-10-07 15:45:00,1.15629,1.15643,1.15601,1.15601,1,1.0,1,1,1.15629,False,False,,,,,,9999.986410000005,9999.986410000005,-0.00029999999999996696,9999.986110000005
2021-10-07 16:00:00,1.15601,1.15604,1.15555,1.1558,1,1.0,1,1,1.15601,False,False,,,,,,9999.986410000005,9999.986410000005,-0.0005100000000000104,9999.985900000005
2021-10-07 16:15:00,1.15581,1.15593,1.15535,1.15547,1,1.0,1,1,1.15581,False,False,,,,,,9999.986410000005,9999.986410000005,-0.0008399999999999519,9999.985570000004
2021-10-07 16:30:00,1.15548,1.15576,1.15546,1.15571,1,1.0,1,1,1.15548,False,False,,,,,,9999.986410000005,9999.986410000005,-0.0005999999999999339,9999.985810000006
2021-10-07 16:45:00,1.15573,1.15574,1.15525,1.15554,1,1.0,1,1,1.15573,False,False,,,,,,9999.986410000005,9999.986410000005,-0.0007699999999999374,9999.985640000004
2021-10-07 17:00:00,1.15555,1.15576,1.1555,1.15575,1,1.0,1,1,1.15555,False,False,,,,,,9999.986410000005,9999.986410000005,-0.0005599999999998939,9999.985850000005
2021-10-07 17:15:00,1.15575,1.15624,1.15574,1.1562,1,1.0,1,1,1.15575,False,False,,,,,,9999.986410000005,9999.986410000005,-0.0001100000000000545,9999.986300000004
2021-10-07 17:30:00,1.15619,1.15645,1.15616,1.15641,1,1.0,1,1,1.15619,False,False,,,,,,9999.986410000005,9999.986410000005,9.999999999998899e-05,9999.986510000004
2021-10-07 17:45:00,1.15641,1.15645,1.15597,1.15599,1,1.0,1,1,1.15641,False,False,,,,,,9999.986410000005,9999.986410000005,-0.00031999999999987594,9999.986090000006
2021-10-07 18:00:00,1.15601,1.15601,1.15551,1.15552,1,1.0,1,1,1.15601,False,False,,,,,,9999.986410000005,9999.986410000005,-0.0007899999999998464,9999.985620000005
2021-10-07 18:15:00,1.15552,1.15552,1.1553,1.15533,1,1.0,1,1,1.15552,False,False,,,,,,9999.986410000005,9999.986410000005,-0.0009799999999999809,9999.985430000004
2021-10-07 18:30:00,1.15533,1.15534,1.15494,1.15497,1,1.0,1,1,1.15533,False,False,,,,,,9999.986410000005,9999.986410000005,-0.0013399999999998968,9999.985070000004
2021-10-07 18:45:00,1.15498,1.15546,1.15492,1.15513,1,1.0,1,1,1.15498,False,False,,,,,,9999.986410000005,9999.986410000005,-0.0011799999999999589,9999.985230000006
2021-10-07 19:00:00,1.15514,1.15538,1.15506,1.15517,1,1.0,1,1,1.15514,False,False,,,,,,9999.986410000005,9999.986410000005,-0.0011399999999999189,9999.985270000005
2021-10-07 19:15:00,1.15518,1.15532,1.1551,1.15524,1,1.0,1,1,1.15518,False,False,,,,,,9999.986410000005,9999.986410000005,-0.0010699999999999044,9999.985340000005
2021-10-07 19:30:00,1.15524,1.15542,1.15517,1.15521,1,1.0,1,1,1.15524,False,False,,,,,,9999.986410000005,9999.986410000005,-0.0010999999999998789,9999.985310000005
2021-10-07 19:45:00,1.15521,1.15546,1.15512,1.15538,1,1.0,1,1,1.15521,False,False,,,,,,9999.986410000005,9999.986410000005,-0.0009299999999998754,9999.985480000005
2021-10-07 20:00:00,1.15537,1.15551,1.15532,1.15532,1,1.0,1,1,1.15537,False,False,,,,,,9999.986410000005,9999.986410000005,-0.0009900000000000464,9999.985420000005
2021-10-07 20:15:00,1.15532,1.15554,1.15532,1.15544,1,1.0,1,1,1.15532,False,False,,,,,,9999.986410000005,9999.986410000005,-0.0008699999999999264,9999.985540000005
2021-10-07 20:30:00,1.15543,1.15551,1.15535,1.15541,1,1.0,1,1,1.15543,False,False,,,,,,9999.986410000005,9999.986410000005,-0.0008999999999999009,9999.985510000006
2021-10-07 20:45:00,1.1554,1.1555,1.15523,1.1553,1,1.0,1,1,1.1554,False,False,,,,,,9999.986410000005,9999.986410000005,-0.0010099999999999554,9999.985400000005
2021-10-07 21:00:00,1.1553,1.15542,1.1553,1.15541,1,1.0,1,1,1.1553,False,False,,,,,,9999.986410000005,9999.986410000005,-0.0008999999999999009,9999.985510000006
2021-10-07 21:15:00,1.15532,1.15549,1.15528,1.15528,1,1.0,1,1,1.15532,False,False,,,,,,9999.986410000005,9999.986410000005,-0.0010299999999998644,9999.985380000006
2021-10-07 21:30:00,1.15528,1.1555,1.15528,1.15528,1,1.0,1,1,1.15528,False,False,,,,,,9999.986410000005,9999.986410000005,-0.0010299999999998644,9999.985380000006
2021-10-07 21:45:00,1.15531,1.15567,1.1553,1.15554,1,1.0,1,1,1.15531,False,False,,,,,,9999.986410000005,9999.986410000005,-0.0007699999999999374,9999.985640000004
2021-10-07 22:00:00,1.15557,1.15557,1.15531,1.15551,1,1.0,1,1,1.15557,False,False,,,,,,9999.986410000005,9999.986410000005,-0.0007999999999999119,9999.985610000005
2021-10-07 22:15:00,1.15551,1.15558,1.15546,1.15557,1,1.0,1,1,1.15551,False,False,,,,,,9999.986410000005,9999.986410000005,-0.0007399999999999629,9999.985670000005
2021-10-07 22:30:00,1.15557,1.15569,1.15555,1.1556,1,1.0,1,1,1.15557,False,False,,,,,,9999.986410000005,9999.986410000005,-0.0007099999999999884,9999.985700000005
2021-10-07 22:45:00,1.15562,1.15562,1.15542,1.15542,1,1.0,1,1,1.15562,False,False,,,,,,9999.986410000005,9999.986410000005,-0.0008900000000000574,9999.985520000006
2021-10-07 23:00:00,1.15545,1.15555,1.15541,1.15552,1,1.0,1,1,1.15545,False,False,,,,,,9999.986410000005,9999.986410000005,-0.0007899999999998464,9999.985620000005
2021-10-07 23:15:00,1.15551,1.1556,1.15547,1.15548,1,1.0,1,1,1.15551,False,False,,,,,,9999.986410000005,9999.986410000005,-0.0008299999999998864,9999.985580000004
2021-10-07 23:30:00,1.15547,1.15568,1.15542,1.15568,1,1.0,1,1,1.15547,False,False,,,,,,9999.986410000005,9999.986410000005,-0.0006299999999999084,9999.985780000005
2021-10-07 23:45:00,1.15566,1.156,1.15566,1.15592,1,1.0,1,1,1.15566,False,False,,,,,,9999.986410000005,9999.986410000005,-0.00038999999999989043,9999.986020000006
2021-10-08 00:00:00,1.15591,1.15596,1.15543,1.15543,1,1.0,1,1,1.15591,False,False,,,,,,9999.986410000005,9999.986410000005,-0.0008799999999999919,9999.985530000005
2021-10-08 00:15:00,1.15545,1.15564,1.15525,1.15559,1,1.0,1,1,1.15545,False,False,,,,,,9999.986410000005,9999.986410000005,-0.0007200000000000539,9999.985690000005
2021-10-08 00:30:00,1.15558,1.15573,1.15532,1.15532,1,1.0,1,1,1.15558,False,False,,,,,,9999.986410000005,9999.986410000005,-0.0009900000000000464,9999.985420000005
2021-10-08 00:45:00,1.15534,1.15596,1.15527,1.15581,1,1.0,1,1,1.15534,False,False,,,,,,9999.986410000005,9999.986410000005,-0.0004999999999999449,9999.985910000005
2021-10-08 01:00:00,1.15582,1.15588,1.15561,1.15571,1,1.0,1,1,1.15582,False,False,,,,,,9999.986410000005,9999.986410000005,-0.0005999999999999339,9999.985810000006
2021-10-08 01:15:00,1.1557,1.15577,1.15538,1.15555,1,1.0,1,1,1.1557,False,False,,,,,,9999.986410000005,9999.986410000005,-0.0007599999999998719,9999.985650000004
2021-10-08 01:30:00,1.15556,1.1558,1.15542,1.15577,1,1.0,1,1,1.15556,False,False,,,,,,9999.986410000005,9999.986410000005,-0.0005399999999999849,9999.985870000006
2021-10-08 01:45:00,1.15578,1.15586,1.15548,1.1556,1,1.0,1,1,1.15578,False,False,,,,,,9999.986410000005,9999.986410000005,-0.0007099999999999884,9999.985700000005
2021-10-08 02:00:00,1.15559,1.1557,1.1553,1.15532,1,1.0,1,1,1.15559,False,False,,,,,,9999.986410000005,9999.986410000005,-0.0009900000000000464,9999.985420000005
2021-10-08 02:15:00,1.15531,1.15536,1.15506,1.15518,1,1.0,1,1,1.15531,False,False,,,,,,9999.986410000005,9999.986410000005,-0.0011299999999998533,9999.985280000004
2021-10-08 02:30:00,1.15519,1.15537,1.15519,1.15526,1,1.0,1,1,1.15519,False,False,,,,,,9999.986410000005,9999.986410000005,-0.0010499999999999954,9999.985360000004
2021-10-08 02:45:00,1.15527,1.15552,1.15526,1.15546,1,1.0,1,1,1.15527,False,False,,,,,,9999.986410000005,9999.986410000005,-0.0008500000000000174,9999.985560000005
2021-10-08 03:00:00,1.15545,1.15561,1.15537,1.15552,1,1.0,1,1,1.15545,False,False,,,,,,9999.986410000005,9999.986410000005,-0.0007899999999998464,9999.985620000005
2021-10-08 03:15:00,1.15553,1.15553,1.15504,1.15507,1,1.0,1,1,1.15553,False,False,,,,,,9999.986410000005,9999.986410000005,-0.0012399999999999078,9999.985170000005
2021-10-08 03:30:00,1.15505,1.15513,1.15496,1.15506,1,1.0,1,1,1.15505,False,False,,,,,,9999.986410000005,9999.986410000005,-0.0012499999999999734,9999.985160000006
2021-10-08 03:45:00,1.15503,1.15528,1.15498,1.15522,1,1.0,1,1,1.15503,False,False,,,,,,9999.986410000005,9999.986410000005,-0.0010900000000000354,9999.985320000005
2021-10-08 04:00:00,1.15522,1.15535,1.15518,1.15533,1,1.0,1,1,1.15522,False,False,,,,,,9999.986410000005,9999.986410000005,-0.0009799999999999809,9999.985430000004
2021-10-08 04:15:00,1.15534,1.15541,1.15525,1.15538,1,1.0,1,1,1.15534,False,False,,,,,,9999.986410000005,9999.986410000005,-0.0009299999999998754,9999.985480000005
2021-10-08 04:30:00,1.15538,1.15538,1.15507,1.15508,1,1.0,1,1,1.15538,False,False,,,,,,9999.986410000005,9999.986410000005,-0.0012299999999998423,9999.985180000005
2021-10-08 04:45:00,1.15507,1.15507,1.15473,1.15481,1,1.0,1,1,1.15507,False,False,,,,,,9999.986410000005,9999.986410000005,-0.0015000000000000568,9999.984910000005
2021-10-08 05:00:00,1.15483,1.15502,1.15465,1.15502,1,1.0,1,1,1.15483,False,False,,,,,,9999.986410000005,9999.986410000005,-0.0012900000000000134,9999.985120000005
2021-10-08 05:15:00,1.155,1.15528,1.15492,1.155,1,1.0,1,1,1.155,False,False,,,,,,9999.986410000005,9999.986410000005,-0.0013099999999999223,9999.985100000005
2021-10-08 05:30:00,1.15499,1.15522,1.15495,1.15517,1,1.0,1,1,1.15499,False,False,,,,,,9999.986410000005,9999.986410000005,-0.0011399999999999189,9999.985270000005
2021-10-08 05:45:00,1.15516,1.15516,1.15413,1.15421,1,1.0,1,1,1.15516,False,False,,,,,,9999.986410000005,9999.986410000005,-0.0020999999999999908,9999.984310000005
2021-10-08 06:00:00,1.1542,1.15472,1.15416,1.15466,1,1.0,1,1,1.1542,False,False,,,,,,9999.986410000005,9999.986410000005,-0.0016499999999999293,9999.984760000005
2021-10-08 06:15:00,1.15468,1.15487,1.15446,1.15471,1,1.0,1,1,1.15468,False,False,,,,,,9999.986410000005,9999.986410000005,-0.0016000000000000458,9999.984810000005
2021-10-08 06:30:00,1.15472,1.15488,1.15453,1.15465,1,1.0,1,1,1.15472,False,False,,,,,,9999.986410000005,9999.986410000005,-0.0016599999999999948,9999.984750000005
2021-10-08 06:45:00,1.15463,1.15472,1.15438,1.15457,1,1.0,1,1,1.15463,False,False,,,,,,9999.986410000005,9999.986410000005,-0.0017399999999998528,9999.984670000005
2021-10-08 07:00:00,1.15457,1.15512,1.15448,1.15511,1,1.0,1,1,1.15457,False,False,,,,,,9999.986410000005,9999.986410000005,-0.0011999999999998678,9999.985210000004
2021-10-08 07:15:00,1.15511,1.15511,1.15458,1.15463,1,1.0,1,1,1.15511,False,False,,,,,,9999.986410000005,9999.986410000005,-0.0016799999999999038,9999.984730000006
2021-10-08 07:30:00,1.15462,1.15491,1.15441,1.15472,1,1.0,1,1,1.15462,False,False,,,,,,9999.986410000005,9999.986410000005,-0.0015899999999999803,9999.984820000005
2021-10-08 07:45:00,1.15472,1.15489,1.15438,1.15478,1,1.0,1,1,1.15472,False,False,,,,,,9999.986410000005,9999.986410000005,-0.0015300000000000313,9999.984880000005
2021-10-08 08:00:00,1.15476,1.15487,1.15454,1.1547,1,1.0,1,1,1.15476,False,False,,,,,,9999.986410000005,9999.986410000005,-0.0016099999999998893,9999.984800000006
2021-10-08 08:15:00,1.15472,1.1549,1.15432,1.15476,1,1.0,1,1,1.15472,False,False,,,,,,9999.986410000005,9999.986410000005,-0.0015499999999999403,9999.984860000004
2021-10-08 08:30:00,1.15475,1.15525,1.15474,1.15514,1,1.0,1,1,1.15475,False,False,,,,,,9999.986410000005,9999.986410000005,-0.0011699999999998933,9999.985240000005
2021-10-08 08:45:00,1.15517,1.15563,1.15507,1.15535,1,1.0,1,1,1.15517,False,False,,,,,,9999.986410000005,9999.986410000005,-0.0009599999999998499,9999.985450000006
2021-10-08 09:00:00,1.15535,1.15611,1.15532,1.15608,1,1.0,1,1,1.15535,False,False,,,,,,9999.986410000005,9999.986410000005,-0.00022999999999995246,9999.986180000005
2021-10-08 09:15:00,1.15608,1.15612,1.15576,1.15598,1,1.0,1,1,1.15608,False,False,,,,,,9999.986410000005,9999.986410000005,-0.00032999999999994145,9999.986080000004
2021-10-08 09:30:00,1.15599,1.15679,1.15576,1.15665,1,1.0,1,1,1.15599,False,False,,,,,,9999.986410000005,9999.986410000005,0.00034000000000000696,9999.986750000005
2021-10-08 09:45:00,1.15666,1.15692,1.15651,1.15672,1,1.0,1,1,1.15666,False,False,,,,,,9999.986410000005,9999.986410000005,0.00041000000000002146,9999.986820000006
2021-10-08 10:00:00,1.15673,1.15681,1.1566,1.15668,1,1.0,1,1,1.15673,False,False,,,,,,9999.986410000005,9999.986410000005,0.00036999999999998145,9999.986780000005
2021-10-08 10:15:00,1.15669,1.1568,1.15648,1.15665,1,1.0,1,1,1.15669,False,False,,,,,,9999.986410000005,9999.986410000005,0.00034000000000000696,9999.986750000005
2021-10-08 10:30:00,1.15665,1.15678,1.15638,1.1564,1,1.0,1,1,1.15665,False,False,,,,,,9999.986410000005,9999.986410000005,9.000000000014552e-05,9999.986500000005
2021-10-08 10:45:00,1.1564,1.15641,1.15604,1.15629,1,1.0,1,1,1.1564,False,False,,,,,,9999.986410000005,9999.986410000005,-1.999999999990898e-05,9999.986390000005
2021-10-08 11:00:00,1.15628,1.15628,1.15587,1.15606,1,1.0,1,1,1.15628,False,False,,,,,,9999.986410000005,9999.986410000005,-0.00024999999999986144,9999.986160000006
2021-10-08 11:15:00,1.15606,1.15616,1.15584,1.15586,1,1.0,1,1,1.15606,False,False,,,,,,9999.986410000005,9999.986410000005,-0.0004499999999998394,9999.985960000005
2021-10-08 11:30:00,1.15587,1.15595,1.15557,1.15578,1,1.0,1,1,1.15587,False,False,,,,,,9999.986410000005,9999.986410000005,-0.0005299999999999194,9999.985880000006
2021-10-08 11:45:00,1.15579,1.15622,1.15558,1.15621,1,1.0,1,1,1.15579,False,False,,,,,,9999.986410000005,9999.986410000005,-9.999999999998899e-05,9999.986310000006
2021-10-08 12:00:00,1.15621,1.15686,1.15608,1.15681,1,1.0,1,1,1.15621,False,False,,,,,,9999.986410000005,9999.986410000005,0.0004999999999999449,9999.986910000005
2021-10-08 12:15:00,1.15681,1.157,1.15621,1.15653,1,1.0,1,1,1.15681,False,False,,,,,,9999.986410000005,9999.986410000005,0.000220000000000109,9999.986630000005
2021-10-08 12:30:00,1.15654,1.15861,1.1564,1.15756,1,1.0,1,1,1.15654,False,False,,,,,,9999.986410000005,9999.986410000005,0.0012499999999999734,9999.987660000004
2021-10-08 12:45:00,1.15753,1.15801,1.1568,1.15707,1,1.0,1,1,1.15753,False,False,,,,,,9999.986410000005,9999.986410000005,0.0007600000000000939,9999.987170000006
2021-10-08 13:00:00,1.15708,1.15786,1.157,1.15719,1,1.0,1,1,1.15708,False,False,,,,,,9999.986410000005,9999.986410000005,0.0008799999999999919,9999.987290000005
2021-10-08 13:15:00,1.15719,1.15723,1.15615,1.15647,1,1.0,1,1,1.15719,False,False,,,,,,9999.986410000005,9999.986410000005,0.00016000000000016001,9999.986570000005
2021-10-08 13:30:00,1.15647,1.15663,1.15588,1.15614,1,1.0,1,1,1.15647,False,False,,,,,,9999.986410000005,9999.986410000005,-0.00017000000000000348,9999.986240000006
2021-10-08 13:45:00,1.15613,1.15673,1.15557,1.15639,1,1.0,1,1,1.15613,False,False,,,,,,9999.986410000005,9999.986410000005,8.000000000008001e-05,9999.986490000005
2021-10-08 14:00:00,1.15637,1.1571,1.15632,1.15692,1,1.0,1,1,1.15637,False,False,,,,,,9999.986410000005,9999.986410000005,0.0006099999999999994,9999.987020000004
2021-10-08 14:15:00,1.15691,1.15724,1.15655,1.1572,1,1.0,1,1,1.15691,False,False,,,,,,9999.986410000005,9999.986410000005,0.0008900000000000574,9999.987300000004
2021-10-08 14:30:00,1.1572,1.15748,1.1568,1.15748,1,1.0,1,1,1.1572,False,False,,,,,,9999.986410000005,9999.986410000005,0.0011700000000001154,9999.987580000005
2021-10-08 14:45:00,1.15747,1.15766,1.15696,1.15733,1,1.0,1,1,1.15747,False,False,,,,,,9999.986410000005,9999.986410000005,0.0010200000000000209,9999.987430000005
2021-10-08 15:00:00,1.15732,1.15777,1.15726,1.15777,1,1.0,1,1,1.15732,False,False,,,,,,9999.986410000005,9999.986410000005,0.0014600000000000168,9999.987870000004
2021-10-08 15:15:00,1.15779,1.15794,1.15695,1.15705,0,1.0,1,1,1.15779,False,False,,,,,,9999.986410000005,9999.986410000005,0.0007399999999999629,9999.987150000004
2021-10-08 15:30:00,1.15703,1.15721,1.15689,1.15707,0,0.0,1,0,1.15703,False,True,1.0,1.15631,1.15703,0.0007200000000000539,8e-05,9999.986410000005,9999.987050000005,0.0,9999.987050000005
2021-10-08 15:45:00,1.15707,1.15755,1.15691,1.1572,0,0.0,0,0,1.15707,False,False,,,,,,9999.987050000005,9999.987050000005,0.0,9999.987050000005
2021-10-08 16:00:00,1.1572,1.15721,1.15656,1.1567,0,0.0,0,0,1.1572,False,False,,,,,,9999.987050000005,9999.987050000005,0.0,9999.987050000005
2021-10-08 16:15:00,1.15672,1.15674,1.15616,1.15617,0,0.0,0,0,1.15672,False,False,,,,,,9999.987050000005,9999.987050000005,0.0,9999.987050000005
2021-10-08 16:30:00,1.15616,1.15656,1.15609,1.15641,0,0.0,0,0,1.15616,False,False,,,,,,9999.987050000005,9999.987050000005,0.0,9999.987050000005
2021-10-08 16:45:00,1.1564,1.15653,1.15628,1.15641,0,0.0,0,0,1.1564,False,False,,,,,,9999.987050000005,9999.987050000005,0.0,9999.987050000005
2021-10-08 17:00:00,1.15642,1.15644,1.15614,1.15628,0,0.0,0,0,1.15642,False,False,,,,,,9999.987050000005,9999.987050000005,0.0,9999.987050000005
2021-10-08 17:15:00,1.15627,1.15629,1.15596,1.15616,0,0.0,0,0,1.15627,False,False,,,,,,9999.987050000005,9999.987050000005,0.0,9999.987050000005
2021-10-08 17:30:00,1.15617,1.15652,1.15611,1.15626,0,0.0,0,0,1.15617,False,False,,,,,,9999.987050000005,9999.987050000005,0.0,9999.987050000005
2021-10-08 17:45:00,1.15627,1.15683,1.15627,1.15681,0,0.0,0,0,1.15627,False,False,,,,,,9999.987050000005,9999.987050000005,0.0,9999.987050000005
2021-10-08 18:00:00,1.15682,1.15732,1.15677,1.1573,0,0.0,0,0,1.15682,False,False,,,,,,9999.987050000005,9999.987050000005,0.0,9999.987050000005
2021-10-08 18:15:00,1.1573,1.15758,1.15725,1.15754,0,0.0,0,0,1.1573,False,False,,,,,,9999.987050000005,9999.987050000005,0.0,9999.987050000005
2021-10-08 18:30:00,1.15754,1.15773,1.15753,1.15765,0,0.0,0,0,1.15754,False,False,,,,,,9999.987050000005,9999.987050000005,0.0,9999.987050000005
2021-10-08 18:45:00,1.15765,1.15781,1.15757,1.15769,0,0.0,0,0,1.15765,False,False,,,,,,9999.987050000005,9999.987050000005,0.0,9999.987050000005
2021-10-08 19:00:00,1.15771,1.15776,1.15748,1.15755,0,0.0,0,0,1.15771,False,False,,,,,,9999.987050000005,9999.987050000005,0.0,9999.987050000005
2021-10-08 19:15:00,1.15754,1.15766,1.15714,1.1572,0,0.0,0,0,1.15754,False,False,,,,,,9999.987050000005,9999.987050000005,0.0,9999.987050000005
2021-10-08 19:30:00,1.1572,1.15725,1.15696,1.15702,0,0.0,0,0,1.1572,False,False,,,,,,9999.987050000005,9999.987050000005,0.0,9999.987050000005
2021-10-08 19:45:00,1.15701,1.15725,1.1568,1.15712,0,0.0,0,0,1.15701,False,False,,,,,,9999.987050000005,9999.987050000005,0.0,9999.987050000005
2021-10-08 20:00:00,1.15711,1.15726,1.15693,1.15721,0,0.0,0,0,1.15711,False,False,,,,,,9999.987050000005,9999.987050000005,0.0,9999.987050000005
2021-10-08 20:15:00,1.15722,1.15748,1.15718,1.15746,0,0.0,0,0,1.15722,False,False,,,,,,9999.987050000005,9999.987050000005,0.0,9999.987050000005
2021-10-08 20:30:00,1.15743,1.15743,1.15714,1.15723,0,0.0,0,0,1.15743,False,False,,,,,,9999.987050000005,9999.987050000005,0.0,9999.987050000005
2021-10-08 20:45:00,1.15723,1.15753,1.15706,1.15721,0,0.0,0,0,1.15723,False,False,,,,,,9999.987050000005,9999.987050000005,0.0,9999.987050000005
2021-10-10 21:00:00,1.15674,1.1572,1.15662,1.15713,0,0.0,0,0,1.15674,False,False,,,,,,9999.987050000005,9999.987050000005,0.0,9999.987050000005
2021-10-10 21:15:00,1.15713,1.15714,1.15713,1.15713,0,0.0,0,0,1.15713,False,False,,,,,,9999.987050000005,9999.987050000005,0.0,9999.987050000005
2021-10-10 21:30:00,1.15713,1.15716,1.15713,1.15713,0,0.0,0,0,1.15713,False,False,,,,,,9999.987050000005,9999.987050000005,0.0,9999.987050000005
2021-10-10 21:45:00,1.15715,1.15719,1.15713,1.15715,0,0.0,0,0,1.15715,False,False,,,,,,9999.987050000005,9999.987050000005,0.0,9999.987050000005
2021-10-10 22:00:00,1.15713,1.15759,1.15713,1.15728,0,0.0,0,0,1.15713,False,False,,,,,,9999.987050000005,9999.987050000005,0.0,9999.987050000005
2021-10-10 22:15:00,1.15728,1.15735,1.15705,1.15706,0,0.0,0,0,1.15728,False,False,,,,,,9999.987050000005,9999.987050000005,0.0,9999.987050000005
2021-10-10 22:30:00,1.15706,1.15716,1.15688,1.15707,0,0.0,0,0,1.15706,False,False,,,,,,9999.987050000005,9999.987050000005,0.0,9999.987050000005
2021-10-10 22:45:00,1.15706,1.15711,1.15692,1.15692,0,0.0,0,0,1.15706,False,False,,,,,,9999.987050000005,9999.987050000005,0.0,9999.987050000005
2021-10-10 23:00:00,1.15694,1.15697,1.15678,1.15681,0,0.0,0,0,1.15694,False,False,,,,,,9999.987050000005,9999.987050000005,0.0,9999.987050000005
2021-10-10 23:15:00,1.15683,1.15684,1.15672,1.15676,0,0.0,0,0,1.15683,False,False,,,,,,9999.987050000005,9999.987050000005,0.0,9999.987050000005
2021-10-10 23:30:00,1.15676,1.15676,1.15636,1.15647,0,0.0,0,0,1.15676,False,False,,,,,,9999.987050000005,9999.987050000005,0.0,9999.987050000005
2021-10-10 23:45:00,1.15645,1.15661,1.15639,1.15653,0,0.0,0,0,1.15645,False,False,,,,,,9999.987050000005,9999.987050000005,0.0,9999.987050000005
2021-10-11 00:00:00,1.15655,1.15747,1.15649,1.15743,0,0.0,0,0,1.15655,False,False,,,,,,9999.987050000005,9999.987050000005,0.0,9999.987050000005
2021-10-11 00:15:00,1.15743,1.1577,1.15735,1.15759,0,0.0,0,0,1.15743,False,False,,,,,,9999.987050000005,9999.987050000005,0.0,9999.987050000005
2021-10-11 00:30:00,1.15759,1.15777,1.15755,1.15761,0,0.0,0,0,1.15759,False,False,,,,,,9999.987050000005,9999.987050000005,0.0,9999.987050000005
2021-10-11 00:45:00,1.15761,1.15772,1.1574,1.15745,0,0.0,0,0,1.15761,False,False,,,,,,9999.987050000005,9999.987050000005,0.0,9999.987050000005
2021-10-11 01:00:00,1.15746,1.15757,1.15724,1.15748,0,0.0,0,0,1.15746,False,False,,,,,,9999.987050000005,9999.987050000005,0.0,9999.987050000005
2021-10-11 01:15:00,1.1575,1.15777,1.15741,1.15742,0,0.0,0,0,1.1575,False,False,,,,,,9999.987050000005,9999.987050000005,0.0,9999.987050000005
2021-10-11 01:30:00,1.15741,1.15792,1.1574,1.15766,0,0.0,0,0,1.15741,False,False,,,,,,9999.987050000005,9999.987050000005,0.0,9999.987050000005
2021-10-11 01:45:00,1.15768,1.15772,1.15732,1.15738,0,0.0,0,0,1.15768,False,False,,,,,,9999.987050000005,9999.987050000005,0.0,9999.987050000005
2021-10-11 02:00:00,1.15737,1.15757,1.15727,1.15754,0,0.0,0,0,1.15737,False,False,,,,,,9999.987050000005,9999.987050000005,0.0,9999.987050000005
2021-10-11 02:15:00,1.15755,1.15757,1.15705,1.1571,0,0.0,0,0,1.15755,False,False,,,,,,9999.987050000005,9999.987050000005,0.0,9999.987050000005
2021-10-11 02:30:00,1.15711,1.15727,1.15707,1.15717,0,0.0,0,0,1.15711,False,False,,,,,,9999.987050000005,9999.987050000005,0.0,9999.987050000005
2021-10-11 02:45:00,1.15718,1.15728,1.15707,1.15707,0,0.0,0,0,1.15718,False,False,,,,,,9999.987050000005,9999.987050000005,0.0,9999.987050000005
2021-10-11 03:00:00,1.15708,1.15717,1.15686,1.15691,0,0.0,0,0,1.15708,False,False,,,,,,9999.987050000005,9999.987050000005,0.0,9999.987050000005
2021-10-11 03:15:00,1.1569,1.15719,1.1569,1.15707,0,0.0,0,0,1.1569,False,False,,,,,,9999.987050000005,9999.987050000005,0.0,9999.987050000005
2021-10-11 03:30:00,1.15707,1.15723,1.15696,1.15697,0,0.0,0,0,1.15707,False,False,,,,,,9999.987050000005,9999.987050000005,0.0,9999.987050000005
2021-10-11 03:45:00,1.15698,1.15723,1.15681,1.15722,0,0.0,0,0,1.15698,False,False,,,,,,9999.987050000005,9999.987050000005,0.0,9999.987050000005
2021-10-11 04:00:00,1.1572,1.1572,1.15697,1.15701,0,0.0,0,0,1.1572,False,False,,,,,,9999.987050000005,9999.987050000005,0.0,9999.987050000005
2021-10-11 04:15:00,1.15703,1.15716,1.15703,1.15711,0,0.0,0,0,1.15703,False,False,,,,,,9999.987050000005,9999.987050000005,0.0,9999.987050000005
2021-10-11 04:30:00,1.15712,1.15717,1.15702,1.15712,0,0.0,0,0,1.15712,False,False,,,,,,9999.987050000005,9999.987050000005,0.0,9999.987050000005
2021-10-11 04:45:00,1.15713,1.15728,1.15708,1.15723,0,0.0,0,0,1.15713,False,False,,,,,,9999.987050000005,9999.987050000005,0.0,9999.987050000005
2021-10-11 05:00:00,1.15722,1.15742,1.15712,1.1574,0,0.0,0,0,1.15722,False,False,,,,,,9999.987050000005,9999.987050000005,0.0,9999.987050000005
2021-10-11 05:15:00,1.1574,1.15754,1.15723,1.15724,0,0.0,0,0,1.1574,False,False,,,,,,9999.987050000005,9999.987050000005,0.0,9999.987050000005
2021-10-11 05:30:00,1.15725,1.15747,1.15721,1.15739,0,0.0,0,0,1.15725,False,False,,,,,,9999.987050000005,9999.987050000005,0.0,9999.987050000005
2021-10-11 05:45:00,1.15737,1.15746,1.15713,1.15732,0,0.0,0,0,1.15737,False,False,,,,,,9999.987050000005,9999.987050000005,0.0,9999.987050000005
2021-10-11 06:00:00,1.15735,1.15816,1.15722,1.15772,0,0.0,0,0,1.15735,False,False,,,,,,9999.987050000005,9999.987050000005,0.0,9999.987050000005
2021-10-11 06:15:00,1.15771,1.15816,1.15761,1.15812,0,0.0,0,0,1.15771,False,False,,,,,,9999.987050000005,9999.987050000005,0.0,9999.987050000005
2021-10-11 06:30:00,1.15812,1.15861,1.15796,1.1586,0,0.0,0,0,1.15812,False,False,,,,,,9999.987050000005,9999.987050000005,0.0,9999.987050000005
2021-10-11 06:45:00,1.15861,1.15867,1.15825,1.15829,0,0.0,0,0,1.15861,False,False,,,,,,9999.987050000005,9999.987050000005,0.0,9999.987050000005
2021-10-11 07:00:00,1.15829,1.15837,1.15769,1.15795,0,0.0,0,0,1.15829,False,False,,,,,,9999.987050000005,9999.987050000005,0.0,9999.987050000005
2021-10-11 07:15:00,1.15795,1.158,1.15742,1.15755,0,0.0,0,0,1.15795,False,False,,,,,,9999.987050000005,9999.987050000005,0.0,9999.987050000005
2021-10-11 07:30:00,1.15753,1.15783,1.15736,1.1575,0,0.0,0,0,1.15753,False,False,,,,,,9999.987050000005,9999.987050000005,0.0,9999.987050000005
2021-10-11 07:45:00,1.15751,1.15765,1.15713,1.15738,0,0.0,0,0,1.15751,False,False,,,,,,9999.987050000005,9999.987050000005,0.0,9999.987050000005
2021-10-11 08:00:00,1.1574,1.15758,1.15719,1.15738,0,0.0,0,0,1.1574,False,False,,,,,,9999.987050000005,9999.987050000005,0.0,9999.987050000005
2021-10-11 08:15:00,1.1574,1.15747,1.15641,1.15661,0,0.0,0,0,1.1574,False,False,,,,,,9999.987050000005,9999.987050000005,0.0,9999.987050000005
2021-10-11 08:30:00,1.15662,1.15748,1.15655,1.15736,0,0.0,0,0,1.15662,False,False,,,,,,9999.987050000005,9999.987050000005,0.0,9999.987050000005
2021-10-11 08:45:00,1.15735,1.15742,1.15692,1.15698,0,0.0,0,0,1.15735,False,False,,,,,,9999.987050000005,9999.987050000005,0.0,9999.987050000005
2021-10-11 09:00:00,1.15699,1.15715,1.15583,1.15583,0,0.0,0,0,1.15699,False,False,,,,,,9999.987050000005,9999.987050000005,0.0,9999.987050000005
2021-10-11 09:15:00,1.15582,1.15587,1.15556,1.15562,0,0.0,0,0,1.15582,False,False,,,,,,9999.987050000005,9999.987050000005,0.0,9999.987050000005
2021-10-11 09:30:00,1.15562,1.1558,1.15522,1.15523,0,0.0,0,0,1.15562,False,False,,,,,,9999.987050000005,9999.987050000005,0.0,9999.987050000005
2021-10-11 09:45:00,1.15523,1.15554,1.15521,1.15553,0,0.0,0,0,1.15523,False,False,,,,,,9999.987050000005,9999.987050000005,0.0,9999.987050000005
2021-10-11 10:00:00,1.15552,1.15602,1.15538,1.156,0,0.0,0,0,1.15552,False,False,,,,,,9999.987050000005,9999.987050000005,0.0,9999.987050000005
2021-10-11 10:15:00,1.15601,1.15621,1.15598,1.15611,0,0.0,0,0,1.15601,False,False,,,,,,9999.987050000005,9999.987050000005,0.0,9999.987050000005
2021-10-11 10:30:00,1.15611,1.15636,1.1558,1.15633,0,0.0,0,0,1.15611,False,False,,,,,,9999.987050000005,9999.987050000005,0.0,9999.987050000005
2021-10-11 10:45:00,1.15633,1.15672,1.15625,1.15662,0,0.0,0,0,1.15633,False,False,,,,,,9999.987050000005,9999.987050000005,0.0,9999.987050000005
2021-10-11 11:00:00,1.15662,1.15669,1.1561,1.15663,0,0.0,0,0,1.15662,False,False,,,,,,9999.987050000005,9999.987050000005,0.0,9999.987050000005
2021-10-11 11:15:00,1.15664,1.15705,1.15655,1.15705,0,0.0,0,0,1.15664,False,False,,,,,,9999.987050000005,9999.987050000005,0.0,9999.987050000005
2021-10-11 11:30:00,1.15704,1.15717,1.15684,1.15713,0,0.0,0,0,1.15704,False,False,,,,,,9999.987050000005,9999.987050000005,0.0,9999.987050000005
2021-10-11 11:45:00,1.15715,1.15731,1.15674,1.15683,0,0.0,0,0,1.15715,False,False,,,,,,9999.987050000005,9999.987050000005,0.0,9999.987050000005
2021-10-11 12:00:00,1.15683,1.15738,1.1568,1.15734,0,0.0,0,0,1.15683,False,False,,,,,,9999.987050000005,9999.987050000005,0.0,9999.987050000005
2021-10-11 12:15:00,1.15735,1.15737,1.15689,1.15698,0,0.0,0,0,1.15735,False,False,,,,,,9999.987050000005,9999.987050000005,0.0,9999.987050000005
2021-10-11 12:30:00,1.15698,1.157,1.15624,1.15644,0,0.0,0,0,1.15698,False,False,,,,,,9999.987050000005,9999.987050000005,0.0,9999.987050000005
2021-10-11 12:45:00,1.15645,1.15646,1.15599,1.15611,0,0.0,0,0,1.15645,False,False,,,,,,9999.987050000005,9999.987050000005,0.0,9999.987050000005
2021-10-11 13:00:00,1.15612,1.15661,1.15611,1.15654,0,0.0,0,0,1.15612,False,False,,,,,,9999.987050000005,9999.987050000005,0.0,9999.987050000005
2021-10-11 13:15:00,1.15654,1.15709,1.15636,1.15701,0,0.0,0,0,1.15654,False,False,,,,,,9999.987050000005,9999.987050000005,0.0,9999.987050000005
2021-10-11 13:30:00,1.15701,1.15776,1.15681,1.15769,0,0.0,0,0,1.15701,False,False,,,,,,9999.987050000005,9999.987050000005,0.0,9999.987050000005
2021-10-11 13:45:00,1.15769,1.15799,1.15751,1.15767,0,0.0,0,0,1.15769,False,False,,,,,,9999.987050000005,9999.987050000005,0.0,9999.987050000005
2021-10-11 14:00:00,1.15768,1.15836,1.15756,1.15813,0,0.0,0,0,1.15768,False,False,,,,,,9999.987050000005,9999.987050000005,0.0,9999.987050000005
2021-10-11 14:15:00,1.15812,1.15837,1.15771,1.15773,0,0.0,0,0,1.15812,False,False,,,,,,9999.987050000005,9999.987050000005,0.0,9999.987050000005
2021-10-11 14:30:00,1.15774,1.15814,1.15762,1.15763,0,0.0,0,0,1.15774,False,False,,,,,,9999.987050000005,9999.987050000005,0.0,9999.987050000005
2021-10-11 14:45:00,1.15761,1.1577,1.15717,1.15721,0,0.0,0,0,1.15761,False,False,,,,,,9999.987050000005,9999.987050000005,0.0,9999.987050000005
2021-10-11 15:00:00,1.1572,1.15748,1.15711,1.15734,0,0.0,0,0,1.1572,False,False,,,,,,9999.987050000005,9999.987050000005,0.0,9999.987050000005
2021-10-11 15:15:00,1.15734,1.15739,1.15716,1.15732,0,0.0,0,0,1.15734,False,False,,,,,,9999.987050000005,9999.987050000005,0.0,9999.987050000005
2021-10-11 15:30:00,1.15733,1.15748,1.15717,1.15739,0,0.0,0,0,1.15733,False,False,,,,,,9999.987050000005,9999.987050000005,0.0,9999.987050000005
2021-10-11 15:45:00,1.1574,1.15745,1.1571,1.15723,0,0.0,0,0,1.1574,False,False,,,,,,9999.987050000005,9999.987050000005,0.0,9999.987050000005
2021-10-11 16:00:00,1.15723,1.15724,1.15684,1.15693,0,0.0,0,0,1.15723,False,False,,,,,,9999.987050000005,9999.987050000005,0.0,9999.987050000005
